-- MySQL dump 10.13  Distrib 8.0.12, for Win64 (x86_64)
--
-- Host: localhost    Database: competition
-- ------------------------------------------------------
-- Server version	8.0.12

/*!40101 SET @OLD_CHARACTER_SET_CLIENT=@@CHARACTER_SET_CLIENT */;
/*!40101 SET @OLD_CHARACTER_SET_RESULTS=@@CHARACTER_SET_RESULTS */;
/*!40101 SET @OLD_COLLATION_CONNECTION=@@COLLATION_CONNECTION */;
 SET NAMES utf8 ;
/*!40103 SET @OLD_TIME_ZONE=@@TIME_ZONE */;
/*!40103 SET TIME_ZONE='+00:00' */;
/*!40014 SET @OLD_UNIQUE_CHECKS=@@UNIQUE_CHECKS, UNIQUE_CHECKS=0 */;
/*!40014 SET @OLD_FOREIGN_KEY_CHECKS=@@FOREIGN_KEY_CHECKS, FOREIGN_KEY_CHECKS=0 */;
/*!40101 SET @OLD_SQL_MODE=@@SQL_MODE, SQL_MODE='NO_AUTO_VALUE_ON_ZERO' */;
/*!40111 SET @OLD_SQL_NOTES=@@SQL_NOTES, SQL_NOTES=0 */;

--
-- Table structure for table `admin`
--

DROP TABLE IF EXISTS `admin`;
/*!40101 SET @saved_cs_client     = @@character_set_client */;
 SET character_set_client = utf8mb4 ;
CREATE TABLE `admin` (
  `admin_id` int(11) NOT NULL AUTO_INCREMENT,
  `admin_name` varchar(45) DEFAULT NULL,
  `passwordd` varchar(45) DEFAULT NULL,
  PRIMARY KEY (`admin_id`)
) ENGINE=InnoDB AUTO_INCREMENT=2 DEFAULT CHARSET=utf8mb4 COLLATE=utf8mb4_0900_ai_ci;
/*!40101 SET character_set_client = @saved_cs_client */;

--
-- Dumping data for table `admin`
--

LOCK TABLES `admin` WRITE;
/*!40000 ALTER TABLE `admin` DISABLE KEYS */;
INSERT INTO `admin` VALUES (1,'Radha33','radha');
/*!40000 ALTER TABLE `admin` ENABLE KEYS */;
UNLOCK TABLES;

--
-- Table structure for table `admin_login`
--

DROP TABLE IF EXISTS `admin_login`;
/*!40101 SET @saved_cs_client     = @@character_set_client */;
 SET character_set_client = utf8mb4 ;
CREATE TABLE `admin_login` (
  `admin_login_id` int(11) NOT NULL AUTO_INCREMENT,
  `name` varchar(45) DEFAULT NULL,
  `passwordd` varchar(45) DEFAULT NULL,
  PRIMARY KEY (`admin_login_id`)
) ENGINE=InnoDB DEFAULT CHARSET=utf8mb4 COLLATE=utf8mb4_0900_ai_ci;
/*!40101 SET character_set_client = @saved_cs_client */;

--
-- Dumping data for table `admin_login`
--

LOCK TABLES `admin_login` WRITE;
/*!40000 ALTER TABLE `admin_login` DISABLE KEYS */;
/*!40000 ALTER TABLE `admin_login` ENABLE KEYS */;
UNLOCK TABLES;

--
-- Table structure for table `author`
--

DROP TABLE IF EXISTS `author`;
/*!40101 SET @saved_cs_client     = @@character_set_client */;
 SET character_set_client = utf8mb4 ;
CREATE TABLE `author` (
  `author_id` int(11) NOT NULL AUTO_INCREMENT,
  `author_name` varchar(50) NOT NULL,
  PRIMARY KEY (`author_id`)
) ENGINE=InnoDB AUTO_INCREMENT=5 DEFAULT CHARSET=utf8mb4 COLLATE=utf8mb4_0900_ai_ci;
/*!40101 SET character_set_client = @saved_cs_client */;

--
-- Dumping data for table `author`
--

LOCK TABLES `author` WRITE;
/*!40000 ALTER TABLE `author` DISABLE KEYS */;
INSERT INTO `author` VALUES (1,'A.P.J.Abdul Kalam'),(2,'R.K.Narayan'),(3,'Dominique Lapierre'),(4,'Larry Collins');
/*!40000 ALTER TABLE `author` ENABLE KEYS */;
UNLOCK TABLES;

--
-- Table structure for table `author_book`
--

DROP TABLE IF EXISTS `author_book`;
/*!40101 SET @saved_cs_client     = @@character_set_client */;
 SET character_set_client = utf8mb4 ;
CREATE TABLE `author_book` (
  `author_book_id` int(11) NOT NULL AUTO_INCREMENT,
  `author_id` int(11) NOT NULL,
  `book_id` int(11) NOT NULL,
  PRIMARY KEY (`author_book_id`),
  KEY `book_id` (`book_id`),
  KEY `author_id` (`author_id`),
  CONSTRAINT `author_book_ibfk_1` FOREIGN KEY (`book_id`) REFERENCES `book` (`book_id`),
  CONSTRAINT `author_book_ibfk_2` FOREIGN KEY (`author_id`) REFERENCES `author` (`author_id`)
) ENGINE=InnoDB AUTO_INCREMENT=6 DEFAULT CHARSET=utf8mb4 COLLATE=utf8mb4_0900_ai_ci;
/*!40101 SET character_set_client = @saved_cs_client */;

--
-- Dumping data for table `author_book`
--

LOCK TABLES `author_book` WRITE;
/*!40000 ALTER TABLE `author_book` DISABLE KEYS */;
INSERT INTO `author_book` VALUES (1,1,1),(2,1,2),(3,2,3),(4,3,4),(5,4,4);
/*!40000 ALTER TABLE `author_book` ENABLE KEYS */;
UNLOCK TABLES;

--
-- Table structure for table `book`
--

DROP TABLE IF EXISTS `book`;
/*!40101 SET @saved_cs_client     = @@character_set_client */;
 SET character_set_client = utf8mb4 ;
CREATE TABLE `book` (
  `book_id` int(11) NOT NULL AUTO_INCREMENT,
  `book_title` varchar(60) NOT NULL,
  `book_edition` int(11) DEFAULT NULL,
  PRIMARY KEY (`book_id`)
) ENGINE=InnoDB AUTO_INCREMENT=5 DEFAULT CHARSET=utf8mb4 COLLATE=utf8mb4_0900_ai_ci;
/*!40101 SET character_set_client = @saved_cs_client */;

--
-- Dumping data for table `book`
--

LOCK TABLES `book` WRITE;
/*!40000 ALTER TABLE `book` DISABLE KEYS */;
INSERT INTO `book` VALUES (1,'Wings of fire',5),(2,'India 2020',3),(3,'Swami and friends',2),(4,'Freedom at midnight',5);
/*!40000 ALTER TABLE `book` ENABLE KEYS */;
UNLOCK TABLES;

--
-- Table structure for table `college`
--

DROP TABLE IF EXISTS `college`;
/*!40101 SET @saved_cs_client     = @@character_set_client */;
 SET character_set_client = utf8mb4 ;
CREATE TABLE `college` (
  `college_id` int(11) NOT NULL AUTO_INCREMENT,
  `college_name` varchar(30) DEFAULT NULL,
  PRIMARY KEY (`college_id`)
) ENGINE=InnoDB AUTO_INCREMENT=9 DEFAULT CHARSET=utf8mb4 COLLATE=utf8mb4_0900_ai_ci;
/*!40101 SET character_set_client = @saved_cs_client */;

--
-- Dumping data for table `college`
--

LOCK TABLES `college` WRITE;
/*!40000 ALTER TABLE `college` DISABLE KEYS */;
INSERT INTO `college` VALUES (1,'Kongu Engineering College'),(3,'PSG Engineering College'),(4,'Anna University');
/*!40000 ALTER TABLE `college` ENABLE KEYS */;
UNLOCK TABLES;

--
-- Table structure for table `corporate_training`
--

DROP TABLE IF EXISTS `corporate_training`;
/*!40101 SET @saved_cs_client     = @@character_set_client */;
 SET character_set_client = utf8mb4 ;
CREATE TABLE `corporate_training` (
  `corporate_training_id` int(11) NOT NULL AUTO_INCREMENT,
  `corporate_training_type_id` int(11) NOT NULL,
  `training_program_type_id` int(11) DEFAULT NULL,
  PRIMARY KEY (`corporate_training_id`),
  KEY `corporate_training_type_id_fk_idx` (`corporate_training_type_id`),
  KEY `training_program_type_id_fk3_idx` (`training_program_type_id`),
  CONSTRAINT `corporate_training_type_id_fk` FOREIGN KEY (`corporate_training_type_id`) REFERENCES `corporate_training_type` (`corporate_training_type_id`),
  CONSTRAINT `training_program_type_id_fk3` FOREIGN KEY (`training_program_type_id`) REFERENCES `training_program_type` (`training_program_type_id`)
) ENGINE=InnoDB DEFAULT CHARSET=utf8mb4 COLLATE=utf8mb4_0900_ai_ci;
/*!40101 SET character_set_client = @saved_cs_client */;

--
-- Dumping data for table `corporate_training`
--

LOCK TABLES `corporate_training` WRITE;
/*!40000 ALTER TABLE `corporate_training` DISABLE KEYS */;
/*!40000 ALTER TABLE `corporate_training` ENABLE KEYS */;
UNLOCK TABLES;

--
-- Table structure for table `corporate_training_type`
--

DROP TABLE IF EXISTS `corporate_training_type`;
/*!40101 SET @saved_cs_client     = @@character_set_client */;
 SET character_set_client = utf8mb4 ;
CREATE TABLE `corporate_training_type` (
  `corporate_training_type_id` int(11) NOT NULL AUTO_INCREMENT,
  `mode_of_training` varchar(45) DEFAULT NULL,
  `no_of_certification_courses` int(11) DEFAULT NULL,
  `total_days` int(11) DEFAULT NULL,
  `total_hours` int(11) DEFAULT NULL,
  `hours_per_day` int(11) DEFAULT NULL,
  `package` varchar(45) DEFAULT NULL,
  `cost` double DEFAULT NULL,
  PRIMARY KEY (`corporate_training_type_id`)
) ENGINE=InnoDB AUTO_INCREMENT=3 DEFAULT CHARSET=utf8mb4 COLLATE=utf8mb4_0900_ai_ci;
/*!40101 SET character_set_client = @saved_cs_client */;

--
-- Dumping data for table `corporate_training_type`
--

LOCK TABLES `corporate_training_type` WRITE;
/*!40000 ALTER TABLE `corporate_training_type` DISABLE KEYS */;
INSERT INTO `corporate_training_type` VALUES (1,'class',30,40,40,1,'25000',30000),(2,'class',30,80,40,2,'50000',40000);
/*!40000 ALTER TABLE `corporate_training_type` ENABLE KEYS */;
UNLOCK TABLES;

--
-- Table structure for table `course`
--

DROP TABLE IF EXISTS `course`;
/*!40101 SET @saved_cs_client     = @@character_set_client */;
 SET character_set_client = utf8mb4 ;
CREATE TABLE `course` (
  `course_id` int(11) NOT NULL AUTO_INCREMENT,
  `name` varchar(100) DEFAULT NULL,
  `code` varchar(45) DEFAULT NULL,
  `syllabus` text,
  `workshop_eligibility` tinyint(4) DEFAULT NULL,
  `research_training_eligibility` tinyint(4) DEFAULT NULL,
  `inplant_training_eligibility` tinyint(4) DEFAULT NULL,
  `corporate_training_eligibility` tinyint(4) DEFAULT NULL,
  `course_category_id` int(11) DEFAULT NULL,
  PRIMARY KEY (`course_id`),
  KEY `course_category_fk_idx` (`course_category_id`),
  CONSTRAINT `course_category_fk` FOREIGN KEY (`course_category_id`) REFERENCES `course_category` (`course_category_id`)
) ENGINE=InnoDB AUTO_INCREMENT=65 DEFAULT CHARSET=utf8mb4 COLLATE=utf8mb4_0900_ai_ci;
/*!40101 SET character_set_client = @saved_cs_client */;

--
-- Dumping data for table `course`
--

LOCK TABLES `course` WRITE;
/*!40000 ALTER TABLE `course` DISABLE KEYS */;
INSERT INTO `course` VALUES (3,'DATA STRUCTURES AND APPLICATION DEVELOPMENT USING C','AD15','C Environment, Basics of C, Decision Making, Loops, Arrays, Strings, Functions, Scope Rules, Structures, Unions, Pointers, Memory Management, Bit Fields, Error Handling, Interaction with Files, Doubly Linked List, Tree Operations, Data base Integration, SQL Operations, Standarad Template Libraries, Algorithms Complexity, Linux Scripting\r\n\r\n\r\n\r\n\r\n\r\n\r\n',0,1,1,1,5),(4,'OBJECT ORIENTED APPLICATION DEVELOPMENT USING C++','AD02','C++ Environment, Basics of C++, Decision Making, Loops,Arrays, Strings, Functions, Scope Rules, Structures, Classes, Objects, Inheritance, Polymorphism ,Interfaces, Error Handling, Interaction with Files,Doubly Linked List, Tree Operations,Data base Integration, SQL Operations,Name spaces, Templates, Multi threading, Algorithms Complexity, Linux Scripting\r\n',1,0,1,1,5),(5,'APPLICATION DEVELOPMENT USING PYTHON AND DATABASES','AD03 ','Python Environment, Basics of Python, Decision Making, Loops,Arrays, Strings, Functions, Scope Rules,Lists, Tuples, Dictionaries,Classes, Objects, Modules, Error Handling, Interaction with Files, Regular Expressions, Networking, Multithreading,Data base Integration, SQL Operations,Exceptions, Algorithms Complexity, Linux Scripting',1,0,1,1,5),(6,'APPLICATION DEVELOPMENT USING CORE JAVA AND DATABASES','AD04','Java Environment, Basics of Java, Decision Making, Loops,Arrays, Strings, Functions, Scope Rules, Classes, Objects, Inheritance, Polymorphism ,Interfaces, Error Handling, Interaction with Files, Overriding, packages, Collections, Serialization,Data base Integration, SQL Operations,Data structures, Applets, Multithreading, Algorithms Complexity, Linux Scripting',1,0,1,1,5),(56,'WEB APPLICATION DEVELOPMENT USING PHP AND LARAVEL/CODEIGNITER/CAKEPHP','WA01','PHP Environment, Basics of PHP, Decision Making, Loops,Arrays, Strings, Functions, Files, Cookies, Sessions, Regular Expression,Forms Validation, Error Handling, Interaction with Databases,XML, JSON, AJAX, Event handling, Laravel Architecture, Model View Controller, Routing, Controller, PHP Security',1,1,1,1,6),(57,'WEB APPLICATION DEVELOPMENT USING JSP AND JPA/SPRINGBOOT','WA02','JSP Environment, Basics of JSP, Decision Making, Loops,Arrays, Strings, Functions, Files, Cookies, Sessions, Regular Expression,Forms Validation, Error Handling, Interaction with Databases, XML, JSON, AJAX, Event handling,Spring Architecture, Model View Controller, Routing, Controller, JSP Security',1,1,1,1,6),(58,'WEB APPLICATION DEVELOPMENT USING PYTHON AND FLASK/DJANGO','WA03','Python Environment, Basics of Python, Decision Making, Loops,Arrays, Strings, Functions, Files, Cookies, Sessions, Regular Expression,Forms Validation, Error Handling, Interaction with Databases, XML, JSON, AJAX, Event handling,Django Architecture, Model View Controller, Routing, Controller, Django Security',1,1,1,1,6),(59,' WEB APPLICATION DEVELOPMENT USING NODEJS AND EXPRESS/METERORJS','WA04','NodeJS Environment, Basics of NodeJS, Entities, Intents, Loops,Arrays, Strings, Functions, Files, Cookies, Sessions, Regular Expression,Forms Validation, Error Handling, Interaction with Databases, XML, JSON, AJAX, Event handling,Express Architecture, Model View Controller, Routing, Controller, NodeJS Security',1,1,1,1,6),(60,'WEB APPLICATION DEVELOPMENT USING RUBY ON RAILS','WA05','Ruby on Rails Environment, Basics of Ruby on Rails, Decision Making, Loops,Arrays, Strings, Functions, Files,Cookies, Sessions, Regular Expression,Forms Validation, Error Handling, Interaction with Databases,XML, JSON, AJAX, Event handling,Rails Architecture, Model View Controller, Routing,Controller, Ruby on Rails Security',1,1,1,1,6),(61,'FRONT END APPLICATION DEVELOPMENT USING ANGULARJS','WA06','Angular JS Environment, Basics of Angular JS, MVC Architecture,Directives, Expressions, Controllers, Filters, Tables, HTML DOM,Modules, Forms, Includes,AJAX, Views, Scopes, Services, Dependency Injection, Nav, Search,Translate, Charts, Map, Timer',1,1,1,1,6),(62,'FRONT END APPLICATION DEVELOPMENT USING REACTJS','WA07','React JS Environment, Basics of React JS, JSX, Components,State, Props, Component API, Forms, Refs, Events,Keys, Router, Flux,Animations, Higher Order Components,',1,1,1,1,6),(63,'MOBILE APPLICATION DEVELOPMENT USING ANDROID ','MA01','Android Environment, Basics of Android, Entities, Intents, Loops,Arrays, Strings, Functions, Files, Cookies, Sessions, Regular Expression,Forms Validation, Error Handling, Interaction with Databases, XML, JSON, AJAX, Event handling,Ionic Architecture, Model View Controller, Routing, Controller, Android Security',1,1,1,1,6),(64,' HYBRID MOBILE APPLICATION DEVELOPMENT USING IONIC','MA02','Ionic Environment, Basics of Ionic, Loops,Arrays, Strings, Functions, Files, Cookies, Sessions, Regular Expression,Forms Validation, Error Handling, Interaction with Databases, XML, JSON, AJAX, Event handling,Ionic Architecture, Model View Controller, Routing, Controller, Ionic Security',1,1,1,1,6);
/*!40000 ALTER TABLE `course` ENABLE KEYS */;
UNLOCK TABLES;

--
-- Table structure for table `course_category`
--

DROP TABLE IF EXISTS `course_category`;
/*!40101 SET @saved_cs_client     = @@character_set_client */;
 SET character_set_client = utf8mb4 ;
CREATE TABLE `course_category` (
  `course_category_id` int(11) NOT NULL AUTO_INCREMENT,
  `name` varchar(100) DEFAULT NULL,
  PRIMARY KEY (`course_category_id`)
) ENGINE=InnoDB AUTO_INCREMENT=16 DEFAULT CHARSET=utf8mb4 COLLATE=utf8mb4_0900_ai_ci;
/*!40101 SET character_set_client = @saved_cs_client */;

--
-- Dumping data for table `course_category`
--

LOCK TABLES `course_category` WRITE;
/*!40000 ALTER TABLE `course_category` DISABLE KEYS */;
INSERT INTO `course_category` VALUES (5,'Problem Solving and Programming Foundation'),(6,'Web and Mobile Application Development '),(7,'Artificial Intelligence and Data Science '),(8,'Internet of Things and Embedded Systems '),(9,' Cyber Security and Cloud Infrastructure '),(10,'Test Automation and Quality Assurance ');
/*!40000 ALTER TABLE `course_category` ENABLE KEYS */;
UNLOCK TABLES;

--
-- Table structure for table `inplant_training`
--

DROP TABLE IF EXISTS `inplant_training`;
/*!40101 SET @saved_cs_client     = @@character_set_client */;
 SET character_set_client = utf8mb4 ;
CREATE TABLE `inplant_training` (
  `inplant_training_id` int(11) NOT NULL AUTO_INCREMENT,
  `inplant_training_type_id` int(11) DEFAULT NULL,
  `training_program_type_id` int(11) DEFAULT NULL,
  PRIMARY KEY (`inplant_training_id`),
  KEY `inplant_training_type_id_idx` (`inplant_training_type_id`),
  KEY `training_program_type_id_fk_idx` (`training_program_type_id`),
  CONSTRAINT `inplant_training_type_id_fk` FOREIGN KEY (`inplant_training_type_id`) REFERENCES `inplant_training_type` (`inplant_training_type_id`),
  CONSTRAINT `training_program_type_id_fk2` FOREIGN KEY (`training_program_type_id`) REFERENCES `training_program_type` (`training_program_type_id`)
) ENGINE=InnoDB AUTO_INCREMENT=11 DEFAULT CHARSET=utf8mb4 COLLATE=utf8mb4_0900_ai_ci;
/*!40101 SET character_set_client = @saved_cs_client */;

--
-- Dumping data for table `inplant_training`
--

LOCK TABLES `inplant_training` WRITE;
/*!40000 ALTER TABLE `inplant_training` DISABLE KEYS */;
INSERT INTO `inplant_training` VALUES (5,2,NULL),(6,3,NULL);
/*!40000 ALTER TABLE `inplant_training` ENABLE KEYS */;
UNLOCK TABLES;

--
-- Table structure for table `inplant_training_type`
--

DROP TABLE IF EXISTS `inplant_training_type`;
/*!40101 SET @saved_cs_client     = @@character_set_client */;
 SET character_set_client = utf8mb4 ;
CREATE TABLE `inplant_training_type` (
  `inplant_training_type_id` int(11) NOT NULL AUTO_INCREMENT,
  `mode_of_training` varchar(45) DEFAULT NULL,
  `no_of_programs` int(11) DEFAULT NULL,
  `total_days` int(11) DEFAULT NULL,
  `total_hours` int(11) DEFAULT NULL,
  `hours_per_day` int(11) DEFAULT NULL,
  `package` varchar(50) DEFAULT NULL,
  `cost` double DEFAULT NULL,
  PRIMARY KEY (`inplant_training_type_id`)
) ENGINE=InnoDB AUTO_INCREMENT=4 DEFAULT CHARSET=utf8mb4 COLLATE=utf8mb4_0900_ai_ci;
/*!40101 SET character_set_client = @saved_cs_client */;

--
-- Dumping data for table `inplant_training_type`
--

LOCK TABLES `inplant_training_type` WRITE;
/*!40000 ALTER TABLE `inplant_training_type` DISABLE KEYS */;
INSERT INTO `inplant_training_type` VALUES (2,'class',50,20,120,30,'basic',2500),(3,'class',100,40,240,60,'basic',5000);
/*!40000 ALTER TABLE `inplant_training_type` ENABLE KEYS */;
UNLOCK TABLES;

--
-- Table structure for table `login`
--

DROP TABLE IF EXISTS `login`;
/*!40101 SET @saved_cs_client     = @@character_set_client */;
 SET character_set_client = utf8mb4 ;
CREATE TABLE `login` (
  `login_id` int(11) NOT NULL AUTO_INCREMENT,
  `mail_id` varchar(50) DEFAULT NULL,
  `passwordd` varchar(50) DEFAULT NULL,
  PRIMARY KEY (`login_id`)
) ENGINE=InnoDB DEFAULT CHARSET=utf8mb4 COLLATE=utf8mb4_0900_ai_ci;
/*!40101 SET character_set_client = @saved_cs_client */;

--
-- Dumping data for table `login`
--

LOCK TABLES `login` WRITE;
/*!40000 ALTER TABLE `login` DISABLE KEYS */;
/*!40000 ALTER TABLE `login` ENABLE KEYS */;
UNLOCK TABLES;

--
-- Table structure for table `payment`
--

DROP TABLE IF EXISTS `payment`;
/*!40101 SET @saved_cs_client     = @@character_set_client */;
 SET character_set_client = utf8mb4 ;
CREATE TABLE `payment` (
  `payment_id` int(11) NOT NULL AUTO_INCREMENT,
  `card_holder_name` varchar(45) DEFAULT NULL,
  `card_type` varchar(45) DEFAULT NULL,
  `card_number` varchar(45) DEFAULT NULL,
  `cvv` varchar(45) DEFAULT NULL,
  `exp_date` date DEFAULT NULL,
  PRIMARY KEY (`payment_id`)
) ENGINE=InnoDB AUTO_INCREMENT=3 DEFAULT CHARSET=utf8mb4 COLLATE=utf8mb4_0900_ai_ci;
/*!40101 SET character_set_client = @saved_cs_client */;

--
-- Dumping data for table `payment`
--

LOCK TABLES `payment` WRITE;
/*!40000 ALTER TABLE `payment` DISABLE KEYS */;
INSERT INTO `payment` VALUES (1,'Radha Devi','Visa','1234567891234567','456','2020-10-28'),(2,'Radha','Visa','960d9926b505037652c659fc2b6014565c98d018','456','2020-10-15');
/*!40000 ALTER TABLE `payment` ENABLE KEYS */;
UNLOCK TABLES;

--
-- Table structure for table `research_training`
--

DROP TABLE IF EXISTS `research_training`;
/*!40101 SET @saved_cs_client     = @@character_set_client */;
 SET character_set_client = utf8mb4 ;
CREATE TABLE `research_training` (
  `research_training_id` int(11) NOT NULL AUTO_INCREMENT,
  `duration` varchar(45) DEFAULT NULL,
  `cost` double DEFAULT NULL,
  `no_of_courses` int(11) DEFAULT NULL,
  `mode_of_training` varchar(45) DEFAULT NULL,
  `training_program_type_id` int(11) DEFAULT NULL,
  PRIMARY KEY (`research_training_id`),
  KEY `training_program_type_fk4_idx` (`training_program_type_id`),
  CONSTRAINT `training_program_type_fk4` FOREIGN KEY (`training_program_type_id`) REFERENCES `training_program_type` (`training_program_type_id`)
) ENGINE=InnoDB AUTO_INCREMENT=3 DEFAULT CHARSET=utf8mb4 COLLATE=utf8mb4_0900_ai_ci;
/*!40101 SET character_set_client = @saved_cs_client */;

--
-- Dumping data for table `research_training`
--

LOCK TABLES `research_training` WRITE;
/*!40000 ALTER TABLE `research_training` DISABLE KEYS */;
INSERT INTO `research_training` VALUES (1,'6 months',50000,5,'class room',NULL),(2,'12 months',50000,5,'class room',NULL);
/*!40000 ALTER TABLE `research_training` ENABLE KEYS */;
UNLOCK TABLES;

--
-- Table structure for table `result`
--

DROP TABLE IF EXISTS `result`;
/*!40101 SET @saved_cs_client     = @@character_set_client */;
 SET character_set_client = utf8mb4 ;
CREATE TABLE `result` (
  `result_id` int(11) NOT NULL AUTO_INCREMENT,
  `AJP` int(3) DEFAULT NULL,
  `ADT` int(3) DEFAULT NULL,
  `SPM` int(3) DEFAULT NULL,
  `CG` int(3) DEFAULT NULL,
  `SM` int(3) DEFAULT NULL,
  `students_id` int(11) DEFAULT NULL,
  `total` int(3) DEFAULT NULL,
  `average` float DEFAULT NULL,
  `gpa` float DEFAULT NULL,
  PRIMARY KEY (`result_id`),
  KEY `students_id` (`students_id`),
  CONSTRAINT `result_ibfk_1` FOREIGN KEY (`students_id`) REFERENCES `students` (`students_id`)
) ENGINE=InnoDB AUTO_INCREMENT=3 DEFAULT CHARSET=utf8mb4 COLLATE=utf8mb4_0900_ai_ci;
/*!40101 SET character_set_client = @saved_cs_client */;

--
-- Dumping data for table `result`
--

LOCK TABLES `result` WRITE;
/*!40000 ALTER TABLE `result` DISABLE KEYS */;
INSERT INTO `result` VALUES (1,90,95,90,85,90,1,440,88,8.8),(2,95,65,86,89,100,2,NULL,NULL,NULL);
/*!40000 ALTER TABLE `result` ENABLE KEYS */;
UNLOCK TABLES;

--
-- Table structure for table `station`
--

DROP TABLE IF EXISTS `station`;
/*!40101 SET @saved_cs_client     = @@character_set_client */;
 SET character_set_client = utf8mb4 ;
CREATE TABLE `station` (
  `station_id` int(11) NOT NULL AUTO_INCREMENT,
  `station_name` varchar(20) NOT NULL,
  `station_code` varchar(10) NOT NULL,
  PRIMARY KEY (`station_id`)
) ENGINE=InnoDB AUTO_INCREMENT=483 DEFAULT CHARSET=utf8mb4 COLLATE=utf8mb4_0900_ai_ci;
/*!40101 SET character_set_client = @saved_cs_client */;

--
-- Dumping data for table `station`
--

LOCK TABLES `station` WRITE;
/*!40000 ALTER TABLE `station` DISABLE KEYS */;
INSERT INTO `station` VALUES (8,'AMBUR','AB'),(9,'ADONI','AD'),(10,'AHMEDABAD','ADI'),(11,'ADRA','ADRA'),(12,'ANGAMALI (FO','AFK'),(13,'AGRA CANTT','AGC'),(14,'AHMED GARH','AHH'),(15,'ATTIPATTU','AIP'),(16,'ARAKKONAM JN','AJJ'),(17,'ARJUNI','AJU'),(18,'AKOLA JN.','AK'),(19,'ARAMBAKKAM','AKM'),(20,'AKALKOT ROAD','AKOR'),(21,'ANAKAPALLE','AKP'),(22,'ANKLESHWAR J','AKV'),(23,'ALLAHABAD JN','ALD'),(24,'ALLEPPEY','ALLP'),(25,'AMLA JN.','AMLA'),(26,'AMALNER','AN'),(27,'AHMADNAGAR','ANG'),(28,'ANAND JN.','ANND'),(29,'ANNAVARAM','ANV'),(30,'AKKARAIPPATT','API'),(31,'ARSIKERE JN.','ASK'),(32,'ASANSOL MAIN','ASN'),(33,'ANANTAPUR','ATP'),(34,'ANVARDIKANPE','AVN'),(35,'AURANGABAD','AWB'),(36,'ALWAYE','AWY'),(37,'BABINA','BAB'),(38,'BALUGAN','BALU'),(39,'BERHAMPUR','BAM'),(40,'BANASWADI','BAND'),(41,'GANJ BASODA','BAQ'),(42,'BASIN BRIDGE','BBQ'),(43,'BHUBANESWAR','BBS'),(44,'BERCHHA','BCH'),(45,'BADNERA JN.','BD'),(46,'VADAKARA','BDJ'),(47,'BUDDIREDDIPP','BDY'),(48,'BHIGVAN','BGVN'),(49,'BAHADURGARH','BGZ'),(50,'BHADRAKH','BHC'),(51,'VIDISHA','BHS'),(52,'BIDADI','BID'),(53,'BAIRAGARH','BIH'),(54,'BINA','BINA'),(55,'BIKANER JN.','BKN'),(56,'BALANGIR','BLGR'),(57,'BALASORE','BLS'),(58,'BANGALORE CA','BNC'),(59,'BANGALORE EA','BNCE'),(60,'BANASTHALI N','BNLW'),(61,'BARSOI JN.','BOE'),(62,'BOISAR','BOR'),(63,'BHADOHI','BOY'),(64,'BELLAMPALLI','BPA'),(65,'BHOPAL','BPL'),(66,'BAPATIA','BPP'),(67,'BALHARSHAH','BPQ'),(68,'BANKURA','BQA'),(69,'BOMMIDI','BQI'),(70,'VADODARA JN.','BRC'),(71,'BARGARH ROAD','BRGA'),(72,'VARANASI JN.','BSB'),(73,'BHUSAVAL JN.','BSL'),(74,'BILASPUR JN.','BSP'),(75,'VASAI ROAD','BSR'),(76,'BASAR','BSX'),(77,'BITRAGUNTA','BTTR'),(78,'BALLIA','BUI'),(79,'BHAWANI MAND','BWM'),(80,'BANGARPET JN','BWT'),(81,'VIJAYWADA JN','BZA'),(82,'BETUL','BZU'),(83,'KANNUR','CAN'),(84,'CHATRAPUR','CAP'),(85,'COIMBATORE','CBE'),(86,'COIMBATORE N','CBF'),(87,'CHANDRAPUR (','CD'),(88,'CHANGANACHER','CGY'),(89,'SRIKAKULAM R','CHE'),(90,'CHATRAPPATTI','CHPT'),(91,'CHERVATTUR','CHV'),(92,'CHALAKUDI','CKI'),(93,'CHAKARADHARP','CKP'),(94,'CASTLE ROCK','CLR'),(95,'CALICUT','CLT'),(96,'CHIRALA','CLX'),(97,'KANPUR CENTR','CNB'),(98,'CHENGANNUR','CNGR'),(99,'CHIPURUPALLE','CPP'),(100,'CHHAPRA JN.','CPR'),(101,'CHANNA PATNA','CPT'),(102,'CST-MUMBAI','CSMT'),(103,'CUTTACK JN.','CTC'),(104,'CHITTERI','CTRE'),(105,'KOVILPATTI','CVP'),(106,'DAUND JN.','DD'),(107,'DONDAICHA','DDE'),(108,'DELHI-SARAI','DEE'),(109,'DINDIGUL JN','DG'),(110,'DURGAPUR','DGR'),(111,'DHONE JN','DHNE'),(112,'DHAULPUR','DHO'),(113,'DIVINE NAGAR','DINR'),(114,'DORNAKAL JN.','DKJ'),(115,'DHARMAVARAM','DMM'),(116,'DHAMANGAON','DMN'),(117,'DEGANA JN.','DNA'),(118,'DURGAPURA','DPA'),(119,'DADAR','DR'),(120,'DUDHANI','DUD'),(121,'DHURI JN.','DUI'),(122,'DURG','DURG'),(123,'DUVVADA','DVD'),(124,'DAVANGERE','DVG'),(125,'DORAVARICHAT','DVR'),(126,'DHARWAD','DWR'),(127,'DASUA','DZA'),(128,'ERODE JN.','ED'),(129,'ELURU','EE'),(130,'EKAMBARAKUPP','EKM'),(131,'ELAVUR','ELR'),(132,'ENNORE','ENR'),(133,'ERNAKULAM TO','ERN'),(134,'ERNAKULAM. J','ERS'),(135,'ITARSI','ET'),(136,'FARIDABAD','FDB'),(137,'FEROK','FK'),(138,'PHULERA JN.','FL'),(139,'GONDIA JN.','G'),(140,'GHAZIPUR CIT','GCT'),(141,'GUDUR JN.','GDR'),(142,'GHORADONGRI','GDYA'),(143,'GUNTUR JN.','GNT'),(144,'GUMMIDIPUNDI','GPD'),(145,'GULBARGA','GR'),(146,'GUNTAKAL JN.','GTL'),(147,'GANGAPUR ROA','GUR'),(148,'GADWAL','GWD'),(149,'GWALIOR JN','GWL'),(150,'GOOTY JN.','GY'),(151,'GUDIATTAM','GYM'),(152,'HOSHANGABAD','HBD'),(153,'HABIBGANJ','HBJ'),(154,'HOTGI JN.','HG'),(155,'HINGANGHAT','HGT'),(156,'HIJLI','HIJ'),(157,'HALDIA','HLZ'),(158,'HARIHAR JN.','HRR'),(159,'HINDUPUR','HUP'),(160,'HAVERI','HVR'),(161,'HOWRAH JN.','HWH'),(162,'CUDDAPAH','HX'),(163,'HYDERABAD DE','HYB'),(164,'IRINJALAKUDA','IJK'),(165,'IDAPPALLI','IPL'),(166,'ICHCHA PURAM','IPM'),(167,'JALNA','J'),(168,'JAMMU TAWI','JAT'),(169,'JABALPUR','JBP'),(170,'JALESWAR','JER'),(171,'JEUR','JEUR'),(172,'JAKHAL JN.','JHL'),(173,'JHANSI JN','JHS'),(174,'JIND JN','JIND'),(175,'JAJPUR KEONJ','JJKR'),(176,'JALGAON JN.','JL'),(177,'JAMIKUNTA','JMKT'),(178,'JANGHAI JN.','JNH'),(179,'JOYCHANDI PA','JOC'),(180,'JAIPUR JN.','JP'),(181,'JALANDHAR CA','JRC'),(182,'JHARSUGUDA J','JSG'),(183,'JOLARPETTAI','JTJ'),(184,'KATOL','KATL'),(185,'KACHEGUDA','KCG'),(186,'KESAMUDRAM','KDM'),(187,'KONDAPURAM','KDP'),(188,'KEM','KEM'),(189,'KENGERI','KGI'),(190,'KUPGAL','KGL'),(191,'KHARAGPUR','KGP'),(192,'KASARAGOD','KGQ'),(193,'KRISHNA RAJA','KJM'),(194,'KARJAT','KJT'),(195,'KHADKI','KK'),(196,'KAMALAPURAM','KKM'),(197,'KAMAREDDI','KMC'),(198,'KHAMMAM','KMT'),(199,'KISHANGANJ','KNE'),(200,'KOSGI','KO'),(201,'KORUKKUPET','KOK'),(202,'KOTA','KOTA'),(203,'KODURU','KOU'),(204,'KATPADI JN','KPD'),(205,'KUPPAM','KPN'),(206,'KANNAPURAM','KPQ'),(207,'KODAIKKANAL','KQN'),(208,'KURNOOL TOWN','KRNT'),(209,'KARUR JN.','KRR'),(210,'KRISHNA','KSN'),(211,'KESINGA','KSNG'),(212,'KATNI','KTE'),(213,'KATHUA','KTHU'),(214,'KUTTIPPURAM','KTU'),(215,'KOTTAYAM','KTYM'),(216,'KHURDA ROAD','KUR'),(217,'KAVARAIPPETT','KVP'),(218,'KAVALI','KVZ'),(219,'KURDUVADI JN','KWV'),(220,'KAYANKULAM J','KYJ'),(221,'KALYAN JN','KYN'),(222,'KANHANGAD','KZE'),(223,'KAZIPET JN.','KZJ'),(224,'KAZHAKUTTAM','KZK'),(225,'LALITPUR','LAR'),(226,'LONDA JN.','LD'),(227,'LUDHIANA JN.','LDH'),(228,'LEHRA GAGA','LHA'),(229,'LUCKNOW JN.','LJN'),(230,'LONAVLA','LNL'),(231,'LOKMANYA TIL','LTT'),(232,'MADHA','MA'),(233,'MAHBUBABAD','MABD'),(234,'MADDUR','MAD'),(235,'MAHE','MAHE'),(236,'MANTHRALAYAM','MALM'),(237,'MANINAGAR','MAN'),(238,'MADGOAN JN.','MAO'),(239,'MORAPPUR','MAP'),(240,'MANGALORE CE','MAQ'),(241,'CHENNAI CENT','MAS'),(242,'MAHBUBNAGAR','MBNR'),(243,'MANCHIRYAL','MCI'),(244,'MUKUNDARAYAP','MCN'),(245,'MADHIRA','MDR'),(246,'MADURAI JN','MDU'),(247,'VANCHI MANIY','MEJ'),(248,'MALERKOTLA','MET'),(249,'MUKERIAN','MEX'),(250,'MALKAJGIRI','MJF'),(251,'MINJUR','MJR'),(252,'MAJRI JN.','MJRI'),(253,'MAKRANA JN.','MKN'),(254,'MALKAPUR','MKU'),(255,'MALDA TOWN','MLDT'),(256,'MALUR','MLO'),(257,'MUNIGUDA','MNGD'),(258,'MOHOL','MO'),(259,'MOHANUR','MONR'),(260,'MUDDANURU','MOO'),(261,'MELPATTI','MPI'),(262,'MORENA','MRA'),(263,'MIRYALAGUDA','MRGA'),(264,'MATHURA JN.','MTJ'),(265,'METTUPALAIYA','MTP'),(266,'MATMARI','MTU'),(267,'MULTAI','MTY'),(268,'MUDKHED JN.','MUE'),(269,'MAVELIKARA','MVLK'),(270,'MANDYA','MYA'),(271,'MYSORE JN.','MYS'),(272,'MURTAJAPUR J','MZR'),(273,'NAGBHIR','NAB'),(274,'NAGDA JN','NAD'),(275,'NARASINGAPAL','NASP'),(276,'NAGERCOIL JN','NCJ'),(277,'NADIAD JN.','ND'),(278,'NANDURBAR','NDB'),(279,'NIDADAVOLU J','NDD'),(280,'NADIKUDE JN.','NDKD'),(281,'NEW DELHI','NDLS'),(282,'NIDUBROLU','NDO'),(283,'NANDED','NED'),(284,'NAGARI','NG'),(285,'NEW GUNTUR','NGNT'),(286,'NAGAUR','NGO'),(287,'NAGPUR JN.(C','NGP'),(288,'NEW JALPAIGU','NJP'),(289,'NALGONDA','NLDA'),(290,'NILESHWAR','NLE'),(291,'NELLORE','NLR'),(292,'NAMAKKAL','NMKL'),(293,'NANDURA','NN'),(294,'NOKHA','NOK'),(295,'NANDALUR','NRE'),(296,'NARKHER','NRKR'),(297,'NAGARUR','NRR'),(298,'NARWANA JN.','NRW'),(299,'NAGARSOL','NSL'),(300,'NALWAR','NW'),(301,'NAUPADA JN.','NWP'),(302,'NAYUDUPETA','NYP'),(303,'NIZAMABAD','NZB'),(304,'HAZRAT NIZAM','NZM'),(305,'ODDANCHATRAM','ODC'),(306,'ODUR','ODUR'),(307,'ONGOLE','OGL'),(308,'OKHLA','OKA'),(309,'ORAI','ORAI'),(310,'OTTAPPALAM','OTP'),(311,'PANDAVAPURA','PANP'),(312,'PANDHURNA','PAR'),(313,'PURNA  JN.','PAU'),(314,'PAYYANUR','PAY'),(315,'PAYANGADI','PAZ'),(316,'PUNTAMBA','PB'),(317,'PARBHANI JN.','PBN'),(318,'PEDDAPALLI','PDPL'),(319,'POLIREDDIPAL','PEL'),(320,'PERAMBUR','PER'),(321,'PARPANANGADI','PGI'),(322,'PIDUGURALLA','PGRL'),(323,'PALAKKAD JN','PGT'),(324,'PALGHAT TOWN','PGTN'),(325,'PHAGWARA JN.','PGW'),(326,'PHILLAUR JN.','PHR'),(327,'PANSKURA','PKU'),(328,'PALANI','PLNI'),(329,'PULGAON JN.','PLO'),(330,'PUNKUNNAM','PNQ'),(331,'PANVEL','PNVL'),(332,'PONNERI','PON'),(333,'POLLACHI','POY'),(334,'PIPARIYA','PPI'),(335,'PURULIA JN.','PRR'),(336,'PALASA','PSA'),(337,'PATTAMBI','PTB'),(338,'PODANUR JN.','PTJ'),(339,'PATHANKOT CA','PTKC'),(340,'PUNE JN.','PUNE'),(341,'PURI','PURI'),(342,'PUTUR','PUT'),(343,'PARVATIPURAM','PVP'),(344,'PEDAPARIYA','PYA'),(345,'QUILANDI','QLD'),(346,'KULEM','QLM'),(347,'QUILON','QLN'),(348,'KILA RAIPUR','QRP'),(349,'RAIPUR JN.','R'),(350,'RASIPURAM','RASP'),(351,'RAICHUR','RC'),(352,'RAMGUNDAM','RDM'),(353,'RAYAGADA JN.','RGDA'),(354,'RAJNANDGAON','RJN'),(355,'RAZAMPETA','RJP'),(356,'RAJAHMUNDRY','RJY'),(357,'RAJA-KI-MAND','RKM'),(358,'RAYALCHERUVU','RLO'),(359,'RAMGANJ MAND','RMA'),(360,'RAMANAGARAM','RMGM'),(361,'RANIBENNUR','RNR'),(362,'ROHTAK JN.','ROK'),(363,'ROURKELA','ROU'),(364,'RAMPUR HAT','RPH'),(365,'BIRUR JN.','RRB'),(366,'RENIGUNTA JN','RU'),(367,'SALEM JN.','SA'),(368,'SAIDAPUR','SADP'),(369,'SANGRUR','SAG'),(370,'SATTENAPALLE','SAP'),(371,'KRANTIVIRA S','SBC'),(372,'SAMBALPUR JN','SBP'),(373,'SECUNDERABAD','SC'),(374,'SANCHI','SCI'),(375,'SHAHABAD','SDB'),(376,'SHEGAON','SEG'),(377,'SEWAGRAM','SEGM'),(378,'SEHORE','SEH'),(379,'SUNAM','SFMU'),(380,'SANKARIDRUG','SGE'),(381,'SHAMGARH','SGZ'),(382,'SHALIMAR','SHM'),(383,'SHOLINGUR','SHU'),(384,'SHUJALPUR','SJP'),(385,'SINGARAYAKON','SKM'),(386,'SIRPURKAGHAZ','SKZR'),(387,'SAMALKOT JN.','SLO'),(388,'SAMBA','SMBX'),(389,'SAI NAGAR SH','SNSI'),(390,'SONDAD','SNV'),(391,'SULLURUPETTA','SPE'),(392,'SOMPETA','SPT'),(393,'SANTRAGACHI','SRC'),(394,'SHORANUR JN.','SRR'),(395,'SATUR','SRT'),(396,'SHERTALAI','SRTL'),(397,'SHAKUR BASTI','SSB'),(398,'SRI SATYA SA','SSPN'),(399,'SURAT','ST'),(400,'SATNA','STA'),(401,'SOLAPUR','SUR'),(402,'SHRI MATA VA','SVDK'),(403,'SANVORDEM CU','SVM'),(404,'SAWAI MADHOP','SWM'),(405,'TANUR','TA'),(406,'TADA','TADA'),(407,'TRICHUR','TCR'),(408,'TADEPALLI GU','TDD'),(409,'TANDA-URMAR','TDO'),(410,'TENALI JN.','TEL'),(411,'TIRUNELVELI','TEN'),(412,'TITLA GARH J','TIG'),(413,'TIRUR','TIR'),(414,'TUMKUR','TK'),(415,'TUGALAKABAD','TKD'),(416,'THALASSERY','TLY'),(417,'TAMLUK','TMZ'),(418,'THANE','TNA'),(419,'TONDIARPET','TNP'),(420,'TIRUCHIRAPPA','TPJ'),(421,'TIRUPATTUR','TPT'),(422,'TIRUPATI','TPTY'),(423,'TIRUVALLUR','TRL'),(424,'TIRUTTANI','TRT'),(425,'TRIPUNITTURA','TRTR'),(426,'TIRUVALLA','TRVL'),(427,'TIPTUR','TTR'),(428,'TADIPATRI','TU'),(429,'TOHANA','TUN'),(430,'TUNI','TUNI'),(431,'TIRUPPUR','TUP'),(432,'THURAVUR','TUVR'),(433,'TRIVANDRUM C','TVC'),(434,'TRIVANDRAM P','TVP'),(435,'TIRUVOTTIYUR','TVT'),(436,'HUBLI JN.','UBL'),(437,'UDHNA JN.','UDN'),(438,'UDUMALAIPPET','UDT'),(439,'UDHAMPUR','UHP'),(440,'UJJAIN JN','UJN'),(441,'VARKALA','VAK'),(442,'VAPI','VAPI'),(443,'BOBBILI JN.','VBL'),(444,'VILLIVAKKAM','VLK'),(445,'VALATHOOR','VLT'),(446,'VIKRAMGARH A','VMA'),(447,'VANIYAMBADI','VN'),(448,'VISHNUPURAM','VNUP'),(449,'VIRUDUNAGAR','VPT'),(450,'VASCO-DA-GAM','VSG'),(451,'VISAKHAPATNA','VSKP'),(452,'VYARA','VYA'),(453,'VIZIANAGARAM','VZM'),(454,'WADI JN.','WADI'),(455,'WHITE FIELD','WFD'),(456,'WALAJAH ROAD','WJR'),(457,'WADAKANCHERI','WKI'),(458,'WARANGAL','WL'),(459,'WARDHA JN.','WR'),(460,'WARORA','WRR'),(461,'WADSA','WSA'),(462,'YERRA GUNTLA','YA'),(463,'YADGIR','YG'),(464,'YELAHANKA JN','YNK'),(465,'ERRUPALEM','YP'),(466,'YESVANTPUR J','YPR'),(467,'MAS','Chennai'),(468,'MAS','Chennai'),(469,'ABC','Chennai'),(470,'ABC','Chennai'),(471,'ABC','Chennai'),(472,'ABC','Chennai'),(473,'Chennai','ABC'),(474,'Chennai','ABC'),(475,'Chennai','ABC'),(476,'Chennai','ABC'),(477,'Chennai','ABC'),(478,'Chennai','ABC'),(479,'Chennai','ABC'),(480,'Chennai','ABC'),(481,'Chennai','ABC'),(482,'Chennai','ABC');
/*!40000 ALTER TABLE `station` ENABLE KEYS */;
UNLOCK TABLES;

--
-- Table structure for table `student`
--

DROP TABLE IF EXISTS `student`;
/*!40101 SET @saved_cs_client     = @@character_set_client */;
 SET character_set_client = utf8mb4 ;
CREATE TABLE `student` (
  `student_id` int(10) NOT NULL AUTO_INCREMENT,
  `first_name` varchar(50) DEFAULT NULL,
  `last_name` varchar(50) DEFAULT NULL,
  `gender` varchar(20) DEFAULT NULL,
  `mail_id` varchar(50) DEFAULT NULL,
  `college_name` varchar(50) DEFAULT NULL,
  `passwordd` varchar(50) DEFAULT NULL,
  PRIMARY KEY (`student_id`)
) ENGINE=InnoDB AUTO_INCREMENT=95 DEFAULT CHARSET=utf8mb4 COLLATE=utf8mb4_0900_ai_ci;
/*!40101 SET character_set_client = @saved_cs_client */;

--
-- Dumping data for table `student`
--

LOCK TABLES `student` WRITE;
/*!40000 ALTER TABLE `student` DISABLE KEYS */;
INSERT INTO `student` VALUES (1,'Radha','Devi','Female','abc@gmail.com','KEC','radha'),(2,'Radha','Devi','Female','abc@gmail.com','KEC','radha'),(3,'Vishnu','kumar','vishnu@gmail.com','KEC','11','11'),(4,'Vishnu','kumar','vishnu@gmail.com','KEC','11','11'),(5,'Shalini','Shalu','female','shalu@gmail.com','KEC','123'),(6,'Radha','Devi','Female','abc@gmail.com','KEC','radha'),(7,'Radha','Devi','Female','abc@gmail.com','KEC','radha'),(8,'Radha','Devi','Female','abc@gmail.com','KEC','radha'),(9,'Radha','Devi','Female','abc@gmail.com','KEC','radha'),(10,'Radha','Devi','female','radha@yahoo.com','KEC','123'),(11,'Radha','Devi','Female','abc@gmail.com','KEC','radha'),(12,'Radha','Devi','Female','abc@gmail.com','KEC','radha'),(13,'Radha','Devi','Female','abc@gmail.com','KEC','radha'),(14,'Radha','Devi','Female','abc@gmail.com','KEC','radha'),(15,'Radha','Devi','Female','abc@gmail.com','KEC','radha'),(16,'Radha','Devi','Female','abc@gmail.com','KEC','radha'),(17,'Radha','Devi','Female','abc@gmail.com','KEC','radha'),(18,'Radha','Devi','Female','abc@gmail.com','KEC','radha'),(19,'Radha','Devi','Female','abc@gmail.com','KEC','radha'),(20,'Radha','Devi','Female','abc@gmail.com','KEC','radha'),(21,'Radha','Devi','Female','abc@gmail.com','KEC','radha'),(22,'Radha','Devi','Female','abc@gmail.com','KEC','radha'),(23,'Radha','Devi','Female','abc@gmail.com','KEC','radha'),(24,'Radha','Devi','Female','abc@gmail.com','KEC','radha'),(25,'Radha','Devi','Female','abc@gmail.com','KEC','radha'),(26,'Radha','Devi','Female','abc@gmail.com','KEC','radha'),(27,'Radha','Devi','Female','abc@gmail.com','KEC','radha'),(28,'Radha','Devi','Female','abc@gmail.com','KEC','radha'),(29,NULL,NULL,NULL,NULL,NULL,NULL),(30,'Radha','Devi','Female','abc@gmail.com','KEC','radha'),(31,'Radha','Devi','Female','abc@gmail.com','KEC','radha'),(32,'Radha','Devi','Female','abc@gmail.com','KEC','radha'),(33,'Radha','Devi','Female','abc@gmail.com','KEC','radha'),(34,'Radha','Devi','Female','abc@gmail.com','KEC','radha'),(35,'Radha','Devi','Female','abc@gmail.com','KEC','radha'),(36,'Radha','Devi','Female','abc@gmail.com','KEC','radha'),(37,'Radha','Devi','Female','abc@gmail.com','KEC','radha'),(38,'Radha','Devi','Female','abc@gmail.com','KEC','radha'),(39,'Radha','Devi','Female','abc@gmail.com','KEC','radha'),(40,'Radha','Devi','Female','abc@gmail.com','KEC','radha'),(41,'Radha','Devi','Female','abc@gmail.com','KEC','radha'),(42,'Radha','Devi','Female','abc@gmail.com','KEC','radha'),(43,'Radha','Devi','Female','abc@gmail.com','KEC','radha'),(44,'Radha','Devi','Female','abc@gmail.com','KEC','radha'),(45,'Radha','Devi','Female','abc@gmail.com','KEC','radha'),(46,'Radha','Devi','Female','abc@gmail.com','KEC','radha'),(47,'Radha','Devi','Female','abc@gmail.com','KEC','radha'),(48,'Radha','Devi','Female','abc@gmail.com','KEC','radha'),(49,'Radha','Devi','Female','abc@gmail.com','KEC','radha'),(50,NULL,NULL,NULL,NULL,NULL,NULL),(51,'Spring',NULL,NULL,NULL,NULL,NULL),(52,'Radha','Devi','Female','abc@gmail.com','KEC','radha'),(53,'Radha','Devi','Female','abc@gmail.com','KEC','radha'),(54,'Radha','Devi','Female','abc@gmail.com','KEC','radha'),(55,'Radha','Devi','Female','abc@gmail.com','KEC','radha'),(56,'Radha','Devi','Female','abc@gmail.com','KEC','radha'),(57,'Radha','Devi','Female','abc@gmail.com','KEC','radha'),(58,'Radha','Devi','Female','abc@gmail.com','KEC','radha'),(59,'Radha','Devi','Female','abc@gmail.com','KEC','radha'),(60,'Radha','Devi','Female','abc@gmail.com','KEC','radha'),(61,'Radha','Devi','Female','abc@gmail.com','KEC','radha'),(62,'Radha','Devi','Female','abc@gmail.com','KEC','radha'),(63,'Radha','Devi','Female','abc@gmail.com','KEC','radha'),(64,'Radha','Devi','Female','abc@gmail.com','KEC','radha'),(65,'Radha','Devi','Female','abc@gmail.com','KEC','radha'),(66,'Radha','Devi','Female','abc@gmail.com','KEC','radha'),(67,'Radha','Devi','Female','abc@gmail.com','KEC','radha'),(68,'Radha','Devi','Female','abc@gmail.com','KEC','radha'),(69,'Radha','Devi','Female','abc@gmail.com','KEC','radha'),(70,'Radha','Devi','Female','abc@gmail.com','KEC','radha'),(71,'Radha','Devi','Female','abc@gmail.com','KEC','radha'),(72,'Radha','Devi','Female','abc@gmail.com','KEC','radha'),(73,'Shalini','Shalu','female','some@gmail.com','KEC','123'),(74,'Radha','Devi','Female','abc@gmail.com','KEC','radha'),(75,'Radha','Devi','Female','abc@gmail.com','KEC','radha'),(76,'Radha','Devi','Female','abc@gmail.com','KEC','radha'),(77,'Radha','Devi','Female','abc@gmail.com','KEC','radha'),(78,'Shalini','Shalu','Female','shalini@gmail.com','KEC','1234'),(79,'Radha','Devi','Female','abc@gmail.com','KEC','radha'),(80,'Radha','Devi','Female','abc@gmail.com','KEC','radha'),(81,'Sandhya','priya','female','sandhya@gmail.com','KEC','1010'),(82,'Moni','priya','female','monia@gmail.com','KEC','1510'),(83,'Moni','priya','female','monia@gmail.com','KEC','1510'),(84,'Post','man','male','monia@gmail.com','KEC','1510'),(85,'some','name','female','some@gmail.com','KEC','12345'),(86,'some','name','female','some@gmail.com','KEC','12345'),(87,'some','name','female','some@gmail.com','KEC','12345'),(88,'some','name','female','some@gmail.com','KEC','12345'),(89,'v','k','male','dfgh@kongu.edu','KEC','vvvv'),(90,'v','k','male','vk@mail','KEC',''),(91,'v','k','male','','KEC',''),(92,'v','k','male','','KEC',''),(93,'v','k','male','','KEC',''),(94,'v','k','male','fgh@fghj','KEC','');
/*!40000 ALTER TABLE `student` ENABLE KEYS */;
UNLOCK TABLES;

--
-- Table structure for table `students`
--

DROP TABLE IF EXISTS `students`;
/*!40101 SET @saved_cs_client     = @@character_set_client */;
 SET character_set_client = utf8mb4 ;
CREATE TABLE `students` (
  `students_id` int(11) NOT NULL AUTO_INCREMENT,
  `student_name` varchar(10) DEFAULT NULL,
  `roll_no` varchar(10) DEFAULT NULL,
  `department` varchar(50) DEFAULT NULL,
  `semester` varchar(10) DEFAULT NULL,
  `current_year` varchar(10) DEFAULT NULL,
  PRIMARY KEY (`students_id`)
) ENGINE=InnoDB AUTO_INCREMENT=3 DEFAULT CHARSET=utf8mb4 COLLATE=utf8mb4_0900_ai_ci;
/*!40101 SET character_set_client = @saved_cs_client */;

--
-- Dumping data for table `students`
--

LOCK TABLES `students` WRITE;
/*!40000 ALTER TABLE `students` DISABLE KEYS */;
INSERT INTO `students` VALUES (1,'Radha','16isr033','M.sc','vi','III'),(2,'Vishnu','17csr0234','B.E','iv','II');
/*!40000 ALTER TABLE `students` ENABLE KEYS */;
UNLOCK TABLES;

--
-- Table structure for table `time_table`
--

DROP TABLE IF EXISTS `time_table`;
/*!40101 SET @saved_cs_client     = @@character_set_client */;
 SET character_set_client = utf8mb4 ;
CREATE TABLE `time_table` (
  `train_no` int(5) DEFAULT NULL,
  `train_name` varchar(30) DEFAULT NULL,
  `seq` int(3) DEFAULT NULL,
  `station_code` varchar(5) DEFAULT NULL,
  `station_name` varchar(50) DEFAULT NULL,
  `arrival_time` time DEFAULT NULL,
  `departure_time` time DEFAULT NULL,
  `distance` int(10) DEFAULT NULL,
  `source_station` varchar(5) DEFAULT NULL,
  `source_station_name` varchar(50) DEFAULT NULL,
  `destination_station` varchar(5) DEFAULT NULL,
  `destination_station_name` varchar(50) DEFAULT NULL
) ENGINE=InnoDB DEFAULT CHARSET=utf8mb4 COLLATE=utf8mb4_0900_ai_ci;
/*!40101 SET character_set_client = @saved_cs_client */;

--
-- Dumping data for table `time_table`
--

LOCK TABLES `time_table` WRITE;
/*!40000 ALTER TABLE `time_table` DISABLE KEYS */;
INSERT INTO `time_table` VALUES (2842,'MAS SRC SPL',1,'MAS','CHENNAI CENT','18:20:00','18:20:00',0,'MAS','CHENNAI CENTRAL','SRC','SANTRAGACHI JN.\r'),(2842,'MAS SRC SPL',2,'NLR','NELLORE','21:40:00','21:42:00',175,'MAS','CHENNAI CENTRAL','SRC','SANTRAGACHI JN.\r'),(2842,'MAS SRC SPL',3,'BZA','VIJAYWADA JN','01:35:00','01:45:00',429,'MAS','CHENNAI CENTRAL','SRC','SANTRAGACHI JN.\r'),(2842,'MAS SRC SPL',4,'RJY','RAJAHMUNDRY','04:01:00','04:03:00',579,'MAS','CHENNAI CENTRAL','SRC','SANTRAGACHI JN.\r'),(2842,'MAS SRC SPL',5,'DVD','DUVVADA','07:40:00','07:42:00',762,'MAS','CHENNAI CENTRAL','SRC','SANTRAGACHI JN.\r'),(2842,'MAS SRC SPL',6,'VSKP','VISAKHAPATNA','08:15:00','08:45:00',780,'MAS','CHENNAI CENTRAL','SRC','SANTRAGACHI JN.\r'),(2842,'MAS SRC SPL',7,'KUR','KHURDA ROAD','15:05:00','15:15:00',1203,'MAS','CHENNAI CENTRAL','SRC','SANTRAGACHI JN.\r'),(2842,'MAS SRC SPL',8,'BBS','BHUBANESWAR','15:45:00','15:50:00',1222,'MAS','CHENNAI CENTRAL','SRC','SANTRAGACHI JN.\r'),(2842,'MAS SRC SPL',9,'CTC','CUTTACK JN.','16:15:00','16:20:00',1249,'MAS','CHENNAI CENTRAL','SRC','SANTRAGACHI JN.\r'),(2842,'MAS SRC SPL',10,'BHC','BHADRAKH','18:38:00','18:40:00',1365,'MAS','CHENNAI CENTRAL','SRC','SANTRAGACHI JN.\r'),(2842,'MAS SRC SPL',11,'KGP','KHARAGPUR','21:20:00','21:25:00',1548,'MAS','CHENNAI CENTRAL','SRC','SANTRAGACHI JN.\r'),(2842,'MAS SRC SPL',12,'SRC','SANTRAGACHI','23:30:00','23:30:00',1656,'MAS','CHENNAI CENTRAL','SRC','SANTRAGACHI JN.\r'),(6041,'MAS-QLN SPEC',1,'MAS','CHENNAI CENT','18:20:00','18:20:00',0,'MAS','CHENNAI CENTRAL','QLN','QUILON\r'),(6041,'MAS-QLN SPEC',2,'AJJ','ARAKKONAM JN','19:32:00','19:34:00',68,'MAS','CHENNAI CENTRAL','QLN','QUILON\r'),(6041,'MAS-QLN SPEC',3,'KPD','KATPADI JN','20:25:00','20:27:00',128,'MAS','CHENNAI CENTRAL','QLN','QUILON\r'),(6041,'MAS-QLN SPEC',4,'JTJ','JOLARPETTAI','21:47:00','21:52:00',212,'MAS','CHENNAI CENTRAL','QLN','QUILON\r'),(6041,'MAS-QLN SPEC',5,'SA','SALEM JN.','23:30:00','23:32:00',331,'MAS','CHENNAI CENTRAL','QLN','QUILON\r'),(6041,'MAS-QLN SPEC',6,'ED','ERODE JN.','00:35:00','00:45:00',391,'MAS','CHENNAI CENTRAL','QLN','QUILON\r'),(6041,'MAS-QLN SPEC',7,'TUP','TIRUPPUR','01:22:00','01:24:00',441,'MAS','CHENNAI CENTRAL','QLN','QUILON\r'),(6041,'MAS-QLN SPEC',8,'CBE','COIMBATORE','02:19:00','02:24:00',491,'MAS','CHENNAI CENTRAL','QLN','QUILON\r'),(6041,'MAS-QLN SPEC',9,'PGT','PALAKKAD JN','03:25:00','03:30:00',545,'MAS','CHENNAI CENTRAL','QLN','QUILON\r'),(6041,'MAS-QLN SPEC',10,'TCR','TRICHUR','05:18:00','05:20:00',621,'MAS','CHENNAI CENTRAL','QLN','QUILON\r'),(6041,'MAS-QLN SPEC',11,'AWY','ALWAYE','06:23:00','06:25:00',676,'MAS','CHENNAI CENTRAL','QLN','QUILON\r'),(6041,'MAS-QLN SPEC',12,'ERN','ERNAKULAM TO','07:15:00','07:20:00',693,'MAS','CHENNAI CENTRAL','QLN','QUILON\r'),(6041,'MAS-QLN SPEC',13,'KTYM','KOTTAYAM','08:28:00','08:30:00',752,'MAS','CHENNAI CENTRAL','QLN','QUILON\r'),(6041,'MAS-QLN SPEC',14,'CGY','CHANGANACHER','09:04:00','09:10:00',769,'MAS','CHENNAI CENTRAL','QLN','QUILON\r'),(6041,'MAS-QLN SPEC',15,'TRVL','TIRUVALLA','09:26:00','09:28:00',777,'MAS','CHENNAI CENTRAL','QLN','QUILON\r'),(6041,'MAS-QLN SPEC',16,'CNGR','CHENGANNUR','09:38:00','09:40:00',786,'MAS','CHENNAI CENTRAL','QLN','QUILON\r'),(6041,'MAS-QLN SPEC',17,'MVLK','MAVELIKARA','09:56:00','09:58:00',799,'MAS','CHENNAI CENTRAL','QLN','QUILON\r'),(6041,'MAS-QLN SPEC',18,'KYJ','KAYANKULAM J','10:10:00','10:12:00',807,'MAS','CHENNAI CENTRAL','QLN','QUILON\r'),(6041,'MAS-QLN SPEC',19,'QLN','QUILON','11:00:00','11:00:00',849,'MAS','CHENNAI CENTRAL','QLN','QUILON\r'),(6043,'MAS-QLN SPL',1,'MAS','CHENNAI CENT','22:30:00','22:30:00',0,'MAS','CHENNAI CENTRAL','QLN','QUILON\r'),(6043,'MAS-QLN SPL',2,'AJJ','ARAKKONAM JN','23:42:00','23:44:00',68,'MAS','CHENNAI CENTRAL','QLN','QUILON\r'),(6043,'MAS-QLN SPL',3,'KPD','KATPADI JN','00:32:00','00:34:00',128,'MAS','CHENNAI CENTRAL','QLN','QUILON\r'),(6043,'MAS-QLN SPL',4,'JTJ','JOLARPETTAI','01:55:00','02:00:00',212,'MAS','CHENNAI CENTRAL','QLN','QUILON\r'),(6043,'MAS-QLN SPL',5,'SA','SALEM JN.','03:25:00','03:30:00',331,'MAS','CHENNAI CENTRAL','QLN','QUILON\r'),(6043,'MAS-QLN SPL',6,'ED','ERODE JN.','04:30:00','04:35:00',391,'MAS','CHENNAI CENTRAL','QLN','QUILON\r'),(6043,'MAS-QLN SPL',7,'TUP','TIRUPPUR','05:20:00','05:22:00',441,'MAS','CHENNAI CENTRAL','QLN','QUILON\r'),(6043,'MAS-QLN SPL',8,'CBE','COIMBATORE','06:25:00','06:30:00',491,'MAS','CHENNAI CENTRAL','QLN','QUILON\r'),(6043,'MAS-QLN SPL',9,'PGT','PALAKKAD JN','07:30:00','07:35:00',545,'MAS','CHENNAI CENTRAL','QLN','QUILON\r'),(6043,'MAS-QLN SPL',10,'TCR','TRICHUR','09:05:00','09:07:00',621,'MAS','CHENNAI CENTRAL','QLN','QUILON\r'),(6043,'MAS-QLN SPL',11,'AWY','ALWAYE','10:05:00','10:07:00',676,'MAS','CHENNAI CENTRAL','QLN','QUILON\r'),(6043,'MAS-QLN SPL',12,'ERN','ERNAKULAM TO','10:30:00','10:35:00',693,'MAS','CHENNAI CENTRAL','QLN','QUILON\r'),(6043,'MAS-QLN SPL',13,'KTYM','KOTTAYAM','11:58:00','12:00:00',752,'MAS','CHENNAI CENTRAL','QLN','QUILON\r'),(6043,'MAS-QLN SPL',14,'CGY','CHANGANACHER','12:18:00','12:20:00',769,'MAS','CHENNAI CENTRAL','QLN','QUILON\r'),(6043,'MAS-QLN SPL',15,'TRVL','TIRUVALLA','12:30:00','12:40:00',777,'MAS','CHENNAI CENTRAL','QLN','QUILON\r'),(6043,'MAS-QLN SPL',16,'CNGR','CHENGANNUR','12:52:00','12:54:00',786,'MAS','CHENNAI CENTRAL','QLN','QUILON\r'),(6043,'MAS-QLN SPL',17,'KYJ','KAYANKULAM J','13:20:00','13:25:00',807,'MAS','CHENNAI CENTRAL','QLN','QUILON\r'),(6043,'MAS-QLN SPL',18,'QLN','QUILON','14:30:00','14:30:00',849,'MAS','CHENNAI CENTRAL','QLN','QUILON\r'),(6047,'MAS-QLN SPL',1,'MAS','CHENNAI CENT','18:20:00','18:20:00',0,'MAS','CHENNAI CENTRAL','QLN','QUILON\r'),(6047,'MAS-QLN SPL',2,'AJJ','ARAKKONAM JN','19:32:00','19:34:00',68,'MAS','CHENNAI CENTRAL','QLN','QUILON\r'),(6047,'MAS-QLN SPL',3,'KPD','KATPADI JN','20:25:00','20:27:00',128,'MAS','CHENNAI CENTRAL','QLN','QUILON\r'),(6047,'MAS-QLN SPL',4,'JTJ','JOLARPETTAI','21:47:00','21:52:00',212,'MAS','CHENNAI CENTRAL','QLN','QUILON\r'),(6047,'MAS-QLN SPL',5,'SA','SALEM JN.','23:30:00','23:32:00',331,'MAS','CHENNAI CENTRAL','QLN','QUILON\r'),(6047,'MAS-QLN SPL',6,'ED','ERODE JN.','00:34:00','00:39:00',391,'MAS','CHENNAI CENTRAL','QLN','QUILON\r'),(6047,'MAS-QLN SPL',7,'TUP','TIRUPPUR','01:22:00','01:24:00',441,'MAS','CHENNAI CENTRAL','QLN','QUILON\r'),(6047,'MAS-QLN SPL',8,'CBE','COIMBATORE','02:19:00','02:24:00',491,'MAS','CHENNAI CENTRAL','QLN','QUILON\r'),(6047,'MAS-QLN SPL',9,'PGT','PALAKKAD JN','03:40:00','03:45:00',546,'MAS','CHENNAI CENTRAL','QLN','QUILON\r'),(6047,'MAS-QLN SPL',10,'TCR','TRICHUR','05:18:00','05:20:00',622,'MAS','CHENNAI CENTRAL','QLN','QUILON\r'),(6047,'MAS-QLN SPL',11,'AWY','ALWAYE','06:23:00','06:25:00',677,'MAS','CHENNAI CENTRAL','QLN','QUILON\r'),(6047,'MAS-QLN SPL',12,'ERN','ERNAKULAM TO','07:15:00','07:20:00',694,'MAS','CHENNAI CENTRAL','QLN','QUILON\r'),(6047,'MAS-QLN SPL',13,'KTYM','KOTTAYAM','08:28:00','08:30:00',752,'MAS','CHENNAI CENTRAL','QLN','QUILON\r'),(6047,'MAS-QLN SPL',14,'CGY','CHANGANACHER','09:04:00','09:10:00',770,'MAS','CHENNAI CENTRAL','QLN','QUILON\r'),(6047,'MAS-QLN SPL',15,'TRVL','TIRUVALLA','09:26:00','09:28:00',778,'MAS','CHENNAI CENTRAL','QLN','QUILON\r'),(6047,'MAS-QLN SPL',16,'CNGR','CHENGANNUR','09:38:00','09:40:00',787,'MAS','CHENNAI CENTRAL','QLN','QUILON\r'),(6047,'MAS-QLN SPL',17,'MVLK','MAVELIKARA','09:46:00','09:47:00',799,'MAS','CHENNAI CENTRAL','QLN','QUILON\r'),(6047,'MAS-QLN SPL',18,'KYJ','KAYANKULAM J','09:50:00','09:52:00',807,'MAS','CHENNAI CENTRAL','QLN','QUILON\r'),(6047,'MAS-QLN SPL',19,'QLN','QUILON','10:30:00','10:30:00',849,'MAS','CHENNAI CENTRAL','QLN','QUILON\r'),(6058,'MAS-SRC  EXP',1,'MAS','CHENNAI CENT','15:15:00','15:15:00',0,'MAS','CHENNAI CENTRAL','SRC','SANTRAGACHI JN.\r'),(6058,'MAS-SRC  EXP',2,'GDR','GUDUR JN.','17:40:00','17:42:00',137,'MAS','CHENNAI CENTRAL','SRC','SANTRAGACHI JN.\r'),(6058,'MAS-SRC  EXP',3,'NLR','NELLORE','18:10:00','18:12:00',175,'MAS','CHENNAI CENTRAL','SRC','SANTRAGACHI JN.\r'),(6058,'MAS-SRC  EXP',4,'OGL','ONGOLE','19:36:00','19:38:00',291,'MAS','CHENNAI CENTRAL','SRC','SANTRAGACHI JN.\r'),(6058,'MAS-SRC  EXP',5,'BZA','VIJAYWADA JN','22:00:00','22:15:00',429,'MAS','CHENNAI CENTRAL','SRC','SANTRAGACHI JN.\r'),(6058,'MAS-SRC  EXP',6,'EE','ELURU','23:07:00','23:09:00',489,'MAS','CHENNAI CENTRAL','SRC','SANTRAGACHI JN.\r'),(6058,'MAS-SRC  EXP',7,'RJY','RAJAHMUNDRY','01:15:00','01:17:00',579,'MAS','CHENNAI CENTRAL','SRC','SANTRAGACHI JN.\r'),(6058,'MAS-SRC  EXP',8,'SLO','SAMALKOT JN.','01:53:00','01:55:00',629,'MAS','CHENNAI CENTRAL','SRC','SANTRAGACHI JN.\r'),(6058,'MAS-SRC  EXP',9,'AKP','ANAKAPALLE','03:40:00','03:42:00',746,'MAS','CHENNAI CENTRAL','SRC','SANTRAGACHI JN.\r'),(6058,'MAS-SRC  EXP',10,'VSKP','VISAKHAPATNA','05:10:00','05:30:00',780,'MAS','CHENNAI CENTRAL','SRC','SANTRAGACHI JN.\r'),(6058,'MAS-SRC  EXP',11,'VZM','VIZIANAGARAM','06:25:00','06:27:00',840,'MAS','CHENNAI CENTRAL','SRC','SANTRAGACHI JN.\r'),(6058,'MAS-SRC  EXP',12,'BAM','BERHAMPUR','09:09:00','09:11:00',1056,'MAS','CHENNAI CENTRAL','SRC','SANTRAGACHI JN.\r'),(6058,'MAS-SRC  EXP',13,'KUR','KHURDA ROAD','11:10:00','11:30:00',1203,'MAS','CHENNAI CENTRAL','SRC','SANTRAGACHI JN.\r'),(6058,'MAS-SRC  EXP',14,'BBS','BHUBANESWAR','11:55:00','12:00:00',1222,'MAS','CHENNAI CENTRAL','SRC','SANTRAGACHI JN.\r'),(6058,'MAS-SRC  EXP',15,'CTC','CUTTACK JN.','12:30:00','12:35:00',1249,'MAS','CHENNAI CENTRAL','SRC','SANTRAGACHI JN.\r'),(6058,'MAS-SRC  EXP',16,'BHC','BHADRAKH','14:20:00','14:22:00',1365,'MAS','CHENNAI CENTRAL','SRC','SANTRAGACHI JN.\r'),(6058,'MAS-SRC  EXP',17,'BLS','BALASORE','15:05:00','15:10:00',1427,'MAS','CHENNAI CENTRAL','SRC','SANTRAGACHI JN.\r'),(6058,'MAS-SRC  EXP',18,'KGP','KHARAGPUR','16:35:00','16:40:00',1548,'MAS','CHENNAI CENTRAL','SRC','SANTRAGACHI JN.\r'),(6058,'MAS-SRC  EXP',19,'SRC','SANTRAGACHI','19:00:00','19:00:00',1655,'MAS','CHENNAI CENTRAL','SRC','SANTRAGACHI JN.\r'),(11028,'MAS-CSMT MUM',1,'MAS','CHENNAI CENT','23:55:00','23:55:00',0,'MAS','CHENNAI CENTRAL','CSMT','CST-MUMBAI\r'),(11028,'MAS-CSMT MUM',2,'TRL','TIRUVALLUR','00:33:00','00:35:00',41,'MAS','CHENNAI CENTRAL','CSMT','CST-MUMBAI\r'),(11028,'MAS-CSMT MUM',3,'AJJ','ARAKKONAM JN','01:03:00','01:05:00',68,'MAS','CHENNAI CENTRAL','CSMT','CST-MUMBAI\r'),(11028,'MAS-CSMT MUM',4,'TRT','TIRUTTANI','01:23:00','01:25:00',80,'MAS','CHENNAI CENTRAL','CSMT','CST-MUMBAI\r'),(11028,'MAS-CSMT MUM',5,'PUT','PUTUR','01:53:00','01:55:00',113,'MAS','CHENNAI CENTRAL','CSMT','CST-MUMBAI\r'),(11028,'MAS-CSMT MUM',6,'RU','RENIGUNTA JN','02:35:00','02:40:00',138,'MAS','CHENNAI CENTRAL','CSMT','CST-MUMBAI\r'),(11028,'MAS-CSMT MUM',7,'KOU','KODURU','03:18:00','03:20:00',179,'MAS','CHENNAI CENTRAL','CSMT','CST-MUMBAI\r'),(11028,'MAS-CSMT MUM',8,'RJP','RAZAMPETA','03:53:00','03:55:00',213,'MAS','CHENNAI CENTRAL','CSMT','CST-MUMBAI\r'),(11028,'MAS-CSMT MUM',9,'NRE','NANDALUR','04:08:00','04:10:00',224,'MAS','CHENNAI CENTRAL','CSMT','CST-MUMBAI\r'),(11028,'MAS-CSMT MUM',10,'HX','CUDDAPAH','04:48:00','04:50:00',263,'MAS','CHENNAI CENTRAL','CSMT','CST-MUMBAI\r'),(11028,'MAS-CSMT MUM',11,'KKM','KAMALAPURAM','05:14:00','05:15:00',287,'MAS','CHENNAI CENTRAL','CSMT','CST-MUMBAI\r'),(11028,'MAS-CSMT MUM',12,'YA','YERRA GUNTLA','05:29:00','05:30:00',303,'MAS','CHENNAI CENTRAL','CSMT','CST-MUMBAI\r'),(11028,'MAS-CSMT MUM',13,'MOO','MUDDANURU','05:49:00','05:50:00',319,'MAS','CHENNAI CENTRAL','CSMT','CST-MUMBAI\r'),(11028,'MAS-CSMT MUM',14,'KDP','KONDAPURAM','06:29:00','06:30:00',344,'MAS','CHENNAI CENTRAL','CSMT','CST-MUMBAI\r'),(11028,'MAS-CSMT MUM',15,'TU','TADIPATRI','06:59:00','07:00:00',372,'MAS','CHENNAI CENTRAL','CSMT','CST-MUMBAI\r'),(11028,'MAS-CSMT MUM',16,'RLO','RAYALCHERUVU','07:19:00','07:20:00',396,'MAS','CHENNAI CENTRAL','CSMT','CST-MUMBAI\r'),(11028,'MAS-CSMT MUM',17,'GY','GOOTY JN.','07:48:00','07:50:00',420,'MAS','CHENNAI CENTRAL','CSMT','CST-MUMBAI\r'),(11028,'MAS-CSMT MUM',18,'GTL','GUNTAKAL JN.','08:30:00','08:40:00',448,'MAS','CHENNAI CENTRAL','CSMT','CST-MUMBAI\r'),(11028,'MAS-CSMT MUM',19,'NRR','NAGARUR','09:09:00','09:10:00',490,'MAS','CHENNAI CENTRAL','CSMT','CST-MUMBAI\r'),(11028,'MAS-CSMT MUM',20,'AD','ADONI','09:28:00','09:30:00',500,'MAS','CHENNAI CENTRAL','CSMT','CST-MUMBAI\r'),(11028,'MAS-CSMT MUM',21,'KGL','KUPGAL','09:39:00','09:40:00',514,'MAS','CHENNAI CENTRAL','CSMT','CST-MUMBAI\r'),(11028,'MAS-CSMT MUM',22,'KO','KOSGI','09:49:00','09:50:00',528,'MAS','CHENNAI CENTRAL','CSMT','CST-MUMBAI\r'),(11028,'MAS-CSMT MUM',23,'MALM','MANTHRALAYAM','10:09:00','10:10:00',541,'MAS','CHENNAI CENTRAL','CSMT','CST-MUMBAI\r'),(11028,'MAS-CSMT MUM',24,'MTU','MATMARI','10:19:00','10:20:00',552,'MAS','CHENNAI CENTRAL','CSMT','CST-MUMBAI\r'),(11028,'MAS-CSMT MUM',25,'RC','RAICHUR','10:43:00','10:45:00',569,'MAS','CHENNAI CENTRAL','CSMT','CST-MUMBAI\r'),(11028,'MAS-CSMT MUM',26,'KSN','KRISHNA','11:15:00','11:20:00',594,'MAS','CHENNAI CENTRAL','CSMT','CST-MUMBAI\r'),(11028,'MAS-CSMT MUM',27,'SADP','SAIDAPUR','11:49:00','11:50:00',614,'MAS','CHENNAI CENTRAL','CSMT','CST-MUMBAI\r'),(11028,'MAS-CSMT MUM',28,'YG','YADGIR','12:14:00','12:15:00',638,'MAS','CHENNAI CENTRAL','CSMT','CST-MUMBAI\r'),(11028,'MAS-CSMT MUM',29,'NW','NALWAR','12:34:00','12:35:00',663,'MAS','CHENNAI CENTRAL','CSMT','CST-MUMBAI\r'),(11028,'MAS-CSMT MUM',30,'WADI','WADI JN.','14:55:00','15:00:00',676,'MAS','CHENNAI CENTRAL','CSMT','CST-MUMBAI\r'),(11028,'MAS-CSMT MUM',31,'SDB','SHAHABAD','15:12:00','15:13:00',687,'MAS','CHENNAI CENTRAL','CSMT','CST-MUMBAI\r'),(11028,'MAS-CSMT MUM',32,'GR','GULBARGA','15:42:00','15:45:00',713,'MAS','CHENNAI CENTRAL','CSMT','CST-MUMBAI\r'),(11028,'MAS-CSMT MUM',33,'GUR','GANGAPUR ROA','16:11:00','16:12:00',740,'MAS','CHENNAI CENTRAL','CSMT','CST-MUMBAI\r'),(11028,'MAS-CSMT MUM',34,'DUD','DUDHANI','16:39:00','16:40:00',763,'MAS','CHENNAI CENTRAL','CSMT','CST-MUMBAI\r'),(11028,'MAS-CSMT MUM',35,'AKOR','AKALKOT ROAD','17:14:00','17:15:00',791,'MAS','CHENNAI CENTRAL','CSMT','CST-MUMBAI\r'),(11028,'MAS-CSMT MUM',36,'HG','HOTGI JN.','17:35:00','17:37:00',811,'MAS','CHENNAI CENTRAL','CSMT','CST-MUMBAI\r'),(11028,'MAS-CSMT MUM',37,'SUR','SOLAPUR','18:10:00','18:20:00',826,'MAS','CHENNAI CENTRAL','CSMT','CST-MUMBAI\r'),(11028,'MAS-CSMT MUM',38,'MO','MOHOL','18:49:00','18:50:00',859,'MAS','CHENNAI CENTRAL','CSMT','CST-MUMBAI\r'),(11028,'MAS-CSMT MUM',39,'MA','MADHA','19:15:00','19:16:00',889,'MAS','CHENNAI CENTRAL','CSMT','CST-MUMBAI\r'),(11028,'MAS-CSMT MUM',40,'KWV','KURDUVADI JN','19:35:00','19:37:00',905,'MAS','CHENNAI CENTRAL','CSMT','CST-MUMBAI\r'),(11028,'MAS-CSMT MUM',41,'KEM','KEM','19:55:00','19:56:00',923,'MAS','CHENNAI CENTRAL','CSMT','CST-MUMBAI\r'),(11028,'MAS-CSMT MUM',42,'JEUR','JEUR','20:14:00','20:15:00',939,'MAS','CHENNAI CENTRAL','CSMT','CST-MUMBAI\r'),(11028,'MAS-CSMT MUM',43,'BGVN','BHIGVAN','21:04:00','21:05:00',986,'MAS','CHENNAI CENTRAL','CSMT','CST-MUMBAI\r'),(11028,'MAS-CSMT MUM',44,'DD','DAUND JN.','21:50:00','21:55:00',1014,'MAS','CHENNAI CENTRAL','CSMT','CST-MUMBAI\r'),(11028,'MAS-CSMT MUM',45,'PUNE','PUNE JN.','23:25:00','23:35:00',1092,'MAS','CHENNAI CENTRAL','CSMT','CST-MUMBAI\r'),(11028,'MAS-CSMT MUM',46,'KK','KHADKI','23:44:00','23:45:00',1098,'MAS','CHENNAI CENTRAL','CSMT','CST-MUMBAI\r'),(11028,'MAS-CSMT MUM',47,'LNL','LONAVLA','00:42:00','00:45:00',1155,'MAS','CHENNAI CENTRAL','CSMT','CST-MUMBAI\r'),(11028,'MAS-CSMT MUM',48,'KJT','KARJAT','01:33:00','01:35:00',1183,'MAS','CHENNAI CENTRAL','CSMT','CST-MUMBAI\r'),(11028,'MAS-CSMT MUM',49,'KYN','KALYAN JN','02:27:00','02:30:00',1230,'MAS','CHENNAI CENTRAL','CSMT','CST-MUMBAI\r'),(11028,'MAS-CSMT MUM',50,'TNA','THANE','02:42:00','02:45:00',1250,'MAS','CHENNAI CENTRAL','CSMT','CST-MUMBAI\r'),(11028,'MAS-CSMT MUM',51,'DR','DADAR','03:12:00','03:15:00',1274,'MAS','CHENNAI CENTRAL','CSMT','CST-MUMBAI\r'),(11028,'MAS-CSMT MUM',52,'CSMT','CST-MUMBAI','03:45:00','03:45:00',1283,'MAS','CHENNAI CENTRAL','CSMT','CST-MUMBAI\r'),(11042,'MAS-CSMT MUM',1,'MAS','CHENNAI CENT','12:20:00','12:20:00',0,'MAS','CHENNAI CENTRAL','CSMT','CST-MUMBAI\r'),(11042,'MAS-CSMT MUM',2,'AJJ','ARAKKONAM JN','13:23:00','13:25:00',68,'MAS','CHENNAI CENTRAL','CSMT','CST-MUMBAI\r'),(11042,'MAS-CSMT MUM',3,'TRT','TIRUTTANI','13:43:00','13:45:00',80,'MAS','CHENNAI CENTRAL','CSMT','CST-MUMBAI\r'),(11042,'MAS-CSMT MUM',4,'PUT','PUTUR','14:13:00','14:15:00',113,'MAS','CHENNAI CENTRAL','CSMT','CST-MUMBAI\r'),(11042,'MAS-CSMT MUM',5,'RU','RENIGUNTA JN','14:50:00','14:55:00',138,'MAS','CHENNAI CENTRAL','CSMT','CST-MUMBAI\r'),(11042,'MAS-CSMT MUM',6,'KOU','KODURU','15:29:00','15:30:00',179,'MAS','CHENNAI CENTRAL','CSMT','CST-MUMBAI\r'),(11042,'MAS-CSMT MUM',7,'RJP','RAZAMPETA','15:59:00','16:00:00',213,'MAS','CHENNAI CENTRAL','CSMT','CST-MUMBAI\r'),(11042,'MAS-CSMT MUM',8,'NRE','NANDALUR','16:14:00','16:15:00',224,'MAS','CHENNAI CENTRAL','CSMT','CST-MUMBAI\r'),(11042,'MAS-CSMT MUM',9,'HX','CUDDAPAH','16:49:00','16:50:00',263,'MAS','CHENNAI CENTRAL','CSMT','CST-MUMBAI\r'),(11042,'MAS-CSMT MUM',10,'KKM','KAMALAPURAM','17:09:00','17:10:00',287,'MAS','CHENNAI CENTRAL','CSMT','CST-MUMBAI\r'),(11042,'MAS-CSMT MUM',11,'YA','YERRA GUNTLA','17:34:00','17:35:00',303,'MAS','CHENNAI CENTRAL','CSMT','CST-MUMBAI\r'),(11042,'MAS-CSMT MUM',12,'MOO','MUDDANURU','17:54:00','17:55:00',319,'MAS','CHENNAI CENTRAL','CSMT','CST-MUMBAI\r'),(11042,'MAS-CSMT MUM',13,'KDP','KONDAPURAM','18:29:00','18:30:00',344,'MAS','CHENNAI CENTRAL','CSMT','CST-MUMBAI\r'),(11042,'MAS-CSMT MUM',14,'TU','TADIPATRI','18:54:00','18:55:00',372,'MAS','CHENNAI CENTRAL','CSMT','CST-MUMBAI\r'),(11042,'MAS-CSMT MUM',15,'GY','GOOTY JN.','19:28:00','19:30:00',420,'MAS','CHENNAI CENTRAL','CSMT','CST-MUMBAI\r'),(11042,'MAS-CSMT MUM',16,'GTL','GUNTAKAL JN.','20:05:00','20:25:00',448,'MAS','CHENNAI CENTRAL','CSMT','CST-MUMBAI\r'),(11042,'MAS-CSMT MUM',17,'AD','ADONI','21:13:00','21:15:00',500,'MAS','CHENNAI CENTRAL','CSMT','CST-MUMBAI\r'),(11042,'MAS-CSMT MUM',18,'MALM','MANTHRALAYAM','21:49:00','21:50:00',541,'MAS','CHENNAI CENTRAL','CSMT','CST-MUMBAI\r'),(11042,'MAS-CSMT MUM',19,'RC','RAICHUR','22:18:00','22:20:00',569,'MAS','CHENNAI CENTRAL','CSMT','CST-MUMBAI\r'),(11042,'MAS-CSMT MUM',20,'KSN','KRISHNA','22:49:00','22:50:00',594,'MAS','CHENNAI CENTRAL','CSMT','CST-MUMBAI\r'),(11042,'MAS-CSMT MUM',21,'YG','YADGIR','23:33:00','23:35:00',638,'MAS','CHENNAI CENTRAL','CSMT','CST-MUMBAI\r'),(11042,'MAS-CSMT MUM',22,'WADI','WADI JN.','01:40:00','01:45:00',676,'MAS','CHENNAI CENTRAL','CSMT','CST-MUMBAI\r'),(11042,'MAS-CSMT MUM',23,'SDB','SHAHABAD','01:57:00','01:58:00',687,'MAS','CHENNAI CENTRAL','CSMT','CST-MUMBAI\r'),(11042,'MAS-CSMT MUM',24,'GR','GULBARGA','02:22:00','02:25:00',713,'MAS','CHENNAI CENTRAL','CSMT','CST-MUMBAI\r'),(11042,'MAS-CSMT MUM',25,'SUR','SOLAPUR','04:30:00','04:40:00',826,'MAS','CHENNAI CENTRAL','CSMT','CST-MUMBAI\r'),(11042,'MAS-CSMT MUM',26,'KWV','KURDUVADI JN','05:55:00','05:57:00',905,'MAS','CHENNAI CENTRAL','CSMT','CST-MUMBAI\r'),(11042,'MAS-CSMT MUM',27,'DD','DAUND JN.','08:00:00','08:05:00',1014,'MAS','CHENNAI CENTRAL','CSMT','CST-MUMBAI\r'),(11042,'MAS-CSMT MUM',28,'PUNE','PUNE JN.','09:30:00','09:35:00',1092,'MAS','CHENNAI CENTRAL','CSMT','CST-MUMBAI\r'),(11042,'MAS-CSMT MUM',29,'KK','KHADKI','09:44:00','09:45:00',1098,'MAS','CHENNAI CENTRAL','CSMT','CST-MUMBAI\r'),(11042,'MAS-CSMT MUM',30,'LNL','LONAVLA','10:43:00','10:45:00',1155,'MAS','CHENNAI CENTRAL','CSMT','CST-MUMBAI\r'),(11042,'MAS-CSMT MUM',31,'KYN','KALYAN JN','12:17:00','12:20:00',1230,'MAS','CHENNAI CENTRAL','CSMT','CST-MUMBAI\r'),(11042,'MAS-CSMT MUM',32,'TNA','THANE','12:37:00','12:40:00',1250,'MAS','CHENNAI CENTRAL','CSMT','CST-MUMBAI\r'),(11042,'MAS-CSMT MUM',33,'DR','DADAR','13:02:00','13:05:00',1274,'MAS','CHENNAI CENTRAL','CSMT','CST-MUMBAI\r'),(11042,'MAS-CSMT MUM',34,'CSMT','CST-MUMBAI','13:35:00','13:35:00',1283,'MAS','CHENNAI CENTRAL','CSMT','CST-MUMBAI\r'),(11074,'CHENNAI - LT',1,'MAS','CHENNAI CENT','15:15:00','15:15:00',0,'MAS','CHENNAI CENTRAL','LTT','LOKMANYA TILAK TERMINUS\r'),(11074,'CHENNAI - LT',2,'AJJ','ARAKKONAM JN','16:18:00','16:20:00',68,'MAS','CHENNAI CENTRAL','LTT','LOKMANYA TILAK TERMINUS\r'),(11074,'CHENNAI - LT',3,'RU','RENIGUNTA JN','17:55:00','18:00:00',138,'MAS','CHENNAI CENTRAL','LTT','LOKMANYA TILAK TERMINUS\r'),(11074,'CHENNAI - LT',4,'HX','CUDDAPAH','19:43:00','19:45:00',263,'MAS','CHENNAI CENTRAL','LTT','LOKMANYA TILAK TERMINUS\r'),(11074,'CHENNAI - LT',5,'YA','YERRA GUNTLA','20:19:00','20:20:00',303,'MAS','CHENNAI CENTRAL','LTT','LOKMANYA TILAK TERMINUS\r'),(11074,'CHENNAI - LT',6,'GY','GOOTY JN.','22:29:00','22:30:00',420,'MAS','CHENNAI CENTRAL','LTT','LOKMANYA TILAK TERMINUS\r'),(11074,'CHENNAI - LT',7,'GTL','GUNTAKAL JN.','23:05:00','23:10:00',448,'MAS','CHENNAI CENTRAL','LTT','LOKMANYA TILAK TERMINUS\r'),(11074,'CHENNAI - LT',8,'AD','ADONI','23:53:00','23:55:00',500,'MAS','CHENNAI CENTRAL','LTT','LOKMANYA TILAK TERMINUS\r'),(11074,'CHENNAI - LT',9,'MALM','MANTHRALAYAM','00:33:00','00:35:00',541,'MAS','CHENNAI CENTRAL','LTT','LOKMANYA TILAK TERMINUS\r'),(11074,'CHENNAI - LT',10,'RC','RAICHUR','01:03:00','01:05:00',569,'MAS','CHENNAI CENTRAL','LTT','LOKMANYA TILAK TERMINUS\r'),(11074,'CHENNAI - LT',11,'YG','YADGIR','02:00:00','02:02:00',638,'MAS','CHENNAI CENTRAL','LTT','LOKMANYA TILAK TERMINUS\r'),(11074,'CHENNAI - LT',12,'WADI','WADI JN.','04:00:00','04:05:00',676,'MAS','CHENNAI CENTRAL','LTT','LOKMANYA TILAK TERMINUS\r'),(11074,'CHENNAI - LT',13,'GR','GULBARGA','04:37:00','04:40:00',713,'MAS','CHENNAI CENTRAL','LTT','LOKMANYA TILAK TERMINUS\r'),(11074,'CHENNAI - LT',14,'SUR','SOLAPUR','06:40:00','06:50:00',826,'MAS','CHENNAI CENTRAL','LTT','LOKMANYA TILAK TERMINUS\r'),(11074,'CHENNAI - LT',15,'PUNE','PUNE JN.','11:50:00','12:00:00',1092,'MAS','CHENNAI CENTRAL','LTT','LOKMANYA TILAK TERMINUS\r'),(11074,'CHENNAI - LT',16,'KYN','KALYAN JN','15:02:00','15:05:00',1230,'MAS','CHENNAI CENTRAL','LTT','LOKMANYA TILAK TERMINUS\r'),(11074,'CHENNAI - LT',17,'LTT','LOKMANYA TIL','16:00:00','16:00:00',1267,'MAS','CHENNAI CENTRAL','LTT','LOKMANYA TILAK TERMINUS\r'),(12007,'MAS-MYS SHAT',1,'MAS','CHENNAI CENT','06:00:00','06:00:00',0,'MAS','CHENNAI CENTRAL','MYS','MYSORE JN.\r'),(12007,'MAS-MYS SHAT',2,'KPD','KATPADI JN','07:38:00','07:40:00',128,'MAS','CHENNAI CENTRAL','MYS','MYSORE JN.\r'),(12007,'MAS-MYS SHAT',3,'SBC','KRANTIVIRA S','10:50:00','11:00:00',360,'MAS','CHENNAI CENTRAL','MYS','MYSORE JN.\r'),(12007,'MAS-MYS SHAT',4,'MYS','MYSORE JN.','13:00:00','13:00:00',498,'MAS','CHENNAI CENTRAL','MYS','MYSORE JN.\r'),(12027,'MAS-SBC SHAT',1,'MAS','CHENNAI CENT','17:30:00','17:30:00',0,'MAS','CHENNAI CENTRAL','SBC','KRANTIVIRA SANGOLLI RAYANNA (BENGALURU STATION)\r'),(12027,'MAS-SBC SHAT',2,'KPD','KATPADI JN','19:08:00','19:10:00',128,'MAS','CHENNAI CENTRAL','SBC','KRANTIVIRA SANGOLLI RAYANNA (BENGALURU STATION)\r'),(12027,'MAS-SBC SHAT',3,'BNC','BANGALORE CA','22:09:00','22:10:00',356,'MAS','CHENNAI CENTRAL','SBC','KRANTIVIRA SANGOLLI RAYANNA (BENGALURU STATION)\r'),(12027,'MAS-SBC SHAT',4,'SBC','KRANTIVIRA S','22:30:00','22:30:00',360,'MAS','CHENNAI CENTRAL','SBC','KRANTIVIRA SANGOLLI RAYANNA (BENGALURU STATION)\r'),(12077,'MAS-BZA JAN',1,'MAS','CHENNAI CENT','07:35:00','07:35:00',0,'MAS','CHENNAI CENTRAL','BZA','VIJAYWADA JN.\r'),(12077,'MAS-BZA JAN',2,'SPE','SULLURUPETTA','08:43:00','08:45:00',82,'MAS','CHENNAI CENTRAL','BZA','VIJAYWADA JN.\r'),(12077,'MAS-BZA JAN',3,'GDR','GUDUR JN.','09:45:00','09:47:00',137,'MAS','CHENNAI CENTRAL','BZA','VIJAYWADA JN.\r'),(12077,'MAS-BZA JAN',4,'NLR','NELLORE','10:09:00','10:10:00',175,'MAS','CHENNAI CENTRAL','BZA','VIJAYWADA JN.\r'),(12077,'MAS-BZA JAN',5,'KVZ','KAVALI','10:39:00','10:40:00',226,'MAS','CHENNAI CENTRAL','BZA','VIJAYWADA JN.\r'),(12077,'MAS-BZA JAN',6,'OGL','ONGOLE','11:44:00','11:45:00',291,'MAS','CHENNAI CENTRAL','BZA','VIJAYWADA JN.\r'),(12077,'MAS-BZA JAN',7,'CLX','CHIRALA','12:19:00','12:20:00',341,'MAS','CHENNAI CENTRAL','BZA','VIJAYWADA JN.\r'),(12077,'MAS-BZA JAN',8,'TEL','TENALI JN.','13:19:00','13:20:00',398,'MAS','CHENNAI CENTRAL','BZA','VIJAYWADA JN.\r'),(12077,'MAS-BZA JAN',9,'NGNT','NEW GUNTUR','13:45:00','13:46:00',423,'MAS','CHENNAI CENTRAL','BZA','VIJAYWADA JN.\r'),(12077,'MAS-BZA JAN',10,'BZA','VIJAYWADA JN','14:45:00','14:45:00',453,'MAS','CHENNAI CENTRAL','BZA','VIJAYWADA JN.\r'),(12243,'MAS-CBE SHAT',1,'MAS','CHENNAI CENT','07:15:00','07:15:00',0,'MAS','CHENNAI CENTRAL','CBE','COIMBATORE  JN.\r'),(12243,'MAS-CBE SHAT',2,'JTJ','JOLARPETTAI','09:59:00','10:00:00',212,'MAS','CHENNAI CENTRAL','CBE','COIMBATORE  JN.\r'),(12243,'MAS-CBE SHAT',3,'SA','SALEM JN.','11:22:00','11:25:00',331,'MAS','CHENNAI CENTRAL','CBE','COIMBATORE  JN.\r'),(12243,'MAS-CBE SHAT',4,'ED','ERODE JN.','12:22:00','12:25:00',390,'MAS','CHENNAI CENTRAL','CBE','COIMBATORE  JN.\r'),(12243,'MAS-CBE SHAT',5,'TUP','TIRUPPUR','13:08:00','13:10:00',441,'MAS','CHENNAI CENTRAL','CBE','COIMBATORE  JN.\r'),(12243,'MAS-CBE SHAT',6,'CBE','COIMBATORE','14:15:00','14:15:00',491,'MAS','CHENNAI CENTRAL','CBE','COIMBATORE  JN.\r'),(12269,'MAS-NZM DURA',1,'MAS','CHENNAI CENT','06:40:00','06:40:00',0,'MAS','CHENNAI CENTRAL','NZM','HAZRAT NIZAMUDDIN JN\r'),(12269,'MAS-NZM DURA',2,'BZA','VIJAYWADA JN','12:30:00','12:40:00',429,'MAS','CHENNAI CENTRAL','NZM','HAZRAT NIZAMUDDIN JN\r'),(12269,'MAS-NZM DURA',3,'BPQ','BALHARSHAH','18:10:00','18:15:00',880,'MAS','CHENNAI CENTRAL','NZM','HAZRAT NIZAMUDDIN JN\r'),(12269,'MAS-NZM DURA',4,'NGP','NAGPUR JN.(C','20:55:00','21:05:00',1092,'MAS','CHENNAI CENTRAL','NZM','HAZRAT NIZAMUDDIN JN\r'),(12269,'MAS-NZM DURA',5,'HBJ','HABIBGANJ','02:12:00','02:17:00',1475,'MAS','CHENNAI CENTRAL','NZM','HAZRAT NIZAMUDDIN JN\r'),(12269,'MAS-NZM DURA',6,'JHS','JHANSI JN','05:45:00','05:50:00',1770,'MAS','CHENNAI CENTRAL','NZM','HAZRAT NIZAMUDDIN JN\r'),(12269,'MAS-NZM DURA',7,'NZM','HAZRAT NIZAM','10:35:00','10:35:00',2156,'MAS','CHENNAI CENTRAL','NZM','HAZRAT NIZAMUDDIN JN\r'),(12292,'MAS-YPR EXP',1,'MAS','CHENNAI CENT','23:30:00','23:30:00',0,'MAS','CHENNAI CENTRAL','YPR','YESVANTPUR JN.\r'),(12292,'MAS-YPR EXP',2,'AJJ','ARAKKONAM JN','00:18:00','00:20:00',68,'MAS','CHENNAI CENTRAL','YPR','YESVANTPUR JN.\r'),(12292,'MAS-YPR EXP',3,'WJR','WALAJAH ROAD','00:49:00','00:50:00',104,'MAS','CHENNAI CENTRAL','YPR','YESVANTPUR JN.\r'),(12292,'MAS-YPR EXP',4,'JTJ','JOLARPETTAI','02:43:00','02:45:00',212,'MAS','CHENNAI CENTRAL','YPR','YESVANTPUR JN.\r'),(12292,'MAS-YPR EXP',5,'BWT','BANGARPET JN','03:48:00','03:50:00',290,'MAS','CHENNAI CENTRAL','YPR','YESVANTPUR JN.\r'),(12292,'MAS-YPR EXP',6,'KJM','KRISHNA RAJA','04:43:00','04:45:00',346,'MAS','CHENNAI CENTRAL','YPR','YESVANTPUR JN.\r'),(12292,'MAS-YPR EXP',7,'YPR','YESVANTPUR J','06:00:00','06:00:00',363,'MAS','CHENNAI CENTRAL','YPR','YESVANTPUR JN.\r'),(12375,'MAS ASN  EXP',1,'MAS','CHENNAI CENT','00:00:00','14:40:00',0,'MAS','CHENNAI CENTRAL','ASN','ASANSOL MAIN\r'),(12375,'MAS ASN  EXP',2,'SPE','SULLURUPETTA','15:49:00','15:50:00',82,'MAS','CHENNAI CENTRAL','ASN','ASANSOL MAIN\r'),(12375,'MAS ASN  EXP',3,'GDR','GUDUR JN.','17:00:00','17:02:00',137,'MAS','CHENNAI CENTRAL','ASN','ASANSOL MAIN\r'),(12375,'MAS ASN  EXP',4,'NLR','NELLORE','17:32:00','17:33:00',175,'MAS','CHENNAI CENTRAL','ASN','ASANSOL MAIN\r'),(12375,'MAS ASN  EXP',5,'OGL','ONGOLE','18:58:00','19:00:00',291,'MAS','CHENNAI CENTRAL','ASN','ASANSOL MAIN\r'),(12375,'MAS ASN  EXP',6,'TEL','TENALI JN.','20:12:00','20:13:00',398,'MAS','CHENNAI CENTRAL','ASN','ASANSOL MAIN\r'),(12375,'MAS ASN  EXP',7,'BZA','VIJAYWADA JN','21:35:00','21:55:00',429,'MAS','CHENNAI CENTRAL','ASN','ASANSOL MAIN\r'),(12375,'MAS ASN  EXP',8,'EE','ELURU','22:41:00','22:42:00',489,'MAS','CHENNAI CENTRAL','ASN','ASANSOL MAIN\r'),(12375,'MAS ASN  EXP',9,'RJY','RAJAHMUNDRY','00:11:00','00:13:00',579,'MAS','CHENNAI CENTRAL','ASN','ASANSOL MAIN\r'),(12375,'MAS ASN  EXP',10,'SLO','SAMALKOT JN.','00:51:00','00:52:00',629,'MAS','CHENNAI CENTRAL','ASN','ASANSOL MAIN\r'),(12375,'MAS ASN  EXP',11,'VSKP','VISAKHAPATNA','04:10:00','04:30:00',780,'MAS','CHENNAI CENTRAL','ASN','ASANSOL MAIN\r'),(12375,'MAS ASN  EXP',12,'VZM','VIZIANAGARAM','05:25:00','05:30:00',840,'MAS','CHENNAI CENTRAL','ASN','ASANSOL MAIN\r'),(12375,'MAS ASN  EXP',13,'VBL','BOBBILI JN.','06:13:00','06:15:00',894,'MAS','CHENNAI CENTRAL','ASN','ASANSOL MAIN\r'),(12375,'MAS ASN  EXP',14,'PVP','PARVATIPURAM','06:36:00','06:38:00',918,'MAS','CHENNAI CENTRAL','ASN','ASANSOL MAIN\r'),(12375,'MAS ASN  EXP',15,'RGDA','RAYAGADA JN.','07:20:00','07:35:00',965,'MAS','CHENNAI CENTRAL','ASN','ASANSOL MAIN\r'),(12375,'MAS ASN  EXP',16,'MNGD','MUNIGUDA','08:33:00','08:35:00',1018,'MAS','CHENNAI CENTRAL','ASN','ASANSOL MAIN\r'),(12375,'MAS ASN  EXP',17,'KSNG','KESINGA','09:33:00','09:35:00',1091,'MAS','CHENNAI CENTRAL','ASN','ASANSOL MAIN\r'),(12375,'MAS ASN  EXP',18,'TIG','TITLA GARH J','09:55:00','10:05:00',1104,'MAS','CHENNAI CENTRAL','ASN','ASANSOL MAIN\r'),(12375,'MAS ASN  EXP',19,'BLGR','BALANGIR','11:05:00','11:10:00',1168,'MAS','CHENNAI CENTRAL','ASN','ASANSOL MAIN\r'),(12375,'MAS ASN  EXP',20,'BRGA','BARGARH ROAD','12:27:00','12:29:00',1243,'MAS','CHENNAI CENTRAL','ASN','ASANSOL MAIN\r'),(12375,'MAS ASN  EXP',21,'SBP','SAMBALPUR JN','13:30:00','13:45:00',1286,'MAS','CHENNAI CENTRAL','ASN','ASANSOL MAIN\r'),(12375,'MAS ASN  EXP',22,'JSG','JHARSUGUDA J','14:55:00','15:00:00',1334,'MAS','CHENNAI CENTRAL','ASN','ASANSOL MAIN\r'),(12375,'MAS ASN  EXP',23,'ROU','ROURKELA','16:18:00','16:38:00',1436,'MAS','CHENNAI CENTRAL','ASN','ASANSOL MAIN\r'),(12375,'MAS ASN  EXP',24,'CKP','CHAKARADHARP','18:00:00','18:02:00',1534,'MAS','CHENNAI CENTRAL','ASN','ASANSOL MAIN\r'),(12375,'MAS ASN  EXP',25,'PRR','PURULIA JN.','19:48:00','19:50:00',1653,'MAS','CHENNAI CENTRAL','ASN','ASANSOL MAIN\r'),(12375,'MAS ASN  EXP',26,'JOC','JOYCHANDI PA','20:51:00','20:53:00',1692,'MAS','CHENNAI CENTRAL','ASN','ASANSOL MAIN\r'),(12375,'MAS ASN  EXP',27,'ASN','ASANSOL MAIN','21:55:00','00:00:00',1729,'MAS','CHENNAI CENTRAL','ASN','ASANSOL MAIN\r'),(12433,'MAS-NZM RAJD',1,'MAS','CHENNAI CENT','06:10:00','06:10:00',0,'MAS','CHENNAI CENTRAL','NZM','HAZRAT NIZAMUDDIN JN\r'),(12433,'MAS-NZM RAJD',2,'BZA','VIJAYWADA JN','11:50:00','12:05:00',429,'MAS','CHENNAI CENTRAL','NZM','HAZRAT NIZAMUDDIN JN\r'),(12433,'MAS-NZM RAJD',3,'WL','WARANGAL','14:39:00','14:40:00',636,'MAS','CHENNAI CENTRAL','NZM','HAZRAT NIZAMUDDIN JN\r'),(12433,'MAS-NZM RAJD',4,'BPQ','BALHARSHAH','17:50:00','18:00:00',880,'MAS','CHENNAI CENTRAL','NZM','HAZRAT NIZAMUDDIN JN\r'),(12433,'MAS-NZM RAJD',5,'NGP','NAGPUR JN.(C','20:35:00','20:45:00',1092,'MAS','CHENNAI CENTRAL','NZM','HAZRAT NIZAMUDDIN JN\r'),(12433,'MAS-NZM RAJD',6,'BPL','BHOPAL','02:00:00','02:10:00',1481,'MAS','CHENNAI CENTRAL','NZM','HAZRAT NIZAMUDDIN JN\r'),(12433,'MAS-NZM RAJD',7,'JHS','JHANSI JN','05:26:00','05:31:00',1770,'MAS','CHENNAI CENTRAL','NZM','HAZRAT NIZAMUDDIN JN\r'),(12433,'MAS-NZM RAJD',8,'GWL','GWALIOR JN','06:30:00','06:32:00',1868,'MAS','CHENNAI CENTRAL','NZM','HAZRAT NIZAMUDDIN JN\r'),(12433,'MAS-NZM RAJD',9,'AGC','AGRA CANTT','07:55:00','07:57:00',1975,'MAS','CHENNAI CENTRAL','NZM','HAZRAT NIZAMUDDIN JN\r'),(12433,'MAS-NZM RAJD',10,'NZM','HAZRAT NIZAM','10:25:00','10:25:00',2156,'MAS','CHENNAI CENTRAL','NZM','HAZRAT NIZAMUDDIN JN\r'),(12601,'MANGALORE MA',1,'MAS','CHENNAI CENT','20:20:00','20:20:00',0,'MAS','CHENNAI CENTRAL','MAQ','MANGALORE CENTRAL\r'),(12601,'MANGALORE MA',2,'TRL','TIRUVALLUR','20:49:00','20:50:00',41,'MAS','CHENNAI CENTRAL','MAQ','MANGALORE CENTRAL\r'),(12601,'MANGALORE MA',3,'AJJ','ARAKKONAM JN','21:08:00','21:10:00',68,'MAS','CHENNAI CENTRAL','MAQ','MANGALORE CENTRAL\r'),(12601,'MANGALORE MA',4,'WJR','WALAJAH ROAD','21:39:00','21:40:00',104,'MAS','CHENNAI CENTRAL','MAQ','MANGALORE CENTRAL\r'),(12601,'MANGALORE MA',5,'KPD','KATPADI JN','21:58:00','22:00:00',128,'MAS','CHENNAI CENTRAL','MAQ','MANGALORE CENTRAL\r'),(12601,'MANGALORE MA',6,'JTJ','JOLARPETTAI','23:23:00','23:25:00',212,'MAS','CHENNAI CENTRAL','MAQ','MANGALORE CENTRAL\r'),(12601,'MANGALORE MA',7,'SA','SALEM JN.','00:52:00','00:55:00',331,'MAS','CHENNAI CENTRAL','MAQ','MANGALORE CENTRAL\r'),(12601,'MANGALORE MA',8,'ED','ERODE JN.','01:50:00','01:55:00',390,'MAS','CHENNAI CENTRAL','MAQ','MANGALORE CENTRAL\r'),(12601,'MANGALORE MA',9,'TUP','TIRUPPUR','02:38:00','02:40:00',441,'MAS','CHENNAI CENTRAL','MAQ','MANGALORE CENTRAL\r'),(12601,'MANGALORE MA',10,'PTJ','PODANUR JN.','03:28:00','03:30:00',484,'MAS','CHENNAI CENTRAL','MAQ','MANGALORE CENTRAL\r'),(12601,'MANGALORE MA',11,'PGT','PALAKKAD JN','04:30:00','04:35:00',533,'MAS','CHENNAI CENTRAL','MAQ','MANGALORE CENTRAL\r'),(12601,'MANGALORE MA',12,'OTP','OTTAPPALAM','04:58:00','05:00:00',564,'MAS','CHENNAI CENTRAL','MAQ','MANGALORE CENTRAL\r'),(12601,'MANGALORE MA',13,'SRR','SHORANUR JN.','05:30:00','05:40:00',576,'MAS','CHENNAI CENTRAL','MAQ','MANGALORE CENTRAL\r'),(12601,'MANGALORE MA',14,'PTB','PATTAMBI','05:58:00','06:00:00',587,'MAS','CHENNAI CENTRAL','MAQ','MANGALORE CENTRAL\r'),(12601,'MANGALORE MA',15,'KTU','KUTTIPPURAM','06:23:00','06:25:00',606,'MAS','CHENNAI CENTRAL','MAQ','MANGALORE CENTRAL\r'),(12601,'MANGALORE MA',16,'TIR','TIRUR','06:48:00','06:50:00',621,'MAS','CHENNAI CENTRAL','MAQ','MANGALORE CENTRAL\r'),(12601,'MANGALORE MA',17,'TA','TANUR','06:58:00','07:00:00',629,'MAS','CHENNAI CENTRAL','MAQ','MANGALORE CENTRAL\r'),(12601,'MANGALORE MA',18,'PGI','PARPANANGADI','07:09:00','07:10:00',637,'MAS','CHENNAI CENTRAL','MAQ','MANGALORE CENTRAL\r'),(12601,'MANGALORE MA',19,'FK','FEROK','07:34:00','07:35:00',652,'MAS','CHENNAI CENTRAL','MAQ','MANGALORE CENTRAL\r'),(12601,'MANGALORE MA',20,'CLT','CALICUT','07:55:00','08:00:00',662,'MAS','CHENNAI CENTRAL','MAQ','MANGALORE CENTRAL\r'),(12601,'MANGALORE MA',21,'QLD','QUILANDI','08:24:00','08:25:00',687,'MAS','CHENNAI CENTRAL','MAQ','MANGALORE CENTRAL\r'),(12601,'MANGALORE MA',22,'BDJ','VADAKARA','08:38:00','08:40:00',709,'MAS','CHENNAI CENTRAL','MAQ','MANGALORE CENTRAL\r'),(12601,'MANGALORE MA',23,'MAHE','MAHE','08:49:00','08:50:00',722,'MAS','CHENNAI CENTRAL','MAQ','MANGALORE CENTRAL\r'),(12601,'MANGALORE MA',24,'TLY','THALASSERY','09:03:00','09:05:00',731,'MAS','CHENNAI CENTRAL','MAQ','MANGALORE CENTRAL\r'),(12601,'MANGALORE MA',25,'CAN','KANNUR','09:30:00','09:35:00',752,'MAS','CHENNAI CENTRAL','MAQ','MANGALORE CENTRAL\r'),(12601,'MANGALORE MA',26,'PAZ','PAYANGADI','09:53:00','09:55:00',773,'MAS','CHENNAI CENTRAL','MAQ','MANGALORE CENTRAL\r'),(12601,'MANGALORE MA',27,'PAY','PAYYANUR','10:03:00','10:05:00',785,'MAS','CHENNAI CENTRAL','MAQ','MANGALORE CENTRAL\r'),(12601,'MANGALORE MA',28,'CHV','CHERVATTUR','10:18:00','10:20:00',800,'MAS','CHENNAI CENTRAL','MAQ','MANGALORE CENTRAL\r'),(12601,'MANGALORE MA',29,'KZE','KANHANGAD','10:38:00','10:40:00',814,'MAS','CHENNAI CENTRAL','MAQ','MANGALORE CENTRAL\r'),(12601,'MANGALORE MA',30,'KGQ','KASARAGOD','10:58:00','11:00:00',837,'MAS','CHENNAI CENTRAL','MAQ','MANGALORE CENTRAL\r'),(12601,'MANGALORE MA',31,'MAQ','MANGALORE CE','12:25:00','12:25:00',883,'MAS','CHENNAI CENTRAL','MAQ','MANGALORE CENTRAL\r'),(12603,'HYDERABAD EX',1,'MAS','CHENNAI CENT','16:45:00','16:45:00',0,'MAS','CHENNAI CENTRAL','HYB','HYDERABAD DECCAN\r'),(12603,'HYDERABAD EX',2,'SPE','SULLURUPETTA','17:58:00','18:00:00',82,'MAS','CHENNAI CENTRAL','HYB','HYDERABAD DECCAN\r'),(12603,'HYDERABAD EX',3,'NYP','NAYUDUPETA','18:23:00','18:25:00',109,'MAS','CHENNAI CENTRAL','HYB','HYDERABAD DECCAN\r'),(12603,'HYDERABAD EX',4,'GDR','GUDUR JN.','19:15:00','19:18:00',137,'MAS','CHENNAI CENTRAL','HYB','HYDERABAD DECCAN\r'),(12603,'HYDERABAD EX',5,'NLR','NELLORE','19:44:00','19:45:00',175,'MAS','CHENNAI CENTRAL','HYB','HYDERABAD DECCAN\r'),(12603,'HYDERABAD EX',6,'BTTR','BITRAGUNTA','20:14:00','20:15:00',209,'MAS','CHENNAI CENTRAL','HYB','HYDERABAD DECCAN\r'),(12603,'HYDERABAD EX',7,'KVZ','KAVALI','20:29:00','20:30:00',226,'MAS','CHENNAI CENTRAL','HYB','HYDERABAD DECCAN\r'),(12603,'HYDERABAD EX',8,'SKM','SINGARAYAKON','20:54:00','20:55:00',263,'MAS','CHENNAI CENTRAL','HYB','HYDERABAD DECCAN\r'),(12603,'HYDERABAD EX',9,'OGL','ONGOLE','21:26:00','21:27:00',291,'MAS','CHENNAI CENTRAL','HYB','HYDERABAD DECCAN\r'),(12603,'HYDERABAD EX',10,'CLX','CHIRALA','22:02:00','22:03:00',341,'MAS','CHENNAI CENTRAL','HYB','HYDERABAD DECCAN\r'),(12603,'HYDERABAD EX',11,'BPP','BAPATIA','22:14:00','22:15:00',356,'MAS','CHENNAI CENTRAL','HYB','HYDERABAD DECCAN\r'),(12603,'HYDERABAD EX',12,'NDO','NIDUBROLU','22:32:00','22:33:00',376,'MAS','CHENNAI CENTRAL','HYB','HYDERABAD DECCAN\r'),(12603,'HYDERABAD EX',13,'TEL','TENALI JN.','23:16:00','23:17:00',398,'MAS','CHENNAI CENTRAL','HYB','HYDERABAD DECCAN\r'),(12603,'HYDERABAD EX',14,'GNT','GUNTUR JN.','23:55:00','00:15:00',423,'MAS','CHENNAI CENTRAL','HYB','HYDERABAD DECCAN\r'),(12603,'HYDERABAD EX',15,'SAP','SATTENAPALLE','00:55:00','00:56:00',466,'MAS','CHENNAI CENTRAL','HYB','HYDERABAD DECCAN\r'),(12603,'HYDERABAD EX',16,'PGRL','PIDUGURALLA','01:19:00','01:20:00',497,'MAS','CHENNAI CENTRAL','HYB','HYDERABAD DECCAN\r'),(12603,'HYDERABAD EX',17,'NDKD','NADIKUDE JN.','01:40:00','01:41:00',519,'MAS','CHENNAI CENTRAL','HYB','HYDERABAD DECCAN\r'),(12603,'HYDERABAD EX',18,'VNUP','VISHNUPURAM','01:57:00','01:58:00',536,'MAS','CHENNAI CENTRAL','HYB','HYDERABAD DECCAN\r'),(12603,'HYDERABAD EX',19,'MRGA','MIRYALAGUDA','02:20:00','02:21:00',557,'MAS','CHENNAI CENTRAL','HYB','HYDERABAD DECCAN\r'),(12603,'HYDERABAD EX',20,'NLDA','NALGONDA','02:50:00','02:51:00',595,'MAS','CHENNAI CENTRAL','HYB','HYDERABAD DECCAN\r'),(12603,'HYDERABAD EX',21,'SC','SECUNDERABAD','05:15:00','05:20:00',705,'MAS','CHENNAI CENTRAL','HYB','HYDERABAD DECCAN\r'),(12603,'HYDERABAD EX',22,'HYB','HYDERABAD DE','05:45:00','05:45:00',715,'MAS','CHENNAI CENTRAL','HYB','HYDERABAD DECCAN\r'),(12607,'MAS-SBC LALB',1,'MAS','CHENNAI CENT','15:35:00','15:35:00',0,'MAS','CHENNAI CENTRAL','SBC','KRANTIVIRA SANGOLLI RAYANNA (BENGALURU STATION)\r'),(12607,'MAS-SBC LALB',2,'PER','PERAMBUR','15:46:00','15:47:00',5,'MAS','CHENNAI CENTRAL','SBC','KRANTIVIRA SANGOLLI RAYANNA (BENGALURU STATION)\r'),(12607,'MAS-SBC LALB',3,'AJJ','ARAKKONAM JN','16:28:00','16:30:00',68,'MAS','CHENNAI CENTRAL','SBC','KRANTIVIRA SANGOLLI RAYANNA (BENGALURU STATION)\r'),(12607,'MAS-SBC LALB',4,'WJR','WALAJAH ROAD','17:04:00','17:05:00',104,'MAS','CHENNAI CENTRAL','SBC','KRANTIVIRA SANGOLLI RAYANNA (BENGALURU STATION)\r'),(12607,'MAS-SBC LALB',5,'KPD','KATPADI JN','17:28:00','17:30:00',128,'MAS','CHENNAI CENTRAL','SBC','KRANTIVIRA SANGOLLI RAYANNA (BENGALURU STATION)\r'),(12607,'MAS-SBC LALB',6,'AB','AMBUR','18:08:00','18:10:00',181,'MAS','CHENNAI CENTRAL','SBC','KRANTIVIRA SANGOLLI RAYANNA (BENGALURU STATION)\r'),(12607,'MAS-SBC LALB',7,'JTJ','JOLARPETTAI','18:53:00','18:55:00',212,'MAS','CHENNAI CENTRAL','SBC','KRANTIVIRA SANGOLLI RAYANNA (BENGALURU STATION)\r'),(12607,'MAS-SBC LALB',8,'KPN','KUPPAM','19:23:00','19:25:00',256,'MAS','CHENNAI CENTRAL','SBC','KRANTIVIRA SANGOLLI RAYANNA (BENGALURU STATION)\r'),(12607,'MAS-SBC LALB',9,'BWT','BANGARPET JN','19:58:00','20:00:00',290,'MAS','CHENNAI CENTRAL','SBC','KRANTIVIRA SANGOLLI RAYANNA (BENGALURU STATION)\r'),(12607,'MAS-SBC LALB',10,'KJM','KRISHNA RAJA','20:43:00','20:45:00',346,'MAS','CHENNAI CENTRAL','SBC','KRANTIVIRA SANGOLLI RAYANNA (BENGALURU STATION)\r'),(12607,'MAS-SBC LALB',11,'BNC','BANGALORE CA','21:08:00','21:10:00',356,'MAS','CHENNAI CENTRAL','SBC','KRANTIVIRA SANGOLLI RAYANNA (BENGALURU STATION)\r'),(12607,'MAS-SBC LALB',12,'SBC','KRANTIVIRA S','21:35:00','21:35:00',360,'MAS','CHENNAI CENTRAL','SBC','KRANTIVIRA SANGOLLI RAYANNA (BENGALURU STATION)\r'),(12609,'MAS-SBC EXP',1,'MAS','CHENNAI CENT','13:35:00','13:35:00',0,'MAS','CHENNAI CENTRAL','SBC','KRANTIVIRA SANGOLLI RAYANNA (BENGALURU STATION)\r'),(12609,'MAS-SBC EXP',2,'TRL','TIRUVALLUR','14:03:00','14:05:00',41,'MAS','CHENNAI CENTRAL','SBC','KRANTIVIRA SANGOLLI RAYANNA (BENGALURU STATION)\r'),(12609,'MAS-SBC EXP',3,'AJJ','ARAKKONAM JN','14:28:00','14:30:00',68,'MAS','CHENNAI CENTRAL','SBC','KRANTIVIRA SANGOLLI RAYANNA (BENGALURU STATION)\r'),(12609,'MAS-SBC EXP',4,'SHU','SHOLINGUR','14:48:00','14:50:00',89,'MAS','CHENNAI CENTRAL','SBC','KRANTIVIRA SANGOLLI RAYANNA (BENGALURU STATION)\r'),(12609,'MAS-SBC EXP',5,'WJR','WALAJAH ROAD','15:03:00','15:05:00',104,'MAS','CHENNAI CENTRAL','SBC','KRANTIVIRA SANGOLLI RAYANNA (BENGALURU STATION)\r'),(12609,'MAS-SBC EXP',6,'MCN','MUKUNDARAYAP','15:13:00','15:15:00',111,'MAS','CHENNAI CENTRAL','SBC','KRANTIVIRA SANGOLLI RAYANNA (BENGALURU STATION)\r'),(12609,'MAS-SBC EXP',7,'KPD','KATPADI JN','15:28:00','15:30:00',128,'MAS','CHENNAI CENTRAL','SBC','KRANTIVIRA SANGOLLI RAYANNA (BENGALURU STATION)\r'),(12609,'MAS-SBC EXP',8,'GYM','GUDIATTAM','15:48:00','15:50:00',153,'MAS','CHENNAI CENTRAL','SBC','KRANTIVIRA SANGOLLI RAYANNA (BENGALURU STATION)\r'),(12609,'MAS-SBC EXP',9,'AB','AMBUR','16:23:00','16:25:00',181,'MAS','CHENNAI CENTRAL','SBC','KRANTIVIRA SANGOLLI RAYANNA (BENGALURU STATION)\r'),(12609,'MAS-SBC EXP',10,'VN','VANIYAMBADI','16:38:00','16:40:00',197,'MAS','CHENNAI CENTRAL','SBC','KRANTIVIRA SANGOLLI RAYANNA (BENGALURU STATION)\r'),(12609,'MAS-SBC EXP',11,'JTJ','JOLARPETTAI','17:13:00','17:15:00',212,'MAS','CHENNAI CENTRAL','SBC','KRANTIVIRA SANGOLLI RAYANNA (BENGALURU STATION)\r'),(12609,'MAS-SBC EXP',12,'KPN','KUPPAM','17:44:00','17:45:00',256,'MAS','CHENNAI CENTRAL','SBC','KRANTIVIRA SANGOLLI RAYANNA (BENGALURU STATION)\r'),(12609,'MAS-SBC EXP',13,'BWT','BANGARPET JN','18:14:00','18:15:00',290,'MAS','CHENNAI CENTRAL','SBC','KRANTIVIRA SANGOLLI RAYANNA (BENGALURU STATION)\r'),(12609,'MAS-SBC EXP',14,'MLO','MALUR','18:44:00','18:45:00',317,'MAS','CHENNAI CENTRAL','SBC','KRANTIVIRA SANGOLLI RAYANNA (BENGALURU STATION)\r'),(12609,'MAS-SBC EXP',15,'WFD','WHITE FIELD','18:59:00','19:00:00',337,'MAS','CHENNAI CENTRAL','SBC','KRANTIVIRA SANGOLLI RAYANNA (BENGALURU STATION)\r'),(12609,'MAS-SBC EXP',16,'KJM','KRISHNA RAJA','19:13:00','19:15:00',346,'MAS','CHENNAI CENTRAL','SBC','KRANTIVIRA SANGOLLI RAYANNA (BENGALURU STATION)\r'),(12609,'MAS-SBC EXP',17,'BNCE','BANGALORE EA','19:24:00','19:25:00',353,'MAS','CHENNAI CENTRAL','SBC','KRANTIVIRA SANGOLLI RAYANNA (BENGALURU STATION)\r'),(12609,'MAS-SBC EXP',18,'BNC','BANGALORE CA','19:33:00','19:35:00',356,'MAS','CHENNAI CENTRAL','SBC','KRANTIVIRA SANGOLLI RAYANNA (BENGALURU STATION)\r'),(12609,'MAS-SBC EXP',19,'SBC','KRANTIVIRA S','20:05:00','20:05:00',360,'MAS','CHENNAI CENTRAL','SBC','KRANTIVIRA SANGOLLI RAYANNA (BENGALURU STATION)\r'),(12611,'MAS-NZM GARI',1,'MAS','CHENNAI CENT','06:10:00','06:10:00',0,'MAS','CHENNAI CENTRAL','NZM','HAZRAT NIZAMUDDIN JN\r'),(12611,'MAS-NZM GARI',2,'GDR','GUDUR JN.','08:00:00','08:01:00',137,'MAS','CHENNAI CENTRAL','NZM','HAZRAT NIZAMUDDIN JN\r'),(12611,'MAS-NZM GARI',3,'OGL','ONGOLE','09:49:00','09:50:00',291,'MAS','CHENNAI CENTRAL','NZM','HAZRAT NIZAMUDDIN JN\r'),(12611,'MAS-NZM GARI',4,'BZA','VIJAYWADA JN','11:50:00','12:05:00',429,'MAS','CHENNAI CENTRAL','NZM','HAZRAT NIZAMUDDIN JN\r'),(12611,'MAS-NZM GARI',5,'BPQ','BALHARSHAH','17:50:00','18:00:00',880,'MAS','CHENNAI CENTRAL','NZM','HAZRAT NIZAMUDDIN JN\r'),(12611,'MAS-NZM GARI',6,'NGP','NAGPUR JN.(C','20:35:00','20:45:00',1092,'MAS','CHENNAI CENTRAL','NZM','HAZRAT NIZAMUDDIN JN\r'),(12611,'MAS-NZM GARI',7,'BPL','BHOPAL','02:00:00','02:10:00',1481,'MAS','CHENNAI CENTRAL','NZM','HAZRAT NIZAMUDDIN JN\r'),(12611,'MAS-NZM GARI',8,'JHS','JHANSI JN','05:26:00','05:31:00',1770,'MAS','CHENNAI CENTRAL','NZM','HAZRAT NIZAMUDDIN JN\r'),(12611,'MAS-NZM GARI',9,'GWL','GWALIOR JN','06:30:00','06:32:00',1868,'MAS','CHENNAI CENTRAL','NZM','HAZRAT NIZAMUDDIN JN\r'),(12611,'MAS-NZM GARI',10,'AGC','AGRA CANTT','07:55:00','07:57:00',1975,'MAS','CHENNAI CENTRAL','NZM','HAZRAT NIZAMUDDIN JN\r'),(12611,'MAS-NZM GARI',11,'NZM','HAZRAT NIZAM','10:25:00','10:25:00',2156,'MAS','CHENNAI CENTRAL','NZM','HAZRAT NIZAMUDDIN JN\r'),(12615,'MAS-NDLS GRA',1,'MAS','CHENNAI CENT','19:15:00','19:15:00',0,'MAS','CHENNAI CENTRAL','DEE','DELHI-SARAI ROHILLA\r'),(12615,'MAS-NDLS GRA',2,'GDR','GUDUR JN.','21:30:00','21:32:00',137,'MAS','CHENNAI CENTRAL','DEE','DELHI-SARAI ROHILLA\r'),(12615,'MAS-NDLS GRA',3,'NLR','NELLORE','21:56:00','21:58:00',175,'MAS','CHENNAI CENTRAL','DEE','DELHI-SARAI ROHILLA\r'),(12615,'MAS-NDLS GRA',4,'OGL','ONGOLE','23:23:00','23:25:00',291,'MAS','CHENNAI CENTRAL','DEE','DELHI-SARAI ROHILLA\r'),(12615,'MAS-NDLS GRA',5,'CLX','CHIRALA','00:01:00','00:02:00',341,'MAS','CHENNAI CENTRAL','DEE','DELHI-SARAI ROHILLA\r'),(12615,'MAS-NDLS GRA',6,'BPP','BAPATIA','00:12:00','00:13:00',356,'MAS','CHENNAI CENTRAL','DEE','DELHI-SARAI ROHILLA\r'),(12615,'MAS-NDLS GRA',7,'TEL','TENALI JN.','00:44:00','00:45:00',398,'MAS','CHENNAI CENTRAL','DEE','DELHI-SARAI ROHILLA\r'),(12615,'MAS-NDLS GRA',8,'BZA','VIJAYWADA JN','01:55:00','02:05:00',429,'MAS','CHENNAI CENTRAL','DEE','DELHI-SARAI ROHILLA\r'),(12615,'MAS-NDLS GRA',9,'KMT','KHAMMAM','03:18:00','03:20:00',529,'MAS','CHENNAI CENTRAL','DEE','DELHI-SARAI ROHILLA\r'),(12615,'MAS-NDLS GRA',10,'WL','WARANGAL','04:58:00','05:00:00',636,'MAS','CHENNAI CENTRAL','DEE','DELHI-SARAI ROHILLA\r'),(12615,'MAS-NDLS GRA',11,'RDM','RAMGUNDAM','06:19:00','06:20:00',738,'MAS','CHENNAI CENTRAL','DEE','DELHI-SARAI ROHILLA\r'),(12615,'MAS-NDLS GRA',12,'MCI','MANCHIRYAL','06:33:00','06:34:00',752,'MAS','CHENNAI CENTRAL','DEE','DELHI-SARAI ROHILLA\r'),(12615,'MAS-NDLS GRA',13,'SKZR','SIRPURKAGHAZ','07:23:00','07:25:00',810,'MAS','CHENNAI CENTRAL','DEE','DELHI-SARAI ROHILLA\r'),(12615,'MAS-NDLS GRA',14,'BPQ','BALHARSHAH','08:45:00','08:55:00',880,'MAS','CHENNAI CENTRAL','DEE','DELHI-SARAI ROHILLA\r'),(12615,'MAS-NDLS GRA',15,'CD','CHANDRAPUR (','09:12:00','09:15:00',894,'MAS','CHENNAI CENTRAL','DEE','DELHI-SARAI ROHILLA\r'),(12615,'MAS-NDLS GRA',16,'HGT','HINGANGHAT','10:17:00','10:18:00',978,'MAS','CHENNAI CENTRAL','DEE','DELHI-SARAI ROHILLA\r'),(12615,'MAS-NDLS GRA',17,'SEGM','SEWAGRAM','10:59:00','11:00:00',1016,'MAS','CHENNAI CENTRAL','DEE','DELHI-SARAI ROHILLA\r'),(12615,'MAS-NDLS GRA',18,'NGP','NAGPUR JN.(C','12:15:00','12:25:00',1092,'MAS','CHENNAI CENTRAL','DEE','DELHI-SARAI ROHILLA\r'),(12615,'MAS-NDLS GRA',19,'NRKR','NARKHER','13:30:00','13:31:00',1178,'MAS','CHENNAI CENTRAL','DEE','DELHI-SARAI ROHILLA\r'),(12615,'MAS-NDLS GRA',20,'PAR','PANDHURNA','13:49:00','13:50:00',1196,'MAS','CHENNAI CENTRAL','DEE','DELHI-SARAI ROHILLA\r'),(12615,'MAS-NDLS GRA',21,'AMLA','AMLA JN.','14:55:00','14:57:00',1260,'MAS','CHENNAI CENTRAL','DEE','DELHI-SARAI ROHILLA\r'),(12615,'MAS-NDLS GRA',22,'BZU','BETUL','15:16:00','15:17:00',1282,'MAS','CHENNAI CENTRAL','DEE','DELHI-SARAI ROHILLA\r'),(12615,'MAS-NDLS GRA',23,'GDYA','GHORADONGRI','15:58:00','15:59:00',1319,'MAS','CHENNAI CENTRAL','DEE','DELHI-SARAI ROHILLA\r'),(12615,'MAS-NDLS GRA',24,'ET','ITARSI','17:15:00','17:20:00',1389,'MAS','CHENNAI CENTRAL','DEE','DELHI-SARAI ROHILLA\r'),(12615,'MAS-NDLS GRA',25,'HBD','HOSHANGABAD','17:38:00','17:40:00',1407,'MAS','CHENNAI CENTRAL','DEE','DELHI-SARAI ROHILLA\r'),(12615,'MAS-NDLS GRA',26,'HBJ','HABIBGANJ','18:45:00','18:47:00',1475,'MAS','CHENNAI CENTRAL','DEE','DELHI-SARAI ROHILLA\r'),(12615,'MAS-NDLS GRA',27,'BPL','BHOPAL','19:20:00','19:30:00',1481,'MAS','CHENNAI CENTRAL','DEE','DELHI-SARAI ROHILLA\r'),(12615,'MAS-NDLS GRA',28,'BHS','VIDISHA','20:07:00','20:09:00',1534,'MAS','CHENNAI CENTRAL','DEE','DELHI-SARAI ROHILLA\r'),(12615,'MAS-NDLS GRA',29,'BAQ','GANJ BASODA','20:38:00','20:40:00',1574,'MAS','CHENNAI CENTRAL','DEE','DELHI-SARAI ROHILLA\r'),(12615,'MAS-NDLS GRA',30,'BINA','BINA','21:25:00','21:30:00',1619,'MAS','CHENNAI CENTRAL','DEE','DELHI-SARAI ROHILLA\r'),(12615,'MAS-NDLS GRA',31,'JHS','JHANSI JN','23:28:00','23:40:00',1770,'MAS','CHENNAI CENTRAL','DEE','DELHI-SARAI ROHILLA\r'),(12615,'MAS-NDLS GRA',32,'GWL','GWALIOR JN','00:50:00','00:55:00',1868,'MAS','CHENNAI CENTRAL','DEE','DELHI-SARAI ROHILLA\r'),(12615,'MAS-NDLS GRA',33,'MRA','MORENA','01:20:00','01:22:00',1906,'MAS','CHENNAI CENTRAL','DEE','DELHI-SARAI ROHILLA\r'),(12615,'MAS-NDLS GRA',34,'DHO','DHAULPUR','01:51:00','01:53:00',1922,'MAS','CHENNAI CENTRAL','DEE','DELHI-SARAI ROHILLA\r'),(12615,'MAS-NDLS GRA',35,'AGC','AGRA CANTT','02:45:00','02:50:00',1975,'MAS','CHENNAI CENTRAL','DEE','DELHI-SARAI ROHILLA\r'),(12615,'MAS-NDLS GRA',36,'RKM','RAJA-KI-MAND','02:58:00','03:00:00',1978,'MAS','CHENNAI CENTRAL','DEE','DELHI-SARAI ROHILLA\r'),(12615,'MAS-NDLS GRA',37,'MTJ','MATHURA JN.','03:45:00','03:50:00',2028,'MAS','CHENNAI CENTRAL','DEE','DELHI-SARAI ROHILLA\r'),(12615,'MAS-NDLS GRA',38,'FDB','FARIDABAD','05:19:00','05:21:00',2138,'MAS','CHENNAI CENTRAL','DEE','DELHI-SARAI ROHILLA\r'),(12615,'MAS-NDLS GRA',39,'NZM','HAZRAT NIZAM','06:00:00','06:02:00',2156,'MAS','CHENNAI CENTRAL','DEE','DELHI-SARAI ROHILLA\r'),(12615,'MAS-NDLS GRA',40,'NDLS','NEW DELHI','06:30:00','06:40:00',2163,'MAS','CHENNAI CENTRAL','DEE','DELHI-SARAI ROHILLA\r'),(12615,'MAS-NDLS GRA',41,'DEE','DELHI-SARAI','07:10:00','07:10:00',2169,'MAS','CHENNAI CENTRAL','DEE','DELHI-SARAI ROHILLA\r'),(12621,'MAS-NDLS TAM',1,'MAS','CHENNAI CENT','22:00:00','22:00:00',0,'MAS','CHENNAI CENTRAL','NDLS','NEW DELHI\r'),(12621,'MAS-NDLS TAM',2,'BZA','VIJAYWADA JN','04:10:00','04:20:00',429,'MAS','CHENNAI CENTRAL','NDLS','NEW DELHI\r'),(12621,'MAS-NDLS TAM',3,'WL','WARANGAL','07:03:00','07:05:00',636,'MAS','CHENNAI CENTRAL','NDLS','NEW DELHI\r'),(12621,'MAS-NDLS TAM',4,'BPQ','BALHARSHAH','11:00:00','11:10:00',880,'MAS','CHENNAI CENTRAL','NDLS','NEW DELHI\r'),(12621,'MAS-NDLS TAM',5,'NGP','NAGPUR JN.(C','14:10:00','14:20:00',1092,'MAS','CHENNAI CENTRAL','NDLS','NEW DELHI\r'),(12621,'MAS-NDLS TAM',6,'ET','ITARSI','18:40:00','18:45:00',1389,'MAS','CHENNAI CENTRAL','NDLS','NEW DELHI\r'),(12621,'MAS-NDLS TAM',7,'BPL','BHOPAL','20:10:00','20:20:00',1481,'MAS','CHENNAI CENTRAL','NDLS','NEW DELHI\r'),(12621,'MAS-NDLS TAM',8,'JHS','JHANSI JN','00:16:00','00:28:00',1770,'MAS','CHENNAI CENTRAL','NDLS','NEW DELHI\r'),(12621,'MAS-NDLS TAM',9,'GWL','GWALIOR JN','01:37:00','01:40:00',1868,'MAS','CHENNAI CENTRAL','NDLS','NEW DELHI\r'),(12621,'MAS-NDLS TAM',10,'AGC','AGRA CANTT','03:50:00','03:53:00',1975,'MAS','CHENNAI CENTRAL','NDLS','NEW DELHI\r'),(12621,'MAS-NDLS TAM',11,'NZM','HAZRAT NIZAM','06:42:00','06:44:00',2156,'MAS','CHENNAI CENTRAL','NDLS','NEW DELHI\r'),(12621,'MAS-NDLS TAM',12,'NDLS','NEW DELHI','07:05:00','07:05:00',2163,'MAS','CHENNAI CENTRAL','NDLS','NEW DELHI\r'),(12623,'TRIVANDRUM M',1,'MAS','CHENNAI CENT','19:45:00','19:45:00',0,'MAS','CHENNAI CENTRAL','TVC','TRIVANDRUM CENTRAL\r'),(12623,'TRIVANDRUM M',2,'KPD','KATPADI JN','21:23:00','21:25:00',128,'MAS','CHENNAI CENTRAL','TVC','TRIVANDRUM CENTRAL\r'),(12623,'TRIVANDRUM M',3,'SA','SALEM JN.','00:07:00','00:10:00',331,'MAS','CHENNAI CENTRAL','TVC','TRIVANDRUM CENTRAL\r'),(12623,'TRIVANDRUM M',4,'ED','ERODE JN.','01:05:00','01:10:00',390,'MAS','CHENNAI CENTRAL','TVC','TRIVANDRUM CENTRAL\r'),(12623,'TRIVANDRUM M',5,'CBE','COIMBATORE','02:47:00','02:50:00',491,'MAS','CHENNAI CENTRAL','TVC','TRIVANDRUM CENTRAL\r'),(12623,'TRIVANDRUM M',6,'PGT','PALAKKAD JN','04:00:00','04:05:00',545,'MAS','CHENNAI CENTRAL','TVC','TRIVANDRUM CENTRAL\r'),(12623,'TRIVANDRUM M',7,'TCR','TRICHUR','05:17:00','05:20:00',622,'MAS','CHENNAI CENTRAL','TVC','TRIVANDRUM CENTRAL\r'),(12623,'TRIVANDRUM M',8,'AFK','ANGAMALI (FO','06:00:00','06:01:00',667,'MAS','CHENNAI CENTRAL','TVC','TRIVANDRUM CENTRAL\r'),(12623,'TRIVANDRUM M',9,'AWY','ALWAYE','06:13:00','06:15:00',677,'MAS','CHENNAI CENTRAL','TVC','TRIVANDRUM CENTRAL\r'),(12623,'TRIVANDRUM M',10,'ERN','ERNAKULAM TO','06:50:00','06:55:00',693,'MAS','CHENNAI CENTRAL','TVC','TRIVANDRUM CENTRAL\r'),(12623,'TRIVANDRUM M',11,'TRTR','TRIPUNITTURA','07:14:00','07:15:00',703,'MAS','CHENNAI CENTRAL','TVC','TRIVANDRUM CENTRAL\r'),(12623,'TRIVANDRUM M',12,'KTYM','KOTTAYAM','08:10:00','08:15:00',753,'MAS','CHENNAI CENTRAL','TVC','TRIVANDRUM CENTRAL\r'),(12623,'TRIVANDRUM M',13,'CGY','CHANGANACHER','08:35:00','08:36:00',770,'MAS','CHENNAI CENTRAL','TVC','TRIVANDRUM CENTRAL\r'),(12623,'TRIVANDRUM M',14,'TRVL','TIRUVALLA','08:46:00','08:47:00',778,'MAS','CHENNAI CENTRAL','TVC','TRIVANDRUM CENTRAL\r'),(12623,'TRIVANDRUM M',15,'CNGR','CHENGANNUR','08:57:00','08:59:00',787,'MAS','CHENNAI CENTRAL','TVC','TRIVANDRUM CENTRAL\r'),(12623,'TRIVANDRUM M',16,'MVLK','MAVELIKARA','09:09:00','09:10:00',800,'MAS','CHENNAI CENTRAL','TVC','TRIVANDRUM CENTRAL\r'),(12623,'TRIVANDRUM M',17,'KYJ','KAYANKULAM J','09:20:00','09:22:00',808,'MAS','CHENNAI CENTRAL','TVC','TRIVANDRUM CENTRAL\r'),(12623,'TRIVANDRUM M',18,'QLN','QUILON','10:20:00','10:25:00',849,'MAS','CHENNAI CENTRAL','TVC','TRIVANDRUM CENTRAL\r'),(12623,'TRIVANDRUM M',19,'VAK','VARKALA','10:49:00','10:50:00',873,'MAS','CHENNAI CENTRAL','TVC','TRIVANDRUM CENTRAL\r'),(12623,'TRIVANDRUM M',20,'TVP','TRIVANDRAM P','11:12:00','11:13:00',911,'MAS','CHENNAI CENTRAL','TVC','TRIVANDRUM CENTRAL\r'),(12623,'TRIVANDRUM M',21,'TVC','TRIVANDRUM C','11:45:00','11:45:00',913,'MAS','CHENNAI CENTRAL','TVC','TRIVANDRUM CENTRAL\r'),(12639,'MAS-SBC BRIN',1,'MAS','CHENNAI CENT','07:50:00','07:50:00',0,'MAS','CHENNAI CENTRAL','SBC','KRANTIVIRA SANGOLLI RAYANNA (BENGALURU STATION)\r'),(12639,'MAS-SBC BRIN',2,'AJJ','ARAKKONAM JN','08:48:00','08:50:00',68,'MAS','CHENNAI CENTRAL','SBC','KRANTIVIRA SANGOLLI RAYANNA (BENGALURU STATION)\r'),(12639,'MAS-SBC BRIN',3,'WJR','WALAJAH ROAD','09:18:00','09:20:00',104,'MAS','CHENNAI CENTRAL','SBC','KRANTIVIRA SANGOLLI RAYANNA (BENGALURU STATION)\r'),(12639,'MAS-SBC BRIN',4,'KPD','KATPADI JN','09:38:00','09:40:00',128,'MAS','CHENNAI CENTRAL','SBC','KRANTIVIRA SANGOLLI RAYANNA (BENGALURU STATION)\r'),(12639,'MAS-SBC BRIN',5,'AB','AMBUR','10:18:00','10:20:00',181,'MAS','CHENNAI CENTRAL','SBC','KRANTIVIRA SANGOLLI RAYANNA (BENGALURU STATION)\r'),(12639,'MAS-SBC BRIN',6,'VN','VANIYAMBADI','10:33:00','10:35:00',197,'MAS','CHENNAI CENTRAL','SBC','KRANTIVIRA SANGOLLI RAYANNA (BENGALURU STATION)\r'),(12639,'MAS-SBC BRIN',7,'JTJ','JOLARPETTAI','11:05:00','11:07:00',212,'MAS','CHENNAI CENTRAL','SBC','KRANTIVIRA SANGOLLI RAYANNA (BENGALURU STATION)\r'),(12639,'MAS-SBC BRIN',8,'KPN','KUPPAM','11:33:00','11:35:00',256,'MAS','CHENNAI CENTRAL','SBC','KRANTIVIRA SANGOLLI RAYANNA (BENGALURU STATION)\r'),(12639,'MAS-SBC BRIN',9,'BWT','BANGARPET JN','12:03:00','12:05:00',290,'MAS','CHENNAI CENTRAL','SBC','KRANTIVIRA SANGOLLI RAYANNA (BENGALURU STATION)\r'),(12639,'MAS-SBC BRIN',10,'KJM','KRISHNA RAJA','12:48:00','12:50:00',346,'MAS','CHENNAI CENTRAL','SBC','KRANTIVIRA SANGOLLI RAYANNA (BENGALURU STATION)\r'),(12639,'MAS-SBC BRIN',11,'BNC','BANGALORE CA','13:18:00','13:20:00',356,'MAS','CHENNAI CENTRAL','SBC','KRANTIVIRA SANGOLLI RAYANNA (BENGALURU STATION)\r'),(12639,'MAS-SBC BRIN',12,'SBC','KRANTIVIRA S','14:00:00','14:00:00',360,'MAS','CHENNAI CENTRAL','SBC','KRANTIVIRA SANGOLLI RAYANNA (BENGALURU STATION)\r'),(12656,'NAVAJEEVAN E',1,'MAS','CHENNAI CENT','09:35:00','09:35:00',0,'MAS','CHENNAI CENTRAL','ADI','AHMEDABAD\r'),(12656,'NAVAJEEVAN E',2,'SPE','SULLURUPETTA','10:48:00','10:50:00',82,'MAS','CHENNAI CENTRAL','ADI','AHMEDABAD\r'),(12656,'NAVAJEEVAN E',3,'GDR','GUDUR JN.','11:55:00','12:00:00',137,'MAS','CHENNAI CENTRAL','ADI','AHMEDABAD\r'),(12656,'NAVAJEEVAN E',4,'NLR','NELLORE','12:24:00','12:26:00',175,'MAS','CHENNAI CENTRAL','ADI','AHMEDABAD\r'),(12656,'NAVAJEEVAN E',5,'KVZ','KAVALI','13:01:00','13:02:00',226,'MAS','CHENNAI CENTRAL','ADI','AHMEDABAD\r'),(12656,'NAVAJEEVAN E',6,'OGL','ONGOLE','13:56:00','13:57:00',291,'MAS','CHENNAI CENTRAL','ADI','AHMEDABAD\r'),(12656,'NAVAJEEVAN E',7,'CLX','CHIRALA','14:32:00','14:33:00',341,'MAS','CHENNAI CENTRAL','ADI','AHMEDABAD\r'),(12656,'NAVAJEEVAN E',8,'BPP','BAPATIA','14:43:00','14:44:00',356,'MAS','CHENNAI CENTRAL','ADI','AHMEDABAD\r'),(12656,'NAVAJEEVAN E',9,'TEL','TENALI JN.','15:22:00','15:24:00',398,'MAS','CHENNAI CENTRAL','ADI','AHMEDABAD\r'),(12656,'NAVAJEEVAN E',10,'BZA','VIJAYWADA JN','16:30:00','16:45:00',429,'MAS','CHENNAI CENTRAL','ADI','AHMEDABAD\r'),(12656,'NAVAJEEVAN E',11,'KMT','KHAMMAM','17:54:00','17:56:00',529,'MAS','CHENNAI CENTRAL','ADI','AHMEDABAD\r'),(12656,'NAVAJEEVAN E',12,'MABD','MAHBUBABAD','18:41:00','18:42:00',576,'MAS','CHENNAI CENTRAL','ADI','AHMEDABAD\r'),(12656,'NAVAJEEVAN E',13,'WL','WARANGAL','20:05:00','20:10:00',636,'MAS','CHENNAI CENTRAL','ADI','AHMEDABAD\r'),(12656,'NAVAJEEVAN E',14,'MCI','MANCHIRYAL','21:34:00','21:35:00',752,'MAS','CHENNAI CENTRAL','ADI','AHMEDABAD\r'),(12656,'NAVAJEEVAN E',15,'SKZR','SIRPURKAGHAZ','22:29:00','22:30:00',810,'MAS','CHENNAI CENTRAL','ADI','AHMEDABAD\r'),(12656,'NAVAJEEVAN E',16,'BPQ','BALHARSHAH','00:10:00','00:20:00',880,'MAS','CHENNAI CENTRAL','ADI','AHMEDABAD\r'),(12656,'NAVAJEEVAN E',17,'CD','CHANDRAPUR (','00:36:00','00:39:00',894,'MAS','CHENNAI CENTRAL','ADI','AHMEDABAD\r'),(12656,'NAVAJEEVAN E',18,'WRR','WARORA','01:18:00','01:20:00',940,'MAS','CHENNAI CENTRAL','ADI','AHMEDABAD\r'),(12656,'NAVAJEEVAN E',19,'HGT','HINGANGHAT','01:42:00','01:44:00',978,'MAS','CHENNAI CENTRAL','ADI','AHMEDABAD\r'),(12656,'NAVAJEEVAN E',20,'WR','WARDHA JN.','02:31:00','02:34:00',1012,'MAS','CHENNAI CENTRAL','ADI','AHMEDABAD\r'),(12656,'NAVAJEEVAN E',21,'PLO','PULGAON JN.','02:58:00','03:00:00',1042,'MAS','CHENNAI CENTRAL','ADI','AHMEDABAD\r'),(12656,'NAVAJEEVAN E',22,'DMN','DHAMANGAON','03:13:00','03:15:00',1062,'MAS','CHENNAI CENTRAL','ADI','AHMEDABAD\r'),(12656,'NAVAJEEVAN E',23,'BD','BADNERA JN.','04:15:00','04:20:00',1108,'MAS','CHENNAI CENTRAL','ADI','AHMEDABAD\r'),(12656,'NAVAJEEVAN E',24,'MZR','MURTAJAPUR J','04:48:00','04:50:00',1149,'MAS','CHENNAI CENTRAL','ADI','AHMEDABAD\r'),(12656,'NAVAJEEVAN E',25,'AK','AKOLA JN.','05:15:00','05:20:00',1186,'MAS','CHENNAI CENTRAL','ADI','AHMEDABAD\r'),(12656,'NAVAJEEVAN E',26,'SEG','SHEGAON','05:49:00','05:50:00',1224,'MAS','CHENNAI CENTRAL','ADI','AHMEDABAD\r'),(12656,'NAVAJEEVAN E',27,'NN','NANDURA','06:09:00','06:10:00',1248,'MAS','CHENNAI CENTRAL','ADI','AHMEDABAD\r'),(12656,'NAVAJEEVAN E',28,'MKU','MALKAPUR','06:29:00','06:30:00',1276,'MAS','CHENNAI CENTRAL','ADI','AHMEDABAD\r'),(12656,'NAVAJEEVAN E',29,'BSL','BHUSAVAL JN.','07:50:00','08:05:00',1331,'MAS','CHENNAI CENTRAL','ADI','AHMEDABAD\r'),(12656,'NAVAJEEVAN E',30,'JL','JALGAON JN.','08:40:00','08:45:00',1355,'MAS','CHENNAI CENTRAL','ADI','AHMEDABAD\r'),(12656,'NAVAJEEVAN E',31,'AN','AMALNER','09:56:00','09:58:00',1411,'MAS','CHENNAI CENTRAL','ADI','AHMEDABAD\r'),(12656,'NAVAJEEVAN E',32,'DDE','DONDAICHA','10:00:00','10:55:00',1472,'MAS','CHENNAI CENTRAL','ADI','AHMEDABAD\r'),(12656,'NAVAJEEVAN E',33,'NDB','NANDURBAR','11:35:00','11:40:00',1506,'MAS','CHENNAI CENTRAL','ADI','AHMEDABAD\r'),(12656,'NAVAJEEVAN E',34,'VYA','VYARA','13:00:00','13:09:00',1605,'MAS','CHENNAI CENTRAL','ADI','AHMEDABAD\r'),(12656,'NAVAJEEVAN E',35,'UDN','UDHNA JN.','14:00:00','14:10:00',1662,'MAS','CHENNAI CENTRAL','ADI','AHMEDABAD\r'),(12656,'NAVAJEEVAN E',36,'ST','SURAT','14:25:00','14:35:00',1666,'MAS','CHENNAI CENTRAL','ADI','AHMEDABAD\r'),(12656,'NAVAJEEVAN E',37,'AKV','ANKLESHWAR J','15:09:00','15:11:00',1716,'MAS','CHENNAI CENTRAL','ADI','AHMEDABAD\r'),(12656,'NAVAJEEVAN E',38,'BRC','VADODARA JN.','16:21:00','16:26:00',1795,'MAS','CHENNAI CENTRAL','ADI','AHMEDABAD\r'),(12656,'NAVAJEEVAN E',39,'ANND','ANAND JN.','17:04:00','17:06:00',1831,'MAS','CHENNAI CENTRAL','ADI','AHMEDABAD\r'),(12656,'NAVAJEEVAN E',40,'ND','NADIAD JN.','17:21:00','17:23:00',1849,'MAS','CHENNAI CENTRAL','ADI','AHMEDABAD\r'),(12656,'NAVAJEEVAN E',41,'MAN','MANINAGAR','18:03:00','18:05:00',1892,'MAS','CHENNAI CENTRAL','ADI','AHMEDABAD\r'),(12656,'NAVAJEEVAN E',42,'ADI','AHMEDABAD','18:25:00','18:25:00',1895,'MAS','CHENNAI CENTRAL','ADI','AHMEDABAD\r'),(12657,'MAS-SBC MAIL',1,'MAS','CHENNAI CENT','23:15:00','23:15:00',0,'MAS','CHENNAI CENTRAL','SBC','KRANTIVIRA SANGOLLI RAYANNA (BENGALURU STATION)\r'),(12657,'MAS-SBC MAIL',2,'AJJ','ARAKKONAM JN','00:03:00','00:05:00',68,'MAS','CHENNAI CENTRAL','SBC','KRANTIVIRA SANGOLLI RAYANNA (BENGALURU STATION)\r'),(12657,'MAS-SBC MAIL',3,'KPD','KATPADI JN','00:53:00','00:55:00',128,'MAS','CHENNAI CENTRAL','SBC','KRANTIVIRA SANGOLLI RAYANNA (BENGALURU STATION)\r'),(12657,'MAS-SBC MAIL',4,'JTJ','JOLARPETTAI','02:23:00','02:25:00',212,'MAS','CHENNAI CENTRAL','SBC','KRANTIVIRA SANGOLLI RAYANNA (BENGALURU STATION)\r'),(12657,'MAS-SBC MAIL',5,'BWT','BANGARPET JN','03:28:00','03:30:00',290,'MAS','CHENNAI CENTRAL','SBC','KRANTIVIRA SANGOLLI RAYANNA (BENGALURU STATION)\r'),(12657,'MAS-SBC MAIL',6,'BNCE','BANGALORE EA','04:24:00','04:25:00',353,'MAS','CHENNAI CENTRAL','SBC','KRANTIVIRA SANGOLLI RAYANNA (BENGALURU STATION)\r'),(12657,'MAS-SBC MAIL',7,'BNC','BANGALORE CA','04:33:00','04:35:00',356,'MAS','CHENNAI CENTRAL','SBC','KRANTIVIRA SANGOLLI RAYANNA (BENGALURU STATION)\r'),(12657,'MAS-SBC MAIL',8,'SBC','KRANTIVIRA S','05:10:00','05:10:00',360,'MAS','CHENNAI CENTRAL','SBC','KRANTIVIRA SANGOLLI RAYANNA (BENGALURU STATION)\r'),(12669,'MAS-CPR GANG',1,'MAS','CHENNAI CENT','17:40:00','17:40:00',0,'MAS','CHENNAI CENTRAL','CPR','CHHAPRA JN.\r'),(12669,'MAS-CPR GANG',2,'GDR','GUDUR JN.','19:50:00','19:52:00',137,'MAS','CHENNAI CENTRAL','CPR','CHHAPRA JN.\r'),(12669,'MAS-CPR GANG',3,'OGL','ONGOLE','21:44:00','21:45:00',291,'MAS','CHENNAI CENTRAL','CPR','CHHAPRA JN.\r'),(12669,'MAS-CPR GANG',4,'BZA','VIJAYWADA JN','00:10:00','00:20:00',429,'MAS','CHENNAI CENTRAL','CPR','CHHAPRA JN.\r'),(12669,'MAS-CPR GANG',5,'KMT','KHAMMAM','01:39:00','01:40:00',529,'MAS','CHENNAI CENTRAL','CPR','CHHAPRA JN.\r'),(12669,'MAS-CPR GANG',6,'WL','WARANGAL','03:09:00','03:10:00',636,'MAS','CHENNAI CENTRAL','CPR','CHHAPRA JN.\r'),(12669,'MAS-CPR GANG',7,'SKZR','SIRPURKAGHAZ','06:33:00','06:35:00',810,'MAS','CHENNAI CENTRAL','CPR','CHHAPRA JN.\r'),(12669,'MAS-CPR GANG',8,'BPQ','BALHARSHAH','08:10:00','08:20:00',880,'MAS','CHENNAI CENTRAL','CPR','CHHAPRA JN.\r'),(12669,'MAS-CPR GANG',9,'CD','CHANDRAPUR (','08:37:00','08:40:00',894,'MAS','CHENNAI CENTRAL','CPR','CHHAPRA JN.\r'),(12669,'MAS-CPR GANG',10,'SEGM','SEWAGRAM','10:23:00','10:25:00',1016,'MAS','CHENNAI CENTRAL','CPR','CHHAPRA JN.\r'),(12669,'MAS-CPR GANG',11,'NGP','NAGPUR JN.(C','11:45:00','11:55:00',1092,'MAS','CHENNAI CENTRAL','CPR','CHHAPRA JN.\r'),(12669,'MAS-CPR GANG',12,'PAR','PANDHURNA','13:09:00','13:10:00',1196,'MAS','CHENNAI CENTRAL','CPR','CHHAPRA JN.\r'),(12669,'MAS-CPR GANG',13,'BZU','BETUL','14:30:00','14:32:00',1282,'MAS','CHENNAI CENTRAL','CPR','CHHAPRA JN.\r'),(12669,'MAS-CPR GANG',14,'ET','ITARSI','16:55:00','17:10:00',1389,'MAS','CHENNAI CENTRAL','CPR','CHHAPRA JN.\r'),(12669,'MAS-CPR GANG',15,'PPI','PIPARIYA','18:03:00','18:05:00',1456,'MAS','CHENNAI CENTRAL','CPR','CHHAPRA JN.\r'),(12669,'MAS-CPR GANG',16,'JBP','JABALPUR','20:40:00','20:50:00',1634,'MAS','CHENNAI CENTRAL','CPR','CHHAPRA JN.\r'),(12669,'MAS-CPR GANG',17,'KTE','KATNI','22:05:00','22:10:00',1725,'MAS','CHENNAI CENTRAL','CPR','CHHAPRA JN.\r'),(12669,'MAS-CPR GANG',18,'STA','SATNA','23:45:00','23:55:00',1824,'MAS','CHENNAI CENTRAL','CPR','CHHAPRA JN.\r'),(12669,'MAS-CPR GANG',19,'ALD','ALLAHABAD JN','03:50:00','04:15:00',2007,'MAS','CHENNAI CENTRAL','CPR','CHHAPRA JN.\r'),(12669,'MAS-CPR GANG',20,'JNH','JANGHAI JN.','05:17:00','05:19:00',2067,'MAS','CHENNAI CENTRAL','CPR','CHHAPRA JN.\r'),(12669,'MAS-CPR GANG',21,'BOY','BHADOHI','05:50:00','05:52:00',2097,'MAS','CHENNAI CENTRAL','CPR','CHHAPRA JN.\r'),(12669,'MAS-CPR GANG',22,'BSB','VARANASI JN.','07:05:00','07:20:00',2142,'MAS','CHENNAI CENTRAL','CPR','CHHAPRA JN.\r'),(12669,'MAS-CPR GANG',23,'GCT','GHAZIPUR CIT','08:25:00','08:30:00',2217,'MAS','CHENNAI CENTRAL','CPR','CHHAPRA JN.\r'),(12669,'MAS-CPR GANG',24,'BUI','BALLIA','10:17:00','10:22:00',2283,'MAS','CHENNAI CENTRAL','CPR','CHHAPRA JN.\r'),(12669,'MAS-CPR GANG',25,'CPR','CHHAPRA JN.','11:45:00','11:45:00',2348,'MAS','CHENNAI CENTRAL','CPR','CHHAPRA JN.\r'),(12671,'MAS-MTP NILA',1,'MAS','CHENNAI CENT','21:05:00','21:05:00',0,'MAS','CHENNAI CENTRAL','MTP','METTUPALAIYAM JN.\r'),(12671,'MAS-MTP NILA',2,'AJJ','ARAKKONAM JN','22:03:00','22:05:00',68,'MAS','CHENNAI CENTRAL','MTP','METTUPALAIYAM JN.\r'),(12671,'MAS-MTP NILA',3,'KPD','KATPADI JN','22:53:00','22:55:00',128,'MAS','CHENNAI CENTRAL','MTP','METTUPALAIYAM JN.\r'),(12671,'MAS-MTP NILA',4,'SA','SALEM JN.','01:47:00','01:50:00',331,'MAS','CHENNAI CENTRAL','MTP','METTUPALAIYAM JN.\r'),(12671,'MAS-MTP NILA',5,'ED','ERODE JN.','02:47:00','02:50:00',390,'MAS','CHENNAI CENTRAL','MTP','METTUPALAIYAM JN.\r'),(12671,'MAS-MTP NILA',6,'TUP','TIRUPPUR','03:33:00','03:35:00',441,'MAS','CHENNAI CENTRAL','MTP','METTUPALAIYAM JN.\r'),(12671,'MAS-MTP NILA',7,'CBF','COIMBATORE N','04:19:00','04:20:00',488,'MAS','CHENNAI CENTRAL','MTP','METTUPALAIYAM JN.\r'),(12671,'MAS-MTP NILA',8,'CBE','COIMBATORE','05:00:00','05:15:00',491,'MAS','CHENNAI CENTRAL','MTP','METTUPALAIYAM JN.\r'),(12671,'MAS-MTP NILA',9,'MTP','METTUPALAIYA','06:15:00','06:15:00',526,'MAS','CHENNAI CENTRAL','MTP','METTUPALAIYAM JN.\r'),(12673,'MAS-CBE CHER',1,'MAS','CHENNAI CENT','22:10:00','22:10:00',0,'MAS','CHENNAI CENTRAL','CBE','COIMBATORE  JN.\r'),(12673,'MAS-CBE CHER',2,'AJJ','ARAKKONAM JN','22:58:00','23:00:00',68,'MAS','CHENNAI CENTRAL','CBE','COIMBATORE  JN.\r'),(12673,'MAS-CBE CHER',3,'JTJ','JOLARPETTAI','01:18:00','01:20:00',212,'MAS','CHENNAI CENTRAL','CBE','COIMBATORE  JN.\r'),(12673,'MAS-CBE CHER',4,'SA','SALEM JN.','02:45:00','02:50:00',331,'MAS','CHENNAI CENTRAL','CBE','COIMBATORE  JN.\r'),(12673,'MAS-CBE CHER',5,'ED','ERODE JN.','03:55:00','04:00:00',390,'MAS','CHENNAI CENTRAL','CBE','COIMBATORE  JN.\r'),(12673,'MAS-CBE CHER',6,'TUP','TIRUPPUR','04:43:00','04:45:00',441,'MAS','CHENNAI CENTRAL','CBE','COIMBATORE  JN.\r'),(12673,'MAS-CBE CHER',7,'CBF','COIMBATORE N','05:24:00','05:25:00',488,'MAS','CHENNAI CENTRAL','CBE','COIMBATORE  JN.\r'),(12673,'MAS-CBE CHER',8,'CBE','COIMBATORE','06:15:00','06:15:00',491,'MAS','CHENNAI CENTRAL','CBE','COIMBATORE  JN.\r'),(12675,'MAS-CBE KOVA',1,'MAS','CHENNAI CENT','06:10:00','06:10:00',0,'MAS','CHENNAI CENTRAL','CBE','COIMBATORE  JN.\r'),(12675,'MAS-CBE KOVA',2,'AJJ','ARAKKONAM JN','07:03:00','07:05:00',68,'MAS','CHENNAI CENTRAL','CBE','COIMBATORE  JN.\r'),(12675,'MAS-CBE KOVA',3,'WJR','WALAJAH ROAD','07:33:00','07:35:00',104,'MAS','CHENNAI CENTRAL','CBE','COIMBATORE  JN.\r'),(12675,'MAS-CBE KOVA',4,'KPD','KATPADI JN','08:03:00','08:05:00',128,'MAS','CHENNAI CENTRAL','CBE','COIMBATORE  JN.\r'),(12675,'MAS-CBE KOVA',5,'AB','AMBUR','08:43:00','08:45:00',181,'MAS','CHENNAI CENTRAL','CBE','COIMBATORE  JN.\r'),(12675,'MAS-CBE KOVA',6,'JTJ','JOLARPETTAI','09:18:00','09:20:00',212,'MAS','CHENNAI CENTRAL','CBE','COIMBATORE  JN.\r'),(12675,'MAS-CBE KOVA',7,'MAP','MORAPPUR','09:59:00','10:00:00',266,'MAS','CHENNAI CENTRAL','CBE','COIMBATORE  JN.\r'),(12675,'MAS-CBE KOVA',8,'SA','SALEM JN.','10:52:00','10:55:00',331,'MAS','CHENNAI CENTRAL','CBE','COIMBATORE  JN.\r'),(12675,'MAS-CBE KOVA',9,'ED','ERODE JN.','11:57:00','12:00:00',390,'MAS','CHENNAI CENTRAL','CBE','COIMBATORE  JN.\r'),(12675,'MAS-CBE KOVA',10,'TUP','TIRUPPUR','12:49:00','12:51:00',441,'MAS','CHENNAI CENTRAL','CBE','COIMBATORE  JN.\r'),(12675,'MAS-CBE KOVA',11,'CBE','COIMBATORE','13:45:00','13:45:00',491,'MAS','CHENNAI CENTRAL','CBE','COIMBATORE  JN.\r'),(12679,'MAS-CBE INTE',1,'MAS','CHENNAI CENT','14:30:00','14:30:00',0,'MAS','CHENNAI CENTRAL','CBE','COIMBATORE  JN.\r'),(12679,'MAS-CBE INTE',2,'AJJ','ARAKKONAM JN','15:18:00','15:20:00',68,'MAS','CHENNAI CENTRAL','CBE','COIMBATORE  JN.\r'),(12679,'MAS-CBE INTE',3,'KPD','KATPADI JN','16:03:00','16:05:00',128,'MAS','CHENNAI CENTRAL','CBE','COIMBATORE  JN.\r'),(12679,'MAS-CBE INTE',4,'AB','AMBUR','16:44:00','16:45:00',181,'MAS','CHENNAI CENTRAL','CBE','COIMBATORE  JN.\r'),(12679,'MAS-CBE INTE',5,'JTJ','JOLARPETTAI','17:28:00','17:30:00',212,'MAS','CHENNAI CENTRAL','CBE','COIMBATORE  JN.\r'),(12679,'MAS-CBE INTE',6,'MAP','MORAPPUR','18:14:00','18:15:00',266,'MAS','CHENNAI CENTRAL','CBE','COIMBATORE  JN.\r'),(12679,'MAS-CBE INTE',7,'BQI','BOMMIDI','18:34:00','18:35:00',289,'MAS','CHENNAI CENTRAL','CBE','COIMBATORE  JN.\r'),(12679,'MAS-CBE INTE',8,'SA','SALEM JN.','19:17:00','19:20:00',331,'MAS','CHENNAI CENTRAL','CBE','COIMBATORE  JN.\r'),(12679,'MAS-CBE INTE',9,'ED','ERODE JN.','20:15:00','20:20:00',390,'MAS','CHENNAI CENTRAL','CBE','COIMBATORE  JN.\r'),(12679,'MAS-CBE INTE',10,'TUP','TIRUPPUR','21:03:00','21:05:00',441,'MAS','CHENNAI CENTRAL','CBE','COIMBATORE  JN.\r'),(12679,'MAS-CBE INTE',11,'CBF','COIMBATORE N','21:44:00','21:45:00',488,'MAS','CHENNAI CENTRAL','CBE','COIMBATORE  JN.\r'),(12679,'MAS-CBE INTE',12,'CBE','COIMBATORE','22:15:00','22:15:00',491,'MAS','CHENNAI CENTRAL','CBE','COIMBATORE  JN.\r'),(12681,'MAS CBE EXP',1,'MAS','CHENNAI CENT','22:30:00','22:30:00',0,'MAS','CHENNAI CENTRAL','CBE','COIMBATORE  JN.\r'),(12681,'MAS CBE EXP',2,'AJJ','ARAKKONAM JN','23:18:00','23:20:00',68,'MAS','CHENNAI CENTRAL','CBE','COIMBATORE  JN.\r'),(12681,'MAS CBE EXP',3,'KPD','KATPADI JN','00:08:00','00:10:00',128,'MAS','CHENNAI CENTRAL','CBE','COIMBATORE  JN.\r'),(12681,'MAS CBE EXP',4,'SA','SALEM JN.','03:17:00','03:20:00',331,'MAS','CHENNAI CENTRAL','CBE','COIMBATORE  JN.\r'),(12681,'MAS CBE EXP',5,'ED','ERODE JN.','04:10:00','04:15:00',390,'MAS','CHENNAI CENTRAL','CBE','COIMBATORE  JN.\r'),(12681,'MAS CBE EXP',6,'TUP','TIRUPPUR','04:58:00','05:00:00',441,'MAS','CHENNAI CENTRAL','CBE','COIMBATORE  JN.\r'),(12681,'MAS CBE EXP',7,'CBE','COIMBATORE','06:40:00','06:40:00',491,'MAS','CHENNAI CENTRAL','CBE','COIMBATORE  JN.\r'),(12685,'MAS-MAQ EXP.',1,'MAS','CHENNAI CENT','17:00:00','17:00:00',0,'MAS','CHENNAI CENTRAL','MAQ','MANGALORE CENTRAL\r'),(12685,'MAS-MAQ EXP.',2,'KPD','KATPADI JN','18:38:00','18:40:00',128,'MAS','CHENNAI CENTRAL','MAQ','MANGALORE CENTRAL\r'),(12685,'MAS-MAQ EXP.',3,'MAP','MORAPPUR','20:38:00','20:40:00',266,'MAS','CHENNAI CENTRAL','MAQ','MANGALORE CENTRAL\r'),(12685,'MAS-MAQ EXP.',4,'SA','SALEM JN.','21:37:00','21:40:00',331,'MAS','CHENNAI CENTRAL','MAQ','MANGALORE CENTRAL\r'),(12685,'MAS-MAQ EXP.',5,'ED','ERODE JN.','22:40:00','22:45:00',390,'MAS','CHENNAI CENTRAL','MAQ','MANGALORE CENTRAL\r'),(12685,'MAS-MAQ EXP.',6,'TUP','TIRUPPUR','23:28:00','23:30:00',441,'MAS','CHENNAI CENTRAL','MAQ','MANGALORE CENTRAL\r'),(12685,'MAS-MAQ EXP.',7,'PTJ','PODANUR JN.','00:34:00','00:35:00',484,'MAS','CHENNAI CENTRAL','MAQ','MANGALORE CENTRAL\r'),(12685,'MAS-MAQ EXP.',8,'PGT','PALAKKAD JN','01:45:00','01:50:00',533,'MAS','CHENNAI CENTRAL','MAQ','MANGALORE CENTRAL\r'),(12685,'MAS-MAQ EXP.',9,'SRR','SHORANUR JN.','02:30:00','02:40:00',576,'MAS','CHENNAI CENTRAL','MAQ','MANGALORE CENTRAL\r'),(12685,'MAS-MAQ EXP.',10,'TIR','TIRUR','03:28:00','03:30:00',621,'MAS','CHENNAI CENTRAL','MAQ','MANGALORE CENTRAL\r'),(12685,'MAS-MAQ EXP.',11,'CLT','CALICUT','04:20:00','04:25:00',662,'MAS','CHENNAI CENTRAL','MAQ','MANGALORE CENTRAL\r'),(12685,'MAS-MAQ EXP.',12,'BDJ','VADAKARA','05:08:00','05:10:00',709,'MAS','CHENNAI CENTRAL','MAQ','MANGALORE CENTRAL\r'),(12685,'MAS-MAQ EXP.',13,'TLY','THALASSERY','05:28:00','05:30:00',731,'MAS','CHENNAI CENTRAL','MAQ','MANGALORE CENTRAL\r'),(12685,'MAS-MAQ EXP.',14,'CAN','KANNUR','06:05:00','06:10:00',752,'MAS','CHENNAI CENTRAL','MAQ','MANGALORE CENTRAL\r'),(12685,'MAS-MAQ EXP.',15,'PAY','PAYYANUR','06:48:00','06:50:00',785,'MAS','CHENNAI CENTRAL','MAQ','MANGALORE CENTRAL\r'),(12685,'MAS-MAQ EXP.',16,'KZE','KANHANGAD','07:18:00','07:20:00',814,'MAS','CHENNAI CENTRAL','MAQ','MANGALORE CENTRAL\r'),(12685,'MAS-MAQ EXP.',17,'KGQ','KASARAGOD','07:38:00','07:40:00',837,'MAS','CHENNAI CENTRAL','MAQ','MANGALORE CENTRAL\r'),(12685,'MAS-MAQ EXP.',18,'MAQ','MANGALORE CE','09:05:00','09:05:00',883,'MAS','CHENNAI CENTRAL','MAQ','MANGALORE CENTRAL\r'),(12689,'MAS-NCJ EXP.',1,'MAS','CHENNAI CENT','18:20:00','18:20:00',0,'MAS','CHENNAI CENTRAL','NCJ','NAGERCOIL JN.\r'),(12689,'MAS-NCJ EXP.',2,'AJJ','ARAKKONAM JN','19:08:00','19:10:00',68,'MAS','CHENNAI CENTRAL','NCJ','NAGERCOIL JN.\r'),(12689,'MAS-NCJ EXP.',3,'KPD','KATPADI JN','19:58:00','20:00:00',128,'MAS','CHENNAI CENTRAL','NCJ','NAGERCOIL JN.\r'),(12689,'MAS-NCJ EXP.',4,'JTJ','JOLARPETTAI','21:28:00','21:30:00',212,'MAS','CHENNAI CENTRAL','NCJ','NAGERCOIL JN.\r'),(12689,'MAS-NCJ EXP.',5,'TPT','TIRUPATTUR','21:41:00','21:42:00',220,'MAS','CHENNAI CENTRAL','NCJ','NAGERCOIL JN.\r'),(12689,'MAS-NCJ EXP.',6,'MAP','MORAPPUR','22:09:00','22:10:00',266,'MAS','CHENNAI CENTRAL','NCJ','NAGERCOIL JN.\r'),(12689,'MAS-NCJ EXP.',7,'SA','SALEM JN.','23:02:00','23:05:00',331,'MAS','CHENNAI CENTRAL','NCJ','NAGERCOIL JN.\r'),(12689,'MAS-NCJ EXP.',8,'ED','ERODE JN.','00:20:00','00:30:00',390,'MAS','CHENNAI CENTRAL','NCJ','NAGERCOIL JN.\r'),(12689,'MAS-NCJ EXP.',9,'KRR','KARUR JN.','01:32:00','01:35:00',456,'MAS','CHENNAI CENTRAL','NCJ','NAGERCOIL JN.\r'),(12689,'MAS-NCJ EXP.',10,'TPJ','TIRUCHIRAPPA','03:25:00','03:35:00',531,'MAS','CHENNAI CENTRAL','NCJ','NAGERCOIL JN.\r'),(12689,'MAS-NCJ EXP.',11,'DG','DINDIGUL JN','04:48:00','04:50:00',625,'MAS','CHENNAI CENTRAL','NCJ','NAGERCOIL JN.\r'),(12689,'MAS-NCJ EXP.',12,'KQN','KODAIKKANAL','05:09:00','05:10:00',647,'MAS','CHENNAI CENTRAL','NCJ','NAGERCOIL JN.\r'),(12689,'MAS-NCJ EXP.',13,'MDU','MADURAI JN','06:05:00','06:10:00',688,'MAS','CHENNAI CENTRAL','NCJ','NAGERCOIL JN.\r'),(12689,'MAS-NCJ EXP.',14,'VPT','VIRUDUNAGAR','06:48:00','06:50:00',731,'MAS','CHENNAI CENTRAL','NCJ','NAGERCOIL JN.\r'),(12689,'MAS-NCJ EXP.',15,'SRT','SATUR','07:09:00','07:10:00',758,'MAS','CHENNAI CENTRAL','NCJ','NAGERCOIL JN.\r'),(12689,'MAS-NCJ EXP.',16,'CVP','KOVILPATTI','07:29:00','07:30:00',780,'MAS','CHENNAI CENTRAL','NCJ','NAGERCOIL JN.\r'),(12689,'MAS-NCJ EXP.',17,'MEJ','VANCHI MANIY','08:14:00','08:15:00',816,'MAS','CHENNAI CENTRAL','NCJ','NAGERCOIL JN.\r'),(12689,'MAS-NCJ EXP.',18,'TEN','TIRUNELVELI','09:35:00','09:40:00',845,'MAS','CHENNAI CENTRAL','NCJ','NAGERCOIL JN.\r'),(12689,'MAS-NCJ EXP.',19,'NCJ','NAGERCOIL JN','11:05:00','11:05:00',918,'MAS','CHENNAI CENTRAL','NCJ','NAGERCOIL JN.\r'),(12691,'MAS-SSPN EXP',1,'MAS','CHENNAI CENT','23:30:00','23:30:00',0,'MAS','CHENNAI CENTRAL','SSPN','SRI SATYA SAI PRASANTI NILAYAM\r'),(12691,'MAS-SSPN EXP',2,'AJJ','ARAKKONAM JN','00:18:00','00:20:00',68,'MAS','CHENNAI CENTRAL','SSPN','SRI SATYA SAI PRASANTI NILAYAM\r'),(12691,'MAS-SSPN EXP',3,'SHU','SHOLINGUR','00:39:00','00:40:00',89,'MAS','CHENNAI CENTRAL','SSPN','SRI SATYA SAI PRASANTI NILAYAM\r'),(12691,'MAS-SSPN EXP',4,'KPD','KATPADI JN','01:08:00','01:10:00',128,'MAS','CHENNAI CENTRAL','SSPN','SRI SATYA SAI PRASANTI NILAYAM\r'),(12691,'MAS-SSPN EXP',5,'AB','AMBUR','01:49:00','01:50:00',181,'MAS','CHENNAI CENTRAL','SSPN','SRI SATYA SAI PRASANTI NILAYAM\r'),(12691,'MAS-SSPN EXP',6,'JTJ','JOLARPETTAI','02:43:00','02:45:00',212,'MAS','CHENNAI CENTRAL','SSPN','SRI SATYA SAI PRASANTI NILAYAM\r'),(12691,'MAS-SSPN EXP',7,'BWT','BANGARPET JN','03:48:00','03:50:00',290,'MAS','CHENNAI CENTRAL','SSPN','SRI SATYA SAI PRASANTI NILAYAM\r'),(12691,'MAS-SSPN EXP',8,'KJM','KRISHNA RAJA','04:43:00','04:45:00',346,'MAS','CHENNAI CENTRAL','SSPN','SRI SATYA SAI PRASANTI NILAYAM\r'),(12691,'MAS-SSPN EXP',9,'BNC','BANGALORE CA','04:58:00','05:00:00',356,'MAS','CHENNAI CENTRAL','SSPN','SRI SATYA SAI PRASANTI NILAYAM\r'),(12691,'MAS-SSPN EXP',10,'SBC','KRANTIVIRA S','05:25:00','05:40:00',360,'MAS','CHENNAI CENTRAL','SSPN','SRI SATYA SAI PRASANTI NILAYAM\r'),(12691,'MAS-SSPN EXP',11,'SSPN','SRI SATYA SA','09:40:00','09:40:00',528,'MAS','CHENNAI CENTRAL','SSPN','SRI SATYA SAI PRASANTI NILAYAM\r'),(12695,'MAS - TVC SU',1,'MAS','CHENNAI CENT','15:25:00','15:25:00',0,'MAS','CHENNAI CENTRAL','TVC','TRIVANDRUM CENTRAL\r'),(12695,'MAS - TVC SU',2,'AJJ','ARAKKONAM JN','16:13:00','16:15:00',68,'MAS','CHENNAI CENTRAL','TVC','TRIVANDRUM CENTRAL\r'),(12695,'MAS - TVC SU',3,'KPD','KATPADI JN','17:03:00','17:05:00',128,'MAS','CHENNAI CENTRAL','TVC','TRIVANDRUM CENTRAL\r'),(12695,'MAS - TVC SU',4,'VN','VANIYAMBADI','17:48:00','17:50:00',197,'MAS','CHENNAI CENTRAL','TVC','TRIVANDRUM CENTRAL\r'),(12695,'MAS - TVC SU',5,'JTJ','JOLARPETTAI','18:28:00','18:30:00',212,'MAS','CHENNAI CENTRAL','TVC','TRIVANDRUM CENTRAL\r'),(12695,'MAS - TVC SU',6,'SA','SALEM JN.','20:12:00','20:15:00',331,'MAS','CHENNAI CENTRAL','TVC','TRIVANDRUM CENTRAL\r'),(12695,'MAS - TVC SU',7,'ED','ERODE JN.','21:15:00','21:20:00',390,'MAS','CHENNAI CENTRAL','TVC','TRIVANDRUM CENTRAL\r'),(12695,'MAS - TVC SU',8,'TUP','TIRUPPUR','22:03:00','22:05:00',441,'MAS','CHENNAI CENTRAL','TVC','TRIVANDRUM CENTRAL\r'),(12695,'MAS - TVC SU',9,'CBE','COIMBATORE','23:07:00','23:10:00',491,'MAS','CHENNAI CENTRAL','TVC','TRIVANDRUM CENTRAL\r'),(12695,'MAS - TVC SU',10,'PGT','PALAKKAD JN','00:27:00','00:30:00',545,'MAS','CHENNAI CENTRAL','TVC','TRIVANDRUM CENTRAL\r'),(12695,'MAS - TVC SU',11,'TCR','TRICHUR','01:42:00','01:45:00',622,'MAS','CHENNAI CENTRAL','TVC','TRIVANDRUM CENTRAL\r'),(12695,'MAS - TVC SU',12,'ERN','ERNAKULAM TO','03:05:00','03:10:00',693,'MAS','CHENNAI CENTRAL','TVC','TRIVANDRUM CENTRAL\r'),(12695,'MAS - TVC SU',13,'KTYM','KOTTAYAM','04:17:00','04:20:00',753,'MAS','CHENNAI CENTRAL','TVC','TRIVANDRUM CENTRAL\r'),(12695,'MAS - TVC SU',14,'CGY','CHANGANACHER','04:39:00','04:40:00',770,'MAS','CHENNAI CENTRAL','TVC','TRIVANDRUM CENTRAL\r'),(12695,'MAS - TVC SU',15,'TRVL','TIRUVALLA','04:50:00','04:51:00',778,'MAS','CHENNAI CENTRAL','TVC','TRIVANDRUM CENTRAL\r'),(12695,'MAS - TVC SU',16,'CNGR','CHENGANNUR','05:01:00','05:03:00',787,'MAS','CHENNAI CENTRAL','TVC','TRIVANDRUM CENTRAL\r'),(12695,'MAS - TVC SU',17,'MVLK','MAVELIKARA','05:13:00','05:14:00',800,'MAS','CHENNAI CENTRAL','TVC','TRIVANDRUM CENTRAL\r'),(12695,'MAS - TVC SU',18,'KYJ','KAYANKULAM J','05:25:00','05:27:00',808,'MAS','CHENNAI CENTRAL','TVC','TRIVANDRUM CENTRAL\r'),(12695,'MAS - TVC SU',19,'QLN','QUILON','06:15:00','06:20:00',849,'MAS','CHENNAI CENTRAL','TVC','TRIVANDRUM CENTRAL\r'),(12695,'MAS - TVC SU',20,'VAK','VARKALA','06:42:00','06:43:00',873,'MAS','CHENNAI CENTRAL','TVC','TRIVANDRUM CENTRAL\r'),(12695,'MAS - TVC SU',21,'TVC','TRIVANDRUM C','07:35:00','07:35:00',914,'MAS','CHENNAI CENTRAL','TVC','TRIVANDRUM CENTRAL\r'),(12697,'MAS-TVC EXP.',1,'MAS','CHENNAI CENT','15:15:00','15:15:00',0,'MAS','CHENNAI CENTRAL','TVC','TRIVANDRUM CENTRAL\r'),(12697,'MAS-TVC EXP.',2,'KPD','KATPADI JN','16:48:00','16:50:00',128,'MAS','CHENNAI CENTRAL','TVC','TRIVANDRUM CENTRAL\r'),(12697,'MAS-TVC EXP.',3,'JTJ','JOLARPETTAI','18:18:00','18:20:00',212,'MAS','CHENNAI CENTRAL','TVC','TRIVANDRUM CENTRAL\r'),(12697,'MAS-TVC EXP.',4,'SA','SALEM JN.','19:47:00','19:50:00',331,'MAS','CHENNAI CENTRAL','TVC','TRIVANDRUM CENTRAL\r'),(12697,'MAS-TVC EXP.',5,'ED','ERODE JN.','20:47:00','20:50:00',390,'MAS','CHENNAI CENTRAL','TVC','TRIVANDRUM CENTRAL\r'),(12697,'MAS-TVC EXP.',6,'PTJ','PODANUR JN.','22:24:00','22:25:00',484,'MAS','CHENNAI CENTRAL','TVC','TRIVANDRUM CENTRAL\r'),(12697,'MAS-TVC EXP.',7,'PGT','PALAKKAD JN','23:25:00','23:30:00',533,'MAS','CHENNAI CENTRAL','TVC','TRIVANDRUM CENTRAL\r'),(12697,'MAS-TVC EXP.',8,'TCR','TRICHUR','00:42:00','00:45:00',609,'MAS','CHENNAI CENTRAL','TVC','TRIVANDRUM CENTRAL\r'),(12697,'MAS-TVC EXP.',9,'ERN','ERNAKULAM TO','02:00:00','02:05:00',680,'MAS','CHENNAI CENTRAL','TVC','TRIVANDRUM CENTRAL\r'),(12697,'MAS-TVC EXP.',10,'KTYM','KOTTAYAM','03:05:00','03:08:00',740,'MAS','CHENNAI CENTRAL','TVC','TRIVANDRUM CENTRAL\r'),(12697,'MAS-TVC EXP.',11,'TRVL','TIRUVALLA','03:42:00','03:43:00',765,'MAS','CHENNAI CENTRAL','TVC','TRIVANDRUM CENTRAL\r'),(12697,'MAS-TVC EXP.',12,'QLN','QUILON','05:10:00','05:15:00',836,'MAS','CHENNAI CENTRAL','TVC','TRIVANDRUM CENTRAL\r'),(12697,'MAS-TVC EXP.',13,'KZK','KAZHAKUTTAM','06:00:00','06:01:00',887,'MAS','CHENNAI CENTRAL','TVC','TRIVANDRUM CENTRAL\r'),(12697,'MAS-TVC EXP.',14,'TVC','TRIVANDRUM C','06:35:00','06:35:00',901,'MAS','CHENNAI CENTRAL','TVC','TRIVANDRUM CENTRAL\r'),(12712,'MAS-BZA PINA',1,'MAS','CHENNAI CENT','14:05:00','14:05:00',0,'MAS','CHENNAI CENTRAL','BZA','VIJAYWADA JN.\r'),(12712,'MAS-BZA PINA',2,'SPE','SULLURUPETTA','15:13:00','15:15:00',82,'MAS','CHENNAI CENTRAL','BZA','VIJAYWADA JN.\r'),(12712,'MAS-BZA PINA',3,'NYP','NAYUDUPETA','15:38:00','15:40:00',109,'MAS','CHENNAI CENTRAL','BZA','VIJAYWADA JN.\r'),(12712,'MAS-BZA PINA',4,'GDR','GUDUR JN.','16:25:00','16:27:00',137,'MAS','CHENNAI CENTRAL','BZA','VIJAYWADA JN.\r'),(12712,'MAS-BZA PINA',5,'NLR','NELLORE','16:52:00','16:53:00',175,'MAS','CHENNAI CENTRAL','BZA','VIJAYWADA JN.\r'),(12712,'MAS-BZA PINA',6,'BTTR','BITRAGUNTA','17:19:00','17:20:00',209,'MAS','CHENNAI CENTRAL','BZA','VIJAYWADA JN.\r'),(12712,'MAS-BZA PINA',7,'KVZ','KAVALI','17:31:00','17:32:00',226,'MAS','CHENNAI CENTRAL','BZA','VIJAYWADA JN.\r'),(12712,'MAS-BZA PINA',8,'SKM','SINGARAYAKON','17:55:00','17:57:00',263,'MAS','CHENNAI CENTRAL','BZA','VIJAYWADA JN.\r'),(12712,'MAS-BZA PINA',9,'OGL','ONGOLE','18:27:00','18:29:00',291,'MAS','CHENNAI CENTRAL','BZA','VIJAYWADA JN.\r'),(12712,'MAS-BZA PINA',10,'CLX','CHIRALA','19:05:00','19:06:00',341,'MAS','CHENNAI CENTRAL','BZA','VIJAYWADA JN.\r'),(12712,'MAS-BZA PINA',11,'BPP','BAPATIA','19:17:00','19:18:00',356,'MAS','CHENNAI CENTRAL','BZA','VIJAYWADA JN.\r'),(12712,'MAS-BZA PINA',12,'NDO','NIDUBROLU','19:32:00','19:34:00',376,'MAS','CHENNAI CENTRAL','BZA','VIJAYWADA JN.\r'),(12712,'MAS-BZA PINA',13,'TEL','TENALI JN.','19:48:00','19:50:00',398,'MAS','CHENNAI CENTRAL','BZA','VIJAYWADA JN.\r'),(12712,'MAS-BZA PINA',14,'BZA','VIJAYWADA JN','21:10:00','21:10:00',429,'MAS','CHENNAI CENTRAL','BZA','VIJAYWADA JN.\r'),(12759,'MAS-HYB CHAR',1,'MAS','CHENNAI CENT','18:10:00','18:10:00',0,'MAS','CHENNAI CENTRAL','HYB','HYDERABAD DECCAN\r'),(12759,'MAS-HYB CHAR',2,'SPE','SULLURUPETTA','19:18:00','19:20:00',82,'MAS','CHENNAI CENTRAL','HYB','HYDERABAD DECCAN\r'),(12759,'MAS-HYB CHAR',3,'NYP','NAYUDUPETA','19:43:00','19:45:00',109,'MAS','CHENNAI CENTRAL','HYB','HYDERABAD DECCAN\r'),(12759,'MAS-HYB CHAR',4,'GDR','GUDUR JN.','20:40:00','20:45:00',137,'MAS','CHENNAI CENTRAL','HYB','HYDERABAD DECCAN\r'),(12759,'MAS-HYB CHAR',5,'NLR','NELLORE','21:10:00','21:11:00',175,'MAS','CHENNAI CENTRAL','HYB','HYDERABAD DECCAN\r'),(12759,'MAS-HYB CHAR',6,'KVZ','KAVALI','21:48:00','21:49:00',226,'MAS','CHENNAI CENTRAL','HYB','HYDERABAD DECCAN\r'),(12759,'MAS-HYB CHAR',7,'OGL','ONGOLE','22:42:00','22:43:00',291,'MAS','CHENNAI CENTRAL','HYB','HYDERABAD DECCAN\r'),(12759,'MAS-HYB CHAR',8,'CLX','CHIRALA','23:18:00','23:19:00',341,'MAS','CHENNAI CENTRAL','HYB','HYDERABAD DECCAN\r'),(12759,'MAS-HYB CHAR',9,'TEL','TENALI JN.','00:14:00','00:15:00',398,'MAS','CHENNAI CENTRAL','HYB','HYDERABAD DECCAN\r'),(12759,'MAS-HYB CHAR',10,'BZA','VIJAYWADA JN','01:10:00','01:20:00',429,'MAS','CHENNAI CENTRAL','HYB','HYDERABAD DECCAN\r'),(12759,'MAS-HYB CHAR',11,'KMT','KHAMMAM','02:28:00','02:30:00',529,'MAS','CHENNAI CENTRAL','HYB','HYDERABAD DECCAN\r'),(12759,'MAS-HYB CHAR',12,'DKJ','DORNAKAL JN.','02:59:00','03:00:00',552,'MAS','CHENNAI CENTRAL','HYB','HYDERABAD DECCAN\r'),(12759,'MAS-HYB CHAR',13,'MABD','MAHBUBABAD','03:19:00','03:20:00',576,'MAS','CHENNAI CENTRAL','HYB','HYDERABAD DECCAN\r'),(12759,'MAS-HYB CHAR',14,'WL','WARANGAL','04:13:00','04:15:00',636,'MAS','CHENNAI CENTRAL','HYB','HYDERABAD DECCAN\r'),(12759,'MAS-HYB CHAR',15,'KZJ','KAZIPET JN.','04:40:00','04:42:00',656,'MAS','CHENNAI CENTRAL','HYB','HYDERABAD DECCAN\r'),(12759,'MAS-HYB CHAR',16,'SC','SECUNDERABAD','07:15:00','07:20:00',788,'MAS','CHENNAI CENTRAL','HYB','HYDERABAD DECCAN\r'),(12759,'MAS-HYB CHAR',17,'HYB','HYDERABAD DE','08:00:00','08:00:00',797,'MAS','CHENNAI CENTRAL','HYB','HYDERABAD DECCAN\r'),(12829,'CEN-BBS WEEK',1,'MAS','CHENNAI CENT','21:10:00','21:10:00',0,'MAS','CHENNAI CENTRAL','BBS','BHUBANESWAR\r'),(12829,'CEN-BBS WEEK',2,'SPE','SULLURUPETTA','22:18:00','22:20:00',82,'MAS','CHENNAI CENTRAL','BBS','BHUBANESWAR\r'),(12829,'CEN-BBS WEEK',3,'GDR','GUDUR JN.','23:30:00','23:35:00',137,'MAS','CHENNAI CENTRAL','BBS','BHUBANESWAR\r'),(12829,'CEN-BBS WEEK',4,'NLR','NELLORE','00:02:00','00:03:00',175,'MAS','CHENNAI CENTRAL','BBS','BHUBANESWAR\r'),(12829,'CEN-BBS WEEK',5,'OGL','ONGOLE','01:27:00','01:28:00',291,'MAS','CHENNAI CENTRAL','BBS','BHUBANESWAR\r'),(12829,'CEN-BBS WEEK',6,'CLX','CHIRALA','02:02:00','02:04:00',341,'MAS','CHENNAI CENTRAL','BBS','BHUBANESWAR\r'),(12829,'CEN-BBS WEEK',7,'TEL','TENALI JN.','02:43:00','02:45:00',398,'MAS','CHENNAI CENTRAL','BBS','BHUBANESWAR\r'),(12829,'CEN-BBS WEEK',8,'BZA','VIJAYWADA JN','04:00:00','04:15:00',429,'MAS','CHENNAI CENTRAL','BBS','BHUBANESWAR\r'),(12829,'CEN-BBS WEEK',9,'EE','ELURU','05:01:00','05:02:00',489,'MAS','CHENNAI CENTRAL','BBS','BHUBANESWAR\r'),(12829,'CEN-BBS WEEK',10,'TDD','TADEPALLI GU','05:34:00','05:35:00',537,'MAS','CHENNAI CENTRAL','BBS','BHUBANESWAR\r'),(12829,'CEN-BBS WEEK',11,'RJY','RAJAHMUNDRY','06:30:00','06:32:00',579,'MAS','CHENNAI CENTRAL','BBS','BHUBANESWAR\r'),(12829,'CEN-BBS WEEK',12,'TUNI','TUNI','07:48:00','07:49:00',683,'MAS','CHENNAI CENTRAL','BBS','BHUBANESWAR\r'),(12829,'CEN-BBS WEEK',13,'AKP','ANAKAPALLE','08:48:00','08:49:00',746,'MAS','CHENNAI CENTRAL','BBS','BHUBANESWAR\r'),(12829,'CEN-BBS WEEK',14,'VSKP','VISAKHAPATNA','10:25:00','10:45:00',780,'MAS','CHENNAI CENTRAL','BBS','BHUBANESWAR\r'),(12829,'CEN-BBS WEEK',15,'VZM','VIZIANAGARAM','11:40:00','11:42:00',840,'MAS','CHENNAI CENTRAL','BBS','BHUBANESWAR\r'),(12829,'CEN-BBS WEEK',16,'CHE','SRIKAKULAM R','12:35:00','12:37:00',910,'MAS','CHENNAI CENTRAL','BBS','BHUBANESWAR\r'),(12829,'CEN-BBS WEEK',17,'PSA','PALASA','13:43:00','13:45:00',983,'MAS','CHENNAI CENTRAL','BBS','BHUBANESWAR\r'),(12829,'CEN-BBS WEEK',18,'BAM','BERHAMPUR','14:34:00','14:36:00',1057,'MAS','CHENNAI CENTRAL','BBS','BHUBANESWAR\r'),(12829,'CEN-BBS WEEK',19,'BALU','BALUGAN','15:37:00','15:39:00',1132,'MAS','CHENNAI CENTRAL','BBS','BHUBANESWAR\r'),(12829,'CEN-BBS WEEK',20,'KUR','KHURDA ROAD','16:45:00','16:50:00',1203,'MAS','CHENNAI CENTRAL','BBS','BHUBANESWAR\r'),(12829,'CEN-BBS WEEK',21,'BBS','BHUBANESWAR','17:20:00','17:20:00',1222,'MAS','CHENNAI CENTRAL','BBS','BHUBANESWAR\r'),(12840,'MAS-HWH MAIL',1,'MAS','CHENNAI CENT','23:45:00','23:45:00',0,'MAS','CHENNAI CENTRAL','HWH','HOWRAH JN.\r'),(12840,'MAS-HWH MAIL',2,'GDR','GUDUR JN.','01:50:00','01:52:00',137,'MAS','CHENNAI CENTRAL','HWH','HOWRAH JN.\r'),(12840,'MAS-HWH MAIL',3,'NLR','NELLORE','02:17:00','02:18:00',175,'MAS','CHENNAI CENTRAL','HWH','HOWRAH JN.\r'),(12840,'MAS-HWH MAIL',4,'OGL','ONGOLE','03:44:00','03:45:00',291,'MAS','CHENNAI CENTRAL','HWH','HOWRAH JN.\r'),(12840,'MAS-HWH MAIL',5,'CLX','CHIRALA','04:29:00','04:30:00',341,'MAS','CHENNAI CENTRAL','HWH','HOWRAH JN.\r'),(12840,'MAS-HWH MAIL',6,'BPP','BAPATIA','04:42:00','04:44:00',356,'MAS','CHENNAI CENTRAL','HWH','HOWRAH JN.\r'),(12840,'MAS-HWH MAIL',7,'TEL','TENALI JN.','05:14:00','05:16:00',398,'MAS','CHENNAI CENTRAL','HWH','HOWRAH JN.\r'),(12840,'MAS-HWH MAIL',8,'BZA','VIJAYWADA JN','06:25:00','06:40:00',429,'MAS','CHENNAI CENTRAL','HWH','HOWRAH JN.\r'),(12840,'MAS-HWH MAIL',9,'EE','ELURU','07:26:00','07:27:00',489,'MAS','CHENNAI CENTRAL','HWH','HOWRAH JN.\r'),(12840,'MAS-HWH MAIL',10,'TDD','TADEPALLI GU','07:59:00','08:00:00',537,'MAS','CHENNAI CENTRAL','HWH','HOWRAH JN.\r'),(12840,'MAS-HWH MAIL',11,'NDD','NIDADAVOLU J','08:22:00','08:23:00',556,'MAS','CHENNAI CENTRAL','HWH','HOWRAH JN.\r'),(12840,'MAS-HWH MAIL',12,'RJY','RAJAHMUNDRY','09:09:00','09:14:00',579,'MAS','CHENNAI CENTRAL','HWH','HOWRAH JN.\r'),(12840,'MAS-HWH MAIL',13,'SLO','SAMALKOT JN.','09:52:00','09:53:00',629,'MAS','CHENNAI CENTRAL','HWH','HOWRAH JN.\r'),(12840,'MAS-HWH MAIL',14,'ANV','ANNAVARAM','10:19:00','10:20:00',666,'MAS','CHENNAI CENTRAL','HWH','HOWRAH JN.\r'),(12840,'MAS-HWH MAIL',15,'TUNI','TUNI','10:35:00','10:36:00',683,'MAS','CHENNAI CENTRAL','HWH','HOWRAH JN.\r'),(12840,'MAS-HWH MAIL',16,'AKP','ANAKAPALLE','11:21:00','11:22:00',746,'MAS','CHENNAI CENTRAL','HWH','HOWRAH JN.\r'),(12840,'MAS-HWH MAIL',17,'VSKP','VISAKHAPATNA','13:00:00','13:20:00',780,'MAS','CHENNAI CENTRAL','HWH','HOWRAH JN.\r'),(12840,'MAS-HWH MAIL',18,'VZM','VIZIANAGARAM','14:15:00','14:20:00',840,'MAS','CHENNAI CENTRAL','HWH','HOWRAH JN.\r'),(12840,'MAS-HWH MAIL',19,'CPP','CHIPURUPALLE','14:45:00','14:47:00',871,'MAS','CHENNAI CENTRAL','HWH','HOWRAH JN.\r'),(12840,'MAS-HWH MAIL',20,'CHE','SRIKAKULAM R','15:18:00','15:20:00',910,'MAS','CHENNAI CENTRAL','HWH','HOWRAH JN.\r'),(12840,'MAS-HWH MAIL',21,'NWP','NAUPADA JN.','15:53:00','15:55:00',957,'MAS','CHENNAI CENTRAL','HWH','HOWRAH JN.\r'),(12840,'MAS-HWH MAIL',22,'PSA','PALASA','16:28:00','16:30:00',983,'MAS','CHENNAI CENTRAL','HWH','HOWRAH JN.\r'),(12840,'MAS-HWH MAIL',23,'SPT','SOMPETA','16:53:00','16:55:00',1014,'MAS','CHENNAI CENTRAL','HWH','HOWRAH JN.\r'),(12840,'MAS-HWH MAIL',24,'IPM','ICHCHA PURAM','17:09:00','17:11:00',1032,'MAS','CHENNAI CENTRAL','HWH','HOWRAH JN.\r'),(12840,'MAS-HWH MAIL',25,'BAM','BERHAMPUR','17:35:00','17:40:00',1057,'MAS','CHENNAI CENTRAL','HWH','HOWRAH JN.\r'),(12840,'MAS-HWH MAIL',26,'CAP','CHATRAPUR','17:55:00','17:57:00',1078,'MAS','CHENNAI CENTRAL','HWH','HOWRAH JN.\r'),(12840,'MAS-HWH MAIL',27,'BALU','BALUGAN','18:37:00','18:39:00',1132,'MAS','CHENNAI CENTRAL','HWH','HOWRAH JN.\r'),(12840,'MAS-HWH MAIL',28,'KUR','KHURDA ROAD','19:50:00','20:10:00',1203,'MAS','CHENNAI CENTRAL','HWH','HOWRAH JN.\r'),(12840,'MAS-HWH MAIL',29,'BBS','BHUBANESWAR','20:35:00','20:40:00',1222,'MAS','CHENNAI CENTRAL','HWH','HOWRAH JN.\r'),(12840,'MAS-HWH MAIL',30,'CTC','CUTTACK JN.','21:10:00','21:15:00',1249,'MAS','CHENNAI CENTRAL','HWH','HOWRAH JN.\r'),(12840,'MAS-HWH MAIL',31,'JJKR','JAJPUR KEONJ','22:08:00','22:10:00',1321,'MAS','CHENNAI CENTRAL','HWH','HOWRAH JN.\r'),(12840,'MAS-HWH MAIL',32,'BHC','BHADRAKH','23:17:00','23:19:00',1365,'MAS','CHENNAI CENTRAL','HWH','HOWRAH JN.\r'),(12840,'MAS-HWH MAIL',33,'BLS','BALASORE','00:05:00','00:10:00',1427,'MAS','CHENNAI CENTRAL','HWH','HOWRAH JN.\r'),(12840,'MAS-HWH MAIL',34,'KGP','KHARAGPUR','01:43:00','01:48:00',1548,'MAS','CHENNAI CENTRAL','HWH','HOWRAH JN.\r'),(12840,'MAS-HWH MAIL',35,'SRC','SANTRAGACHI','03:12:00','03:14:00',1656,'MAS','CHENNAI CENTRAL','HWH','HOWRAH JN.\r'),(12840,'MAS-HWH MAIL',36,'HWH','HOWRAH JN.','04:00:00','04:00:00',1663,'MAS','CHENNAI CENTRAL','HWH','HOWRAH JN.\r'),(12842,'COROMANDEL E',1,'MAS','CHENNAI CENT','08:45:00','08:45:00',0,'MAS','CHENNAI CENTRAL','HWH','HOWRAH JN.\r'),(12842,'COROMANDEL E',2,'OGL','ONGOLE','12:48:00','12:50:00',291,'MAS','CHENNAI CENTRAL','HWH','HOWRAH JN.\r'),(12842,'COROMANDEL E',3,'BZA','VIJAYWADA JN','15:10:00','15:25:00',429,'MAS','CHENNAI CENTRAL','HWH','HOWRAH JN.\r'),(12842,'COROMANDEL E',4,'EE','ELURU','16:09:00','16:10:00',489,'MAS','CHENNAI CENTRAL','HWH','HOWRAH JN.\r'),(12842,'COROMANDEL E',5,'TDD','TADEPALLI GU','16:39:00','16:40:00',537,'MAS','CHENNAI CENTRAL','HWH','HOWRAH JN.\r'),(12842,'COROMANDEL E',6,'RJY','RAJAHMUNDRY','17:32:00','17:37:00',579,'MAS','CHENNAI CENTRAL','HWH','HOWRAH JN.\r'),(12842,'COROMANDEL E',7,'VSKP','VISAKHAPATNA','21:50:00','22:10:00',780,'MAS','CHENNAI CENTRAL','HWH','HOWRAH JN.\r'),(12842,'COROMANDEL E',8,'BAM','BERHAMPUR','01:55:00','01:57:00',1057,'MAS','CHENNAI CENTRAL','HWH','HOWRAH JN.\r'),(12842,'COROMANDEL E',9,'KUR','KHURDA ROAD','03:55:00','04:10:00',1203,'MAS','CHENNAI CENTRAL','HWH','HOWRAH JN.\r'),(12842,'COROMANDEL E',10,'BBS','BHUBANESWAR','04:35:00','04:40:00',1222,'MAS','CHENNAI CENTRAL','HWH','HOWRAH JN.\r'),(12842,'COROMANDEL E',11,'CTC','CUTTACK JN.','05:10:00','05:15:00',1249,'MAS','CHENNAI CENTRAL','HWH','HOWRAH JN.\r'),(12842,'COROMANDEL E',12,'JJKR','JAJPUR KEONJ','06:08:00','06:10:00',1321,'MAS','CHENNAI CENTRAL','HWH','HOWRAH JN.\r'),(12842,'COROMANDEL E',13,'BHC','BHADRAKH','07:15:00','07:17:00',1365,'MAS','CHENNAI CENTRAL','HWH','HOWRAH JN.\r'),(12842,'COROMANDEL E',14,'BLS','BALASORE','08:01:00','08:06:00',1427,'MAS','CHENNAI CENTRAL','HWH','HOWRAH JN.\r'),(12842,'COROMANDEL E',15,'KGP','KHARAGPUR','09:40:00','09:50:00',1548,'MAS','CHENNAI CENTRAL','HWH','HOWRAH JN.\r'),(12842,'COROMANDEL E',16,'SRC','SANTRAGACHI','11:12:00','11:13:00',1656,'MAS','CHENNAI CENTRAL','HWH','HOWRAH JN.\r'),(12842,'COROMANDEL E',17,'HWH','HOWRAH JN.','11:50:00','11:50:00',1663,'MAS','CHENNAI CENTRAL','HWH','HOWRAH JN.\r'),(12852,'MAS - BSP SF',1,'MAS','CHENNAI CENT','21:10:00','21:10:00',0,'MAS','CHENNAI CENTRAL','BSP','BILASPUR JN.\r'),(12852,'MAS - BSP SF',2,'GDR','GUDUR JN.','23:30:00','23:35:00',137,'MAS','CHENNAI CENTRAL','BSP','BILASPUR JN.\r'),(12852,'MAS - BSP SF',3,'NLR','NELLORE','00:02:00','00:03:00',175,'MAS','CHENNAI CENTRAL','BSP','BILASPUR JN.\r'),(12852,'MAS - BSP SF',4,'OGL','ONGOLE','01:27:00','01:28:00',291,'MAS','CHENNAI CENTRAL','BSP','BILASPUR JN.\r'),(12852,'MAS - BSP SF',5,'BZA','VIJAYWADA JN','03:55:00','04:05:00',429,'MAS','CHENNAI CENTRAL','BSP','BILASPUR JN.\r'),(12852,'MAS - BSP SF',6,'WL','WARANGAL','06:43:00','06:45:00',636,'MAS','CHENNAI CENTRAL','BSP','BILASPUR JN.\r'),(12852,'MAS - BSP SF',7,'SKZR','SIRPURKAGHAZ','09:24:00','09:25:00',810,'MAS','CHENNAI CENTRAL','BSP','BILASPUR JN.\r'),(12852,'MAS - BSP SF',8,'BPQ','BALHARSHAH','11:30:00','11:40:00',880,'MAS','CHENNAI CENTRAL','BSP','BILASPUR JN.\r'),(12852,'MAS - BSP SF',9,'NAB','NAGBHIR','13:26:00','13:28:00',998,'MAS','CHENNAI CENTRAL','BSP','BILASPUR JN.\r'),(12852,'MAS - BSP SF',10,'WSA','WADSA','13:51:00','13:53:00',1026,'MAS','CHENNAI CENTRAL','BSP','BILASPUR JN.\r'),(12852,'MAS - BSP SF',11,'AJU','ARJUNI','14:11:00','14:13:00',1050,'MAS','CHENNAI CENTRAL','BSP','BILASPUR JN.\r'),(12852,'MAS - BSP SF',12,'SNV','SONDAD','14:37:00','14:39:00',1083,'MAS','CHENNAI CENTRAL','BSP','BILASPUR JN.\r'),(12852,'MAS - BSP SF',13,'G','GONDIA JN.','15:35:00','15:45:00',1129,'MAS','CHENNAI CENTRAL','BSP','BILASPUR JN.\r'),(12852,'MAS - BSP SF',14,'RJN','RAJNANDGAON','17:00:00','17:02:00',1234,'MAS','CHENNAI CENTRAL','BSP','BILASPUR JN.\r'),(12852,'MAS - BSP SF',15,'DURG','DURG','17:45:00','17:50:00',1263,'MAS','CHENNAI CENTRAL','BSP','BILASPUR JN.\r'),(12852,'MAS - BSP SF',16,'R','RAIPUR JN.','18:25:00','18:35:00',1300,'MAS','CHENNAI CENTRAL','BSP','BILASPUR JN.\r'),(12852,'MAS - BSP SF',17,'BSP','BILASPUR JN.','20:15:00','20:15:00',1409,'MAS','CHENNAI CENTRAL','BSP','BILASPUR JN.\r'),(12967,'JAIPUR EXP',1,'MAS','CHENNAI CENT','17:40:00','17:40:00',0,'MAS','CHENNAI CENTRAL','JP','JAIPUR JN.\r'),(12967,'JAIPUR EXP',2,'GDR','GUDUR JN.','19:50:00','19:52:00',137,'MAS','CHENNAI CENTRAL','JP','JAIPUR JN.\r'),(12967,'JAIPUR EXP',3,'NLR','NELLORE','20:17:00','20:18:00',175,'MAS','CHENNAI CENTRAL','JP','JAIPUR JN.\r'),(12967,'JAIPUR EXP',4,'BZA','VIJAYWADA JN','00:10:00','00:20:00',429,'MAS','CHENNAI CENTRAL','JP','JAIPUR JN.\r'),(12967,'JAIPUR EXP',5,'WL','WARANGAL','03:09:00','03:10:00',636,'MAS','CHENNAI CENTRAL','JP','JAIPUR JN.\r'),(12967,'JAIPUR EXP',6,'MCI','MANCHIRYAL','05:34:00','05:35:00',752,'MAS','CHENNAI CENTRAL','JP','JAIPUR JN.\r'),(12967,'JAIPUR EXP',7,'SKZR','SIRPURKAGHAZ','06:24:00','06:25:00',810,'MAS','CHENNAI CENTRAL','JP','JAIPUR JN.\r'),(12967,'JAIPUR EXP',8,'BPQ','BALHARSHAH','07:50:00','08:00:00',880,'MAS','CHENNAI CENTRAL','JP','JAIPUR JN.\r'),(12967,'JAIPUR EXP',9,'CD','CHANDRAPUR (','08:18:00','08:20:00',894,'MAS','CHENNAI CENTRAL','JP','JAIPUR JN.\r'),(12967,'JAIPUR EXP',10,'HGT','HINGANGHAT','09:23:00','09:24:00',978,'MAS','CHENNAI CENTRAL','JP','JAIPUR JN.\r'),(12967,'JAIPUR EXP',11,'SEGM','SEWAGRAM','09:59:00','10:00:00',1016,'MAS','CHENNAI CENTRAL','JP','JAIPUR JN.\r'),(12967,'JAIPUR EXP',12,'NGP','NAGPUR JN.(C','11:05:00','11:15:00',1092,'MAS','CHENNAI CENTRAL','JP','JAIPUR JN.\r'),(12967,'JAIPUR EXP',13,'KATL','KATOL','12:02:00','12:03:00',1153,'MAS','CHENNAI CENTRAL','JP','JAIPUR JN.\r'),(12967,'JAIPUR EXP',14,'PAR','PANDHURNA','12:37:00','12:38:00',1196,'MAS','CHENNAI CENTRAL','JP','JAIPUR JN.\r'),(12967,'JAIPUR EXP',15,'BZU','BETUL','14:04:00','14:05:00',1282,'MAS','CHENNAI CENTRAL','JP','JAIPUR JN.\r'),(12967,'JAIPUR EXP',16,'ET','ITARSI','15:55:00','16:00:00',1389,'MAS','CHENNAI CENTRAL','JP','JAIPUR JN.\r'),(12967,'JAIPUR EXP',17,'HBJ','HABIBGANJ','17:23:00','17:25:00',1475,'MAS','CHENNAI CENTRAL','JP','JAIPUR JN.\r'),(12967,'JAIPUR EXP',18,'BPL','BHOPAL','17:55:00','18:05:00',1481,'MAS','CHENNAI CENTRAL','JP','JAIPUR JN.\r'),(12967,'JAIPUR EXP',19,'BIH','BAIRAGARH','18:34:00','18:36:00',1491,'MAS','CHENNAI CENTRAL','JP','JAIPUR JN.\r'),(12967,'JAIPUR EXP',20,'SEH','SEHORE','18:56:00','18:58:00',1520,'MAS','CHENNAI CENTRAL','JP','JAIPUR JN.\r'),(12967,'JAIPUR EXP',21,'SJP','SHUJALPUR','19:34:00','19:36:00',1561,'MAS','CHENNAI CENTRAL','JP','JAIPUR JN.\r'),(12967,'JAIPUR EXP',22,'BCH','BERCHHA','20:12:00','20:14:00',1604,'MAS','CHENNAI CENTRAL','JP','JAIPUR JN.\r'),(12967,'JAIPUR EXP',23,'UJN','UJJAIN JN','21:25:00','21:35:00',1664,'MAS','CHENNAI CENTRAL','JP','JAIPUR JN.\r'),(12967,'JAIPUR EXP',24,'NAD','NAGDA JN','22:45:00','23:10:00',1719,'MAS','CHENNAI CENTRAL','JP','JAIPUR JN.\r'),(12967,'JAIPUR EXP',25,'VMA','VIKRAMGARH A','23:36:00','23:38:00',1759,'MAS','CHENNAI CENTRAL','JP','JAIPUR JN.\r'),(12967,'JAIPUR EXP',26,'SGZ','SHAMGARH','00:14:00','00:16:00',1811,'MAS','CHENNAI CENTRAL','JP','JAIPUR JN.\r'),(12967,'JAIPUR EXP',27,'BWM','BHAWANI MAND','00:38:00','00:40:00',1840,'MAS','CHENNAI CENTRAL','JP','JAIPUR JN.\r'),(12967,'JAIPUR EXP',28,'RMA','RAMGANJ MAND','01:00:00','01:02:00',1868,'MAS','CHENNAI CENTRAL','JP','JAIPUR JN.\r'),(12967,'JAIPUR EXP',29,'KOTA','KOTA','01:45:00','01:55:00',1940,'MAS','CHENNAI CENTRAL','JP','JAIPUR JN.\r'),(12967,'JAIPUR EXP',30,'SWM','SAWAI MADHOP','03:40:00','04:00:00',2048,'MAS','CHENNAI CENTRAL','JP','JAIPUR JN.\r'),(12967,'JAIPUR EXP',31,'DPA','DURGAPURA','05:45:00','05:46:00',2172,'MAS','CHENNAI CENTRAL','JP','JAIPUR JN.\r'),(12967,'JAIPUR EXP',32,'JP','JAIPUR JN.','06:15:00','06:15:00',2179,'MAS','CHENNAI CENTRAL','JP','JAIPUR JN.\r'),(16003,'MAS-NSL WKLY',1,'MAS','CHENNAI CENT','09:10:00','09:10:00',0,'MAS','CHENNAI CENTRAL','NSL','NAGARSOL\r'),(16003,'MAS-NSL WKLY',2,'AJJ','ARAKKONAM JN','10:13:00','10:15:00',68,'MAS','CHENNAI CENTRAL','NSL','NAGARSOL\r'),(16003,'MAS-NSL WKLY',3,'TRT','TIRUTTANI','10:33:00','10:35:00',80,'MAS','CHENNAI CENTRAL','NSL','NAGARSOL\r'),(16003,'MAS-NSL WKLY',4,'PUT','PUTUR','11:03:00','11:05:00',113,'MAS','CHENNAI CENTRAL','NSL','NAGARSOL\r'),(16003,'MAS-NSL WKLY',5,'RU','RENIGUNTA JN','11:30:00','11:35:00',138,'MAS','CHENNAI CENTRAL','NSL','NAGARSOL\r'),(16003,'MAS-NSL WKLY',6,'RJP','RAZAMPETA','12:39:00','12:40:00',213,'MAS','CHENNAI CENTRAL','NSL','NAGARSOL\r'),(16003,'MAS-NSL WKLY',7,'HX','CUDDAPAH','13:33:00','13:35:00',263,'MAS','CHENNAI CENTRAL','NSL','NAGARSOL\r'),(16003,'MAS-NSL WKLY',8,'YA','YERRA GUNTLA','14:09:00','14:10:00',303,'MAS','CHENNAI CENTRAL','NSL','NAGARSOL\r'),(16003,'MAS-NSL WKLY',9,'TU','TADIPATRI','15:09:00','15:10:00',372,'MAS','CHENNAI CENTRAL','NSL','NAGARSOL\r'),(16003,'MAS-NSL WKLY',10,'GY','GOOTY JN.','15:59:00','16:00:00',420,'MAS','CHENNAI CENTRAL','NSL','NAGARSOL\r'),(16003,'MAS-NSL WKLY',11,'DHNE','DHONE JN','17:14:00','17:15:00',474,'MAS','CHENNAI CENTRAL','NSL','NAGARSOL\r'),(16003,'MAS-NSL WKLY',12,'KRNT','KURNOOL TOWN','18:05:00','18:07:00',528,'MAS','CHENNAI CENTRAL','NSL','NAGARSOL\r'),(16003,'MAS-NSL WKLY',13,'GWD','GADWAL','19:12:00','19:13:00',583,'MAS','CHENNAI CENTRAL','NSL','NAGARSOL\r'),(16003,'MAS-NSL WKLY',14,'MBNR','MAHBUBNAGAR','20:59:00','21:00:00',658,'MAS','CHENNAI CENTRAL','NSL','NAGARSOL\r'),(16003,'MAS-NSL WKLY',15,'KCG','KACHEGUDA','23:25:00','23:40:00',764,'MAS','CHENNAI CENTRAL','NSL','NAGARSOL\r'),(16003,'MAS-NSL WKLY',16,'MJF','MALKAJGIRI','00:24:00','00:25:00',773,'MAS','CHENNAI CENTRAL','NSL','NAGARSOL\r'),(16003,'MAS-NSL WKLY',17,'KMC','KAMAREDDI','01:45:00','01:46:00',877,'MAS','CHENNAI CENTRAL','NSL','NAGARSOL\r'),(16003,'MAS-NSL WKLY',18,'NZB','NIZAMABAD','03:08:00','03:10:00',929,'MAS','CHENNAI CENTRAL','NSL','NAGARSOL\r'),(16003,'MAS-NSL WKLY',19,'BSX','BASAR','03:42:00','03:43:00',959,'MAS','CHENNAI CENTRAL','NSL','NAGARSOL\r'),(16003,'MAS-NSL WKLY',20,'MUE','MUDKHED JN.','04:45:00','04:47:00',1018,'MAS','CHENNAI CENTRAL','NSL','NAGARSOL\r'),(16003,'MAS-NSL WKLY',21,'NED','NANDED','05:10:00','05:15:00',1040,'MAS','CHENNAI CENTRAL','NSL','NAGARSOL\r'),(16003,'MAS-NSL WKLY',22,'PAU','PURNA  JN.','05:53:00','05:55:00',1071,'MAS','CHENNAI CENTRAL','NSL','NAGARSOL\r'),(16003,'MAS-NSL WKLY',23,'PBN','PARBHANI JN.','06:28:00','06:30:00',1099,'MAS','CHENNAI CENTRAL','NSL','NAGARSOL\r'),(16003,'MAS-NSL WKLY',24,'J','JALNA','08:13:00','08:15:00',1214,'MAS','CHENNAI CENTRAL','NSL','NAGARSOL\r'),(16003,'MAS-NSL WKLY',25,'AWB','AURANGABAD','09:40:00','09:45:00',1276,'MAS','CHENNAI CENTRAL','NSL','NAGARSOL\r'),(16003,'MAS-NSL WKLY',26,'NSL','NAGARSOL','11:55:00','11:55:00',1365,'MAS','CHENNAI CENTRAL','NSL','NAGARSOL\r'),(16021,'KAVERI EXPRE',1,'MAS','CHENNAI CENT','21:15:00','21:15:00',0,'MAS','CHENNAI CENTRAL','MYS','MYSORE JN.\r'),(16021,'KAVERI EXPRE',2,'TRL','TIRUVALLUR','21:49:00','21:50:00',41,'MAS','CHENNAI CENTRAL','MYS','MYSORE JN.\r'),(16021,'KAVERI EXPRE',3,'AJJ','ARAKKONAM JN','22:15:00','22:17:00',68,'MAS','CHENNAI CENTRAL','MYS','MYSORE JN.\r'),(16021,'KAVERI EXPRE',4,'AVN','ANVARDIKANPE','22:29:00','22:30:00',79,'MAS','CHENNAI CENTRAL','MYS','MYSORE JN.\r'),(16021,'KAVERI EXPRE',5,'SHU','SHOLINGUR','22:44:00','22:45:00',89,'MAS','CHENNAI CENTRAL','MYS','MYSORE JN.\r'),(16021,'KAVERI EXPRE',6,'WJR','WALAJAH ROAD','22:59:00','23:00:00',104,'MAS','CHENNAI CENTRAL','MYS','MYSORE JN.\r'),(16021,'KAVERI EXPRE',7,'KPD','KATPADI JN','23:28:00','23:30:00',128,'MAS','CHENNAI CENTRAL','MYS','MYSORE JN.\r'),(16021,'KAVERI EXPRE',8,'AB','AMBUR','00:09:00','00:10:00',181,'MAS','CHENNAI CENTRAL','MYS','MYSORE JN.\r'),(16021,'KAVERI EXPRE',9,'JTJ','JOLARPETTAI','00:50:00','00:55:00',212,'MAS','CHENNAI CENTRAL','MYS','MYSORE JN.\r'),(16021,'KAVERI EXPRE',10,'KPN','KUPPAM','01:24:00','01:25:00',256,'MAS','CHENNAI CENTRAL','MYS','MYSORE JN.\r'),(16021,'KAVERI EXPRE',11,'BWT','BANGARPET JN','01:53:00','01:55:00',290,'MAS','CHENNAI CENTRAL','MYS','MYSORE JN.\r'),(16021,'KAVERI EXPRE',12,'WFD','WHITE FIELD','02:29:00','02:30:00',337,'MAS','CHENNAI CENTRAL','MYS','MYSORE JN.\r'),(16021,'KAVERI EXPRE',13,'KJM','KRISHNA RAJA','02:38:00','02:40:00',346,'MAS','CHENNAI CENTRAL','MYS','MYSORE JN.\r'),(16021,'KAVERI EXPRE',14,'BNCE','BANGALORE EA','02:49:00','02:50:00',353,'MAS','CHENNAI CENTRAL','MYS','MYSORE JN.\r'),(16021,'KAVERI EXPRE',15,'BNC','BANGALORE CA','02:58:00','03:00:00',356,'MAS','CHENNAI CENTRAL','MYS','MYSORE JN.\r'),(16021,'KAVERI EXPRE',16,'SBC','KRANTIVIRA S','03:45:00','04:00:00',360,'MAS','CHENNAI CENTRAL','MYS','MYSORE JN.\r'),(16021,'KAVERI EXPRE',17,'KGI','KENGERI','04:19:00','04:20:00',372,'MAS','CHENNAI CENTRAL','MYS','MYSORE JN.\r'),(16021,'KAVERI EXPRE',18,'BID','BIDADI','04:35:00','04:36:00',390,'MAS','CHENNAI CENTRAL','MYS','MYSORE JN.\r'),(16021,'KAVERI EXPRE',19,'RMGM','RAMANAGARAM','04:44:00','04:45:00',405,'MAS','CHENNAI CENTRAL','MYS','MYSORE JN.\r'),(16021,'KAVERI EXPRE',20,'CPT','CHANNA PATNA','04:54:00','04:55:00',416,'MAS','CHENNAI CENTRAL','MYS','MYSORE JN.\r'),(16021,'KAVERI EXPRE',21,'MAD','MADDUR','05:14:00','05:15:00',434,'MAS','CHENNAI CENTRAL','MYS','MYSORE JN.\r'),(16021,'KAVERI EXPRE',22,'MYA','MANDYA','05:34:00','05:35:00',453,'MAS','CHENNAI CENTRAL','MYS','MYSORE JN.\r'),(16021,'KAVERI EXPRE',23,'PANP','PANDAVAPURA','05:59:00','06:00:00',479,'MAS','CHENNAI CENTRAL','MYS','MYSORE JN.\r'),(16021,'KAVERI EXPRE',24,'MYS','MYSORE JN.','06:50:00','06:50:00',498,'MAS','CHENNAI CENTRAL','MYS','MYSORE JN.\r'),(16031,'MAS-SVDK AND',1,'MAS','CHENNAI CENT','05:15:00','05:15:00',0,'MAS','CHENNAI CENTRAL','SVDK','SHRI MATA VAISHNO DEVI KATRA\r'),(16031,'MAS-SVDK AND',2,'SPE','SULLURUPETTA','06:28:00','06:30:00',82,'MAS','CHENNAI CENTRAL','SVDK','SHRI MATA VAISHNO DEVI KATRA\r'),(16031,'MAS-SVDK AND',3,'NYP','NAYUDUPETA','06:53:00','06:55:00',109,'MAS','CHENNAI CENTRAL','SVDK','SHRI MATA VAISHNO DEVI KATRA\r'),(16031,'MAS-SVDK AND',4,'GDR','GUDUR JN.','08:15:00','08:17:00',137,'MAS','CHENNAI CENTRAL','SVDK','SHRI MATA VAISHNO DEVI KATRA\r'),(16031,'MAS-SVDK AND',5,'NLR','NELLORE','08:42:00','08:43:00',175,'MAS','CHENNAI CENTRAL','SVDK','SHRI MATA VAISHNO DEVI KATRA\r'),(16031,'MAS-SVDK AND',6,'BTTR','BITRAGUNTA','09:09:00','09:10:00',209,'MAS','CHENNAI CENTRAL','SVDK','SHRI MATA VAISHNO DEVI KATRA\r'),(16031,'MAS-SVDK AND',7,'KVZ','KAVALI','09:27:00','09:28:00',226,'MAS','CHENNAI CENTRAL','SVDK','SHRI MATA VAISHNO DEVI KATRA\r'),(16031,'MAS-SVDK AND',8,'SKM','SINGARAYAKON','09:53:00','09:54:00',263,'MAS','CHENNAI CENTRAL','SVDK','SHRI MATA VAISHNO DEVI KATRA\r'),(16031,'MAS-SVDK AND',9,'OGL','ONGOLE','10:25:00','10:26:00',291,'MAS','CHENNAI CENTRAL','SVDK','SHRI MATA VAISHNO DEVI KATRA\r'),(16031,'MAS-SVDK AND',10,'CLX','CHIRALA','11:00:00','11:01:00',341,'MAS','CHENNAI CENTRAL','SVDK','SHRI MATA VAISHNO DEVI KATRA\r'),(16031,'MAS-SVDK AND',11,'BPP','BAPATIA','11:13:00','11:14:00',356,'MAS','CHENNAI CENTRAL','SVDK','SHRI MATA VAISHNO DEVI KATRA\r'),(16031,'MAS-SVDK AND',12,'NDO','NIDUBROLU','11:37:00','11:38:00',376,'MAS','CHENNAI CENTRAL','SVDK','SHRI MATA VAISHNO DEVI KATRA\r'),(16031,'MAS-SVDK AND',13,'TEL','TENALI JN.','12:19:00','12:20:00',398,'MAS','CHENNAI CENTRAL','SVDK','SHRI MATA VAISHNO DEVI KATRA\r'),(16031,'MAS-SVDK AND',14,'NGNT','NEW GUNTUR','12:50:00','12:52:00',423,'MAS','CHENNAI CENTRAL','SVDK','SHRI MATA VAISHNO DEVI KATRA\r'),(16031,'MAS-SVDK AND',15,'BZA','VIJAYWADA JN','14:30:00','14:55:00',453,'MAS','CHENNAI CENTRAL','SVDK','SHRI MATA VAISHNO DEVI KATRA\r'),(16031,'MAS-SVDK AND',16,'MDR','MADHIRA','15:49:00','15:50:00',510,'MAS','CHENNAI CENTRAL','SVDK','SHRI MATA VAISHNO DEVI KATRA\r'),(16031,'MAS-SVDK AND',17,'KMT','KHAMMAM','16:24:00','16:25:00',554,'MAS','CHENNAI CENTRAL','SVDK','SHRI MATA VAISHNO DEVI KATRA\r'),(16031,'MAS-SVDK AND',18,'DKJ','DORNAKAL JN.','16:49:00','16:50:00',577,'MAS','CHENNAI CENTRAL','SVDK','SHRI MATA VAISHNO DEVI KATRA\r'),(16031,'MAS-SVDK AND',19,'MABD','MAHBUBABAD','17:07:00','17:08:00',601,'MAS','CHENNAI CENTRAL','SVDK','SHRI MATA VAISHNO DEVI KATRA\r'),(16031,'MAS-SVDK AND',20,'KDM','KESAMUDRAM','17:17:00','17:18:00',617,'MAS','CHENNAI CENTRAL','SVDK','SHRI MATA VAISHNO DEVI KATRA\r'),(16031,'MAS-SVDK AND',21,'WL','WARANGAL','18:03:00','18:08:00',662,'MAS','CHENNAI CENTRAL','SVDK','SHRI MATA VAISHNO DEVI KATRA\r'),(16031,'MAS-SVDK AND',22,'JMKT','JAMIKUNTA','18:59:00','19:00:00',707,'MAS','CHENNAI CENTRAL','SVDK','SHRI MATA VAISHNO DEVI KATRA\r'),(16031,'MAS-SVDK AND',23,'PDPL','PEDDAPALLI','19:24:00','19:25:00',746,'MAS','CHENNAI CENTRAL','SVDK','SHRI MATA VAISHNO DEVI KATRA\r'),(16031,'MAS-SVDK AND',24,'RDM','RAMGUNDAM','19:42:00','19:43:00',764,'MAS','CHENNAI CENTRAL','SVDK','SHRI MATA VAISHNO DEVI KATRA\r'),(16031,'MAS-SVDK AND',25,'MCI','MANCHIRYAL','19:59:00','20:00:00',777,'MAS','CHENNAI CENTRAL','SVDK','SHRI MATA VAISHNO DEVI KATRA\r'),(16031,'MAS-SVDK AND',26,'BPA','BELLAMPALLI','20:14:00','20:15:00',797,'MAS','CHENNAI CENTRAL','SVDK','SHRI MATA VAISHNO DEVI KATRA\r'),(16031,'MAS-SVDK AND',27,'SKZR','SIRPURKAGHAZ','20:49:00','20:50:00',836,'MAS','CHENNAI CENTRAL','SVDK','SHRI MATA VAISHNO DEVI KATRA\r'),(16031,'MAS-SVDK AND',28,'BPQ','BALHARSHAH','22:40:00','22:50:00',905,'MAS','CHENNAI CENTRAL','SVDK','SHRI MATA VAISHNO DEVI KATRA\r'),(16031,'MAS-SVDK AND',29,'CD','CHANDRAPUR (','23:08:00','23:09:00',919,'MAS','CHENNAI CENTRAL','SVDK','SHRI MATA VAISHNO DEVI KATRA\r'),(16031,'MAS-SVDK AND',30,'MJRI','MAJRI JN.','23:39:00','23:40:00',953,'MAS','CHENNAI CENTRAL','SVDK','SHRI MATA VAISHNO DEVI KATRA\r'),(16031,'MAS-SVDK AND',31,'WRR','WARORA','23:52:00','23:53:00',965,'MAS','CHENNAI CENTRAL','SVDK','SHRI MATA VAISHNO DEVI KATRA\r'),(16031,'MAS-SVDK AND',32,'HGT','HINGANGHAT','00:24:00','00:25:00',1003,'MAS','CHENNAI CENTRAL','SVDK','SHRI MATA VAISHNO DEVI KATRA\r'),(16031,'MAS-SVDK AND',33,'SEGM','SEWAGRAM','01:09:00','01:10:00',1041,'MAS','CHENNAI CENTRAL','SVDK','SHRI MATA VAISHNO DEVI KATRA\r'),(16031,'MAS-SVDK AND',34,'NGP','NAGPUR JN.(C','02:35:00','02:45:00',1118,'MAS','CHENNAI CENTRAL','SVDK','SHRI MATA VAISHNO DEVI KATRA\r'),(16031,'MAS-SVDK AND',35,'PAR','PANDHURNA','04:04:00','04:05:00',1221,'MAS','CHENNAI CENTRAL','SVDK','SHRI MATA VAISHNO DEVI KATRA\r'),(16031,'MAS-SVDK AND',36,'MTY','MULTAI','04:49:00','04:50:00',1262,'MAS','CHENNAI CENTRAL','SVDK','SHRI MATA VAISHNO DEVI KATRA\r'),(16031,'MAS-SVDK AND',37,'AMLA','AMLA JN.','05:15:00','05:17:00',1285,'MAS','CHENNAI CENTRAL','SVDK','SHRI MATA VAISHNO DEVI KATRA\r'),(16031,'MAS-SVDK AND',38,'BZU','BETUL','05:34:00','05:35:00',1308,'MAS','CHENNAI CENTRAL','SVDK','SHRI MATA VAISHNO DEVI KATRA\r'),(16031,'MAS-SVDK AND',39,'GDYA','GHORADONGRI','06:14:00','06:15:00',1344,'MAS','CHENNAI CENTRAL','SVDK','SHRI MATA VAISHNO DEVI KATRA\r'),(16031,'MAS-SVDK AND',40,'ET','ITARSI','08:00:00','08:10:00',1415,'MAS','CHENNAI CENTRAL','SVDK','SHRI MATA VAISHNO DEVI KATRA\r'),(16031,'MAS-SVDK AND',41,'BPL','BHOPAL','09:45:00','09:50:00',1506,'MAS','CHENNAI CENTRAL','SVDK','SHRI MATA VAISHNO DEVI KATRA\r'),(16031,'MAS-SVDK AND',42,'SCI','SANCHI','10:21:00','10:23:00',1550,'MAS','CHENNAI CENTRAL','SVDK','SHRI MATA VAISHNO DEVI KATRA\r'),(16031,'MAS-SVDK AND',43,'BINA','BINA','12:30:00','12:35:00',1645,'MAS','CHENNAI CENTRAL','SVDK','SHRI MATA VAISHNO DEVI KATRA\r'),(16031,'MAS-SVDK AND',44,'BAB','BABINA','14:05:00','14:07:00',1772,'MAS','CHENNAI CENTRAL','SVDK','SHRI MATA VAISHNO DEVI KATRA\r'),(16031,'MAS-SVDK AND',45,'JHS','JHANSI JN','14:45:00','14:55:00',1796,'MAS','CHENNAI CENTRAL','SVDK','SHRI MATA VAISHNO DEVI KATRA\r'),(16031,'MAS-SVDK AND',46,'GWL','GWALIOR JN','16:10:00','16:15:00',1893,'MAS','CHENNAI CENTRAL','SVDK','SHRI MATA VAISHNO DEVI KATRA\r'),(16031,'MAS-SVDK AND',47,'MRA','MORENA','16:40:00','16:42:00',1931,'MAS','CHENNAI CENTRAL','SVDK','SHRI MATA VAISHNO DEVI KATRA\r'),(16031,'MAS-SVDK AND',48,'AGC','AGRA CANTT','18:25:00','18:30:00',2000,'MAS','CHENNAI CENTRAL','SVDK','SHRI MATA VAISHNO DEVI KATRA\r'),(16031,'MAS-SVDK AND',49,'MTJ','MATHURA JN.','19:55:00','20:00:00',2053,'MAS','CHENNAI CENTRAL','SVDK','SHRI MATA VAISHNO DEVI KATRA\r'),(16031,'MAS-SVDK AND',50,'FDB','FARIDABAD','21:39:00','21:41:00',2164,'MAS','CHENNAI CENTRAL','SVDK','SHRI MATA VAISHNO DEVI KATRA\r'),(16031,'MAS-SVDK AND',51,'TKD','TUGALAKABAD','21:53:00','21:55:00',2174,'MAS','CHENNAI CENTRAL','SVDK','SHRI MATA VAISHNO DEVI KATRA\r'),(16031,'MAS-SVDK AND',52,'OKA','OKHLA','22:06:00','22:07:00',2178,'MAS','CHENNAI CENTRAL','SVDK','SHRI MATA VAISHNO DEVI KATRA\r'),(16031,'MAS-SVDK AND',53,'NZM','HAZRAT NIZAM','22:15:00','22:35:00',2181,'MAS','CHENNAI CENTRAL','SVDK','SHRI MATA VAISHNO DEVI KATRA\r'),(16031,'MAS-SVDK AND',54,'NDLS','NEW DELHI','23:00:00','00:10:00',2189,'MAS','CHENNAI CENTRAL','SVDK','SHRI MATA VAISHNO DEVI KATRA\r'),(16031,'MAS-SVDK AND',55,'SSB','SHAKUR BASTI','00:42:00','00:44:00',2200,'MAS','CHENNAI CENTRAL','SVDK','SHRI MATA VAISHNO DEVI KATRA\r'),(16031,'MAS-SVDK AND',56,'BGZ','BAHADURGARH','01:00:00','01:02:00',2219,'MAS','CHENNAI CENTRAL','SVDK','SHRI MATA VAISHNO DEVI KATRA\r'),(16031,'MAS-SVDK AND',57,'ROK','ROHTAK JN.','01:37:00','01:40:00',2260,'MAS','CHENNAI CENTRAL','SVDK','SHRI MATA VAISHNO DEVI KATRA\r'),(16031,'MAS-SVDK AND',58,'JIND','JIND JN','02:35:00','02:40:00',2317,'MAS','CHENNAI CENTRAL','SVDK','SHRI MATA VAISHNO DEVI KATRA\r'),(16031,'MAS-SVDK AND',59,'NRW','NARWANA JN.','03:06:00','03:08:00',2351,'MAS','CHENNAI CENTRAL','SVDK','SHRI MATA VAISHNO DEVI KATRA\r'),(16031,'MAS-SVDK AND',60,'TUN','TOHANA','03:27:00','03:29:00',2376,'MAS','CHENNAI CENTRAL','SVDK','SHRI MATA VAISHNO DEVI KATRA\r'),(16031,'MAS-SVDK AND',61,'JHL','JAKHAL JN.','04:00:00','04:05:00',2389,'MAS','CHENNAI CENTRAL','SVDK','SHRI MATA VAISHNO DEVI KATRA\r'),(16031,'MAS-SVDK AND',62,'LHA','LEHRA GAGA','04:22:00','04:24:00',2405,'MAS','CHENNAI CENTRAL','SVDK','SHRI MATA VAISHNO DEVI KATRA\r'),(16031,'MAS-SVDK AND',63,'SFMU','SUNAM','04:42:00','04:44:00',2426,'MAS','CHENNAI CENTRAL','SVDK','SHRI MATA VAISHNO DEVI KATRA\r'),(16031,'MAS-SVDK AND',64,'SAG','SANGRUR','04:56:00','04:58:00',2439,'MAS','CHENNAI CENTRAL','SVDK','SHRI MATA VAISHNO DEVI KATRA\r'),(16031,'MAS-SVDK AND',65,'DUI','DHURI JN.','05:30:00','05:35:00',2455,'MAS','CHENNAI CENTRAL','SVDK','SHRI MATA VAISHNO DEVI KATRA\r'),(16031,'MAS-SVDK AND',66,'MET','MALERKOTLA','05:48:00','05:50:00',2472,'MAS','CHENNAI CENTRAL','SVDK','SHRI MATA VAISHNO DEVI KATRA\r'),(16031,'MAS-SVDK AND',67,'AHH','AHMED GARH','06:08:00','06:10:00',2491,'MAS','CHENNAI CENTRAL','SVDK','SHRI MATA VAISHNO DEVI KATRA\r'),(16031,'MAS-SVDK AND',68,'QRP','KILA RAIPUR','06:28:00','06:30:00',2499,'MAS','CHENNAI CENTRAL','SVDK','SHRI MATA VAISHNO DEVI KATRA\r'),(16031,'MAS-SVDK AND',69,'LDH','LUDHIANA JN.','07:00:00','07:10:00',2517,'MAS','CHENNAI CENTRAL','SVDK','SHRI MATA VAISHNO DEVI KATRA\r'),(16031,'MAS-SVDK AND',70,'PHR','PHILLAUR JN.','07:23:00','07:25:00',2530,'MAS','CHENNAI CENTRAL','SVDK','SHRI MATA VAISHNO DEVI KATRA\r'),(16031,'MAS-SVDK AND',71,'PGW','PHAGWARA JN.','07:46:00','07:48:00',2553,'MAS','CHENNAI CENTRAL','SVDK','SHRI MATA VAISHNO DEVI KATRA\r'),(16031,'MAS-SVDK AND',72,'JRC','JALANDHAR CA','08:10:00','08:15:00',2569,'MAS','CHENNAI CENTRAL','SVDK','SHRI MATA VAISHNO DEVI KATRA\r'),(16031,'MAS-SVDK AND',73,'TDO','TANDA-URMAR','08:50:00','08:52:00',2612,'MAS','CHENNAI CENTRAL','SVDK','SHRI MATA VAISHNO DEVI KATRA\r'),(16031,'MAS-SVDK AND',74,'DZA','DASUA','09:06:00','09:08:00',2627,'MAS','CHENNAI CENTRAL','SVDK','SHRI MATA VAISHNO DEVI KATRA\r'),(16031,'MAS-SVDK AND',75,'MEX','MUKERIAN','09:24:00','09:26:00',2642,'MAS','CHENNAI CENTRAL','SVDK','SHRI MATA VAISHNO DEVI KATRA\r'),(16031,'MAS-SVDK AND',76,'PTKC','PATHANKOT CA','10:15:00','10:20:00',2682,'MAS','CHENNAI CENTRAL','SVDK','SHRI MATA VAISHNO DEVI KATRA\r'),(16031,'MAS-SVDK AND',77,'KTHU','KATHUA','10:58:00','11:00:00',2705,'MAS','CHENNAI CENTRAL','SVDK','SHRI MATA VAISHNO DEVI KATRA\r'),(16031,'MAS-SVDK AND',78,'SMBX','SAMBA','11:36:00','11:38:00',2749,'MAS','CHENNAI CENTRAL','SVDK','SHRI MATA VAISHNO DEVI KATRA\r'),(16031,'MAS-SVDK AND',79,'JAT','JAMMU TAWI','13:00:00','13:10:00',2781,'MAS','CHENNAI CENTRAL','SVDK','SHRI MATA VAISHNO DEVI KATRA\r'),(16031,'MAS-SVDK AND',80,'UHP','UDHAMPUR','14:10:00','14:15:00',2834,'MAS','CHENNAI CENTRAL','SVDK','SHRI MATA VAISHNO DEVI KATRA\r'),(16031,'MAS-SVDK AND',81,'SVDK','SHRI MATA VA','15:20:00','15:20:00',2859,'MAS','CHENNAI CENTRAL','SVDK','SHRI MATA VAISHNO DEVI KATRA\r'),(16053,'MAS-TPTY EXP',1,'MAS','CHENNAI CENT','14:15:00','14:15:00',0,'MAS','CHENNAI CENTRAL','TPTY','TIRUPATI\r'),(16053,'MAS-TPTY EXP',2,'TRL','TIRUVALLUR','14:48:00','14:50:00',41,'MAS','CHENNAI CENTRAL','TPTY','TIRUPATI\r'),(16053,'MAS-TPTY EXP',3,'AJJ','ARAKKONAM JN','15:18:00','15:20:00',68,'MAS','CHENNAI CENTRAL','TPTY','TIRUPATI\r'),(16053,'MAS-TPTY EXP',4,'TRT','TIRUTTANI','15:33:00','15:35:00',80,'MAS','CHENNAI CENTRAL','TPTY','TIRUPATI\r'),(16053,'MAS-TPTY EXP',5,'EKM','EKAMBARAKUPP','15:53:00','15:55:00',99,'MAS','CHENNAI CENTRAL','TPTY','TIRUPATI\r'),(16053,'MAS-TPTY EXP',6,'PUT','PUTUR','16:08:00','16:10:00',112,'MAS','CHENNAI CENTRAL','TPTY','TIRUPATI\r'),(16053,'MAS-TPTY EXP',7,'RU','RENIGUNTA JN','17:10:00','17:15:00',138,'MAS','CHENNAI CENTRAL','TPTY','TIRUPATI\r'),(16053,'MAS-TPTY EXP',8,'TPTY','TIRUPATI','17:50:00','17:50:00',148,'MAS','CHENNAI CENTRAL','TPTY','TIRUPATI\r'),(16057,'MAS-TPTY SAP',1,'MAS','CHENNAI CENT','00:00:00','06:25:00',0,'MAS','CHENNAI CENTRAL','TPTY','TIRUPATI\r'),(16057,'MAS-TPTY SAP',2,'TRL','TIRUVALLUR','06:58:00','07:00:00',41,'MAS','CHENNAI CENTRAL','TPTY','TIRUPATI\r'),(16057,'MAS-TPTY SAP',3,'AJJ','ARAKKONAM JN','07:28:00','07:30:00',68,'MAS','CHENNAI CENTRAL','TPTY','TIRUPATI\r'),(16057,'MAS-TPTY SAP',4,'TRT','TIRUTTANI','07:46:00','07:48:00',80,'MAS','CHENNAI CENTRAL','TPTY','TIRUPATI\r'),(16057,'MAS-TPTY SAP',5,'EKM','EKAMBARAKUPP','08:03:00','08:05:00',99,'MAS','CHENNAI CENTRAL','TPTY','TIRUPATI\r'),(16057,'MAS-TPTY SAP',6,'PUT','PUTUR','08:18:00','08:20:00',112,'MAS','CHENNAI CENTRAL','TPTY','TIRUPATI\r'),(16057,'MAS-TPTY SAP',7,'RU','RENIGUNTA JN','09:00:00','09:10:00',138,'MAS','CHENNAI CENTRAL','TPTY','TIRUPATI\r'),(16057,'MAS-TPTY SAP',8,'TPTY','TIRUPATI','09:40:00','00:00:00',148,'MAS','CHENNAI CENTRAL','TPTY','TIRUPATI\r'),(16089,'MAS-TPT YELA',1,'MAS','CHENNAI CENT','17:55:00','17:55:00',0,'MAS','CHENNAI CENTRAL','JTJ','JOLARPETTAI JN\r'),(16089,'MAS-TPT YELA',2,'PER','PERAMBUR','18:05:00','18:07:00',5,'MAS','CHENNAI CENTRAL','JTJ','JOLARPETTAI JN\r'),(16089,'MAS-TPT YELA',3,'TRL','TIRUVALLUR','18:33:00','18:35:00',41,'MAS','CHENNAI CENTRAL','JTJ','JOLARPETTAI JN\r'),(16089,'MAS-TPT YELA',4,'AJJ','ARAKKONAM JN','18:58:00','19:00:00',68,'MAS','CHENNAI CENTRAL','JTJ','JOLARPETTAI JN\r'),(16089,'MAS-TPT YELA',5,'CTRE','CHITTERI','19:09:00','19:10:00',75,'MAS','CHENNAI CENTRAL','JTJ','JOLARPETTAI JN\r'),(16089,'MAS-TPT YELA',6,'AVN','ANVARDIKANPE','19:14:00','19:15:00',79,'MAS','CHENNAI CENTRAL','JTJ','JOLARPETTAI JN\r'),(16089,'MAS-TPT YELA',7,'SHU','SHOLINGUR','19:24:00','19:25:00',89,'MAS','CHENNAI CENTRAL','JTJ','JOLARPETTAI JN\r'),(16089,'MAS-TPT YELA',8,'WJR','WALAJAH ROAD','19:39:00','19:40:00',104,'MAS','CHENNAI CENTRAL','JTJ','JOLARPETTAI JN\r'),(16089,'MAS-TPT YELA',9,'MCN','MUKUNDARAYAP','19:49:00','19:50:00',111,'MAS','CHENNAI CENTRAL','JTJ','JOLARPETTAI JN\r'),(16089,'MAS-TPT YELA',10,'KPD','KATPADI JN','20:08:00','20:10:00',128,'MAS','CHENNAI CENTRAL','JTJ','JOLARPETTAI JN\r'),(16089,'MAS-TPT YELA',11,'GYM','GUDIATTAM','20:29:00','20:30:00',153,'MAS','CHENNAI CENTRAL','JTJ','JOLARPETTAI JN\r'),(16089,'MAS-TPT YELA',12,'VLT','VALATHOOR','20:39:00','20:40:00',163,'MAS','CHENNAI CENTRAL','JTJ','JOLARPETTAI JN\r'),(16089,'MAS-TPT YELA',13,'MPI','MELPATTI','20:49:00','20:50:00',169,'MAS','CHENNAI CENTRAL','JTJ','JOLARPETTAI JN\r'),(16089,'MAS-TPT YELA',14,'AB','AMBUR','21:04:00','21:05:00',181,'MAS','CHENNAI CENTRAL','JTJ','JOLARPETTAI JN\r'),(16089,'MAS-TPT YELA',15,'VN','VANIYAMBADI','21:19:00','21:20:00',197,'MAS','CHENNAI CENTRAL','JTJ','JOLARPETTAI JN\r'),(16089,'MAS-TPT YELA',16,'JTJ','JOLARPETTAI','22:20:00','22:20:00',212,'MAS','CHENNAI CENTRAL','JTJ','JOLARPETTAI JN\r'),(16093,'MAS-LJN EXPR',1,'MAS','CHENNAI CENT','05:15:00','05:15:00',0,'MAS','CHENNAI CENTRAL','LJN','LUCKNOW JN.\r'),(16093,'MAS-LJN EXPR',2,'SPE','SULLURUPETTA','06:28:00','06:30:00',82,'MAS','CHENNAI CENTRAL','LJN','LUCKNOW JN.\r'),(16093,'MAS-LJN EXPR',3,'NYP','NAYUDUPETA','06:53:00','06:55:00',109,'MAS','CHENNAI CENTRAL','LJN','LUCKNOW JN.\r'),(16093,'MAS-LJN EXPR',4,'GDR','GUDUR JN.','08:15:00','08:17:00',137,'MAS','CHENNAI CENTRAL','LJN','LUCKNOW JN.\r'),(16093,'MAS-LJN EXPR',5,'NLR','NELLORE','08:42:00','08:43:00',175,'MAS','CHENNAI CENTRAL','LJN','LUCKNOW JN.\r'),(16093,'MAS-LJN EXPR',6,'BTTR','BITRAGUNTA','09:09:00','09:10:00',209,'MAS','CHENNAI CENTRAL','LJN','LUCKNOW JN.\r'),(16093,'MAS-LJN EXPR',7,'KVZ','KAVALI','09:27:00','09:28:00',226,'MAS','CHENNAI CENTRAL','LJN','LUCKNOW JN.\r'),(16093,'MAS-LJN EXPR',8,'SKM','SINGARAYAKON','09:53:00','09:54:00',263,'MAS','CHENNAI CENTRAL','LJN','LUCKNOW JN.\r'),(16093,'MAS-LJN EXPR',9,'OGL','ONGOLE','10:25:00','10:26:00',291,'MAS','CHENNAI CENTRAL','LJN','LUCKNOW JN.\r'),(16093,'MAS-LJN EXPR',10,'CLX','CHIRALA','11:00:00','11:01:00',341,'MAS','CHENNAI CENTRAL','LJN','LUCKNOW JN.\r'),(16093,'MAS-LJN EXPR',11,'BPP','BAPATIA','11:13:00','11:14:00',356,'MAS','CHENNAI CENTRAL','LJN','LUCKNOW JN.\r'),(16093,'MAS-LJN EXPR',12,'NDO','NIDUBROLU','11:37:00','11:38:00',376,'MAS','CHENNAI CENTRAL','LJN','LUCKNOW JN.\r'),(16093,'MAS-LJN EXPR',13,'TEL','TENALI JN.','12:19:00','12:20:00',398,'MAS','CHENNAI CENTRAL','LJN','LUCKNOW JN.\r'),(16093,'MAS-LJN EXPR',14,'NGNT','NEW GUNTUR','12:50:00','12:52:00',423,'MAS','CHENNAI CENTRAL','LJN','LUCKNOW JN.\r'),(16093,'MAS-LJN EXPR',15,'BZA','VIJAYWADA JN','14:30:00','14:50:00',453,'MAS','CHENNAI CENTRAL','LJN','LUCKNOW JN.\r'),(16093,'MAS-LJN EXPR',16,'YP','ERRUPALEM','15:39:00','15:40:00',493,'MAS','CHENNAI CENTRAL','LJN','LUCKNOW JN.\r'),(16093,'MAS-LJN EXPR',17,'KMT','KHAMMAM','16:24:00','16:25:00',553,'MAS','CHENNAI CENTRAL','LJN','LUCKNOW JN.\r'),(16093,'MAS-LJN EXPR',18,'DKJ','DORNAKAL JN.','16:49:00','16:50:00',575,'MAS','CHENNAI CENTRAL','LJN','LUCKNOW JN.\r'),(16093,'MAS-LJN EXPR',19,'MABD','MAHBUBABAD','17:07:00','17:08:00',600,'MAS','CHENNAI CENTRAL','LJN','LUCKNOW JN.\r'),(16093,'MAS-LJN EXPR',20,'KDM','KESAMUDRAM','17:17:00','17:18:00',615,'MAS','CHENNAI CENTRAL','LJN','LUCKNOW JN.\r'),(16093,'MAS-LJN EXPR',21,'WL','WARANGAL','18:03:00','18:08:00',660,'MAS','CHENNAI CENTRAL','LJN','LUCKNOW JN.\r'),(16093,'MAS-LJN EXPR',22,'JMKT','JAMIKUNTA','18:59:00','19:00:00',705,'MAS','CHENNAI CENTRAL','LJN','LUCKNOW JN.\r'),(16093,'MAS-LJN EXPR',23,'PDPL','PEDDAPALLI','19:24:00','19:25:00',745,'MAS','CHENNAI CENTRAL','LJN','LUCKNOW JN.\r'),(16093,'MAS-LJN EXPR',24,'RDM','RAMGUNDAM','19:42:00','19:43:00',762,'MAS','CHENNAI CENTRAL','LJN','LUCKNOW JN.\r'),(16093,'MAS-LJN EXPR',25,'MCI','MANCHIRYAL','19:59:00','20:00:00',776,'MAS','CHENNAI CENTRAL','LJN','LUCKNOW JN.\r'),(16093,'MAS-LJN EXPR',26,'BPA','BELLAMPALLI','20:14:00','20:15:00',795,'MAS','CHENNAI CENTRAL','LJN','LUCKNOW JN.\r'),(16093,'MAS-LJN EXPR',27,'SKZR','SIRPURKAGHAZ','20:49:00','20:50:00',834,'MAS','CHENNAI CENTRAL','LJN','LUCKNOW JN.\r'),(16093,'MAS-LJN EXPR',28,'BPQ','BALHARSHAH','22:40:00','22:50:00',904,'MAS','CHENNAI CENTRAL','LJN','LUCKNOW JN.\r'),(16093,'MAS-LJN EXPR',29,'CD','CHANDRAPUR (','23:08:00','23:09:00',917,'MAS','CHENNAI CENTRAL','LJN','LUCKNOW JN.\r'),(16093,'MAS-LJN EXPR',30,'MJRI','MAJRI JN.','23:39:00','23:40:00',951,'MAS','CHENNAI CENTRAL','LJN','LUCKNOW JN.\r'),(16093,'MAS-LJN EXPR',31,'WRR','WARORA','23:52:00','23:53:00',964,'MAS','CHENNAI CENTRAL','LJN','LUCKNOW JN.\r'),(16093,'MAS-LJN EXPR',32,'HGT','HINGANGHAT','00:24:00','00:25:00',1002,'MAS','CHENNAI CENTRAL','LJN','LUCKNOW JN.\r'),(16093,'MAS-LJN EXPR',33,'SEGM','SEWAGRAM','01:09:00','01:10:00',1040,'MAS','CHENNAI CENTRAL','LJN','LUCKNOW JN.\r'),(16093,'MAS-LJN EXPR',34,'NGP','NAGPUR JN.(C','02:35:00','02:45:00',1116,'MAS','CHENNAI CENTRAL','LJN','LUCKNOW JN.\r'),(16093,'MAS-LJN EXPR',35,'PAR','PANDHURNA','04:04:00','04:05:00',1220,'MAS','CHENNAI CENTRAL','LJN','LUCKNOW JN.\r'),(16093,'MAS-LJN EXPR',36,'MTY','MULTAI','04:49:00','04:50:00',1260,'MAS','CHENNAI CENTRAL','LJN','LUCKNOW JN.\r'),(16093,'MAS-LJN EXPR',37,'AMLA','AMLA JN.','05:15:00','05:17:00',1283,'MAS','CHENNAI CENTRAL','LJN','LUCKNOW JN.\r'),(16093,'MAS-LJN EXPR',38,'BZU','BETUL','05:34:00','05:35:00',1306,'MAS','CHENNAI CENTRAL','LJN','LUCKNOW JN.\r'),(16093,'MAS-LJN EXPR',39,'GDYA','GHORADONGRI','06:14:00','06:15:00',1343,'MAS','CHENNAI CENTRAL','LJN','LUCKNOW JN.\r'),(16093,'MAS-LJN EXPR',40,'ET','ITARSI','08:00:00','08:10:00',1413,'MAS','CHENNAI CENTRAL','LJN','LUCKNOW JN.\r'),(16093,'MAS-LJN EXPR',41,'BPL','BHOPAL','09:45:00','09:50:00',1505,'MAS','CHENNAI CENTRAL','LJN','LUCKNOW JN.\r'),(16093,'MAS-LJN EXPR',42,'BINA','BINA','12:30:00','12:35:00',1643,'MAS','CHENNAI CENTRAL','LJN','LUCKNOW JN.\r'),(16093,'MAS-LJN EXPR',43,'LAR','LALITPUR','13:27:00','13:29:00',1706,'MAS','CHENNAI CENTRAL','LJN','LUCKNOW JN.\r'),(16093,'MAS-LJN EXPR',44,'JHS','JHANSI JN','14:45:00','14:57:00',1794,'MAS','CHENNAI CENTRAL','LJN','LUCKNOW JN.\r'),(16093,'MAS-LJN EXPR',45,'ORAI','ORAI','16:30:00','16:35:00',1908,'MAS','CHENNAI CENTRAL','LJN','LUCKNOW JN.\r'),(16093,'MAS-LJN EXPR',46,'CNB','KANPUR CENTR','19:05:00','19:15:00',2012,'MAS','CHENNAI CENTRAL','LJN','LUCKNOW JN.\r'),(16093,'MAS-LJN EXPR',47,'LJN','LUCKNOW JN.','20:40:00','20:40:00',2086,'MAS','CHENNAI CENTRAL','LJN','LUCKNOW JN.\r'),(16203,'MAS-TPTY EXP',1,'MAS','CHENNAI CENT','16:35:00','16:35:00',0,'MAS','CHENNAI CENTRAL','TPTY','TIRUPATI\r'),(16203,'MAS-TPTY EXP',2,'PER','PERAMBUR','16:45:00','16:47:00',5,'MAS','CHENNAI CENTRAL','TPTY','TIRUPATI\r'),(16203,'MAS-TPTY EXP',3,'TRL','TIRUVALLUR','17:13:00','17:15:00',41,'MAS','CHENNAI CENTRAL','TPTY','TIRUPATI\r'),(16203,'MAS-TPTY EXP',4,'AJJ','ARAKKONAM JN','17:43:00','17:45:00',68,'MAS','CHENNAI CENTRAL','TPTY','TIRUPATI\r'),(16203,'MAS-TPTY EXP',5,'TRT','TIRUTTANI','17:58:00','18:00:00',80,'MAS','CHENNAI CENTRAL','TPTY','TIRUPATI\r'),(16203,'MAS-TPTY EXP',6,'NG','NAGARI','18:13:00','18:15:00',97,'MAS','CHENNAI CENTRAL','TPTY','TIRUPATI\r'),(16203,'MAS-TPTY EXP',7,'EKM','EKAMBARAKUPP','18:18:00','18:20:00',99,'MAS','CHENNAI CENTRAL','TPTY','TIRUPATI\r'),(16203,'MAS-TPTY EXP',8,'PUT','PUTUR','18:38:00','18:40:00',112,'MAS','CHENNAI CENTRAL','TPTY','TIRUPATI\r'),(16203,'MAS-TPTY EXP',9,'RU','RENIGUNTA JN','19:25:00','19:35:00',138,'MAS','CHENNAI CENTRAL','TPTY','TIRUPATI\r'),(16203,'MAS-TPTY EXP',10,'TPTY','TIRUPATI','20:10:00','20:10:00',148,'MAS','CHENNAI CENTRAL','TPTY','TIRUPATI\r'),(17311,'CHENNAI- VAS',1,'MAS','CHENNAI CENT','15:00:00','15:00:00',0,'MAS','CHENNAI CENTRAL','VSG','VASCO-DA-GAMA\r'),(17311,'CHENNAI- VAS',2,'AJJ','ARAKKONAM JN','15:53:00','15:55:00',68,'MAS','CHENNAI CENTRAL','VSG','VASCO-DA-GAMA\r'),(17311,'CHENNAI- VAS',3,'KPD','KATPADI JN','16:43:00','16:45:00',128,'MAS','CHENNAI CENTRAL','VSG','VASCO-DA-GAMA\r'),(17311,'CHENNAI- VAS',4,'JTJ','JOLARPETTAI','18:10:00','18:12:00',212,'MAS','CHENNAI CENTRAL','VSG','VASCO-DA-GAMA\r'),(17311,'CHENNAI- VAS',5,'BWT','BANGARPET JN','19:18:00','19:20:00',290,'MAS','CHENNAI CENTRAL','VSG','VASCO-DA-GAMA\r'),(17311,'CHENNAI- VAS',6,'KJM','KRISHNA RAJA','20:08:00','20:10:00',346,'MAS','CHENNAI CENTRAL','VSG','VASCO-DA-GAMA\r'),(17311,'CHENNAI- VAS',7,'BAND','BANASWADI','20:20:00','20:22:00',351,'MAS','CHENNAI CENTRAL','VSG','VASCO-DA-GAMA\r'),(17311,'CHENNAI- VAS',8,'YPR','YESVANTPUR J','21:35:00','21:55:00',363,'MAS','CHENNAI CENTRAL','VSG','VASCO-DA-GAMA\r'),(17311,'CHENNAI- VAS',9,'TK','TUMKUR','23:03:00','23:05:00',427,'MAS','CHENNAI CENTRAL','VSG','VASCO-DA-GAMA\r'),(17311,'CHENNAI- VAS',10,'TTR','TIPTUR','00:05:00','00:06:00',498,'MAS','CHENNAI CENTRAL','VSG','VASCO-DA-GAMA\r'),(17311,'CHENNAI- VAS',11,'ASK','ARSIKERE JN.','00:40:00','00:45:00',523,'MAS','CHENNAI CENTRAL','VSG','VASCO-DA-GAMA\r'),(17311,'CHENNAI- VAS',12,'RRB','BIRUR JN.','01:28:00','01:30:00',569,'MAS','CHENNAI CENTRAL','VSG','VASCO-DA-GAMA\r'),(17311,'CHENNAI- VAS',13,'DVG','DAVANGERE','03:08:00','03:10:00',683,'MAS','CHENNAI CENTRAL','VSG','VASCO-DA-GAMA\r'),(17311,'CHENNAI- VAS',14,'HRR','HARIHAR JN.','03:28:00','03:30:00',697,'MAS','CHENNAI CENTRAL','VSG','VASCO-DA-GAMA\r'),(17311,'CHENNAI- VAS',15,'RNR','RANIBENNUR','03:53:00','03:55:00',721,'MAS','CHENNAI CENTRAL','VSG','VASCO-DA-GAMA\r'),(17311,'CHENNAI- VAS',16,'HVR','HAVERI','04:23:00','04:25:00',754,'MAS','CHENNAI CENTRAL','VSG','VASCO-DA-GAMA\r'),(17311,'CHENNAI- VAS',17,'UBL','HUBLI JN.','06:25:00','07:00:00',829,'MAS','CHENNAI CENTRAL','VSG','VASCO-DA-GAMA\r'),(17311,'CHENNAI- VAS',18,'DWR','DHARWAD','07:18:00','07:20:00',850,'MAS','CHENNAI CENTRAL','VSG','VASCO-DA-GAMA\r'),(17311,'CHENNAI- VAS',19,'LD','LONDA JN.','08:30:00','08:40:00',920,'MAS','CHENNAI CENTRAL','VSG','VASCO-DA-GAMA\r'),(17311,'CHENNAI- VAS',20,'CLR','CASTLE ROCK','09:25:00','09:30:00',944,'MAS','CHENNAI CENTRAL','VSG','VASCO-DA-GAMA\r'),(17311,'CHENNAI- VAS',21,'QLM','KULEM','11:04:00','11:05:00',970,'MAS','CHENNAI CENTRAL','VSG','VASCO-DA-GAMA\r'),(17311,'CHENNAI- VAS',22,'SVM','SANVORDEM CU','11:33:00','11:35:00',989,'MAS','CHENNAI CENTRAL','VSG','VASCO-DA-GAMA\r'),(17311,'CHENNAI- VAS',23,'MAO','MADGOAN JN.','11:55:00','12:00:00',1004,'MAS','CHENNAI CENTRAL','VSG','VASCO-DA-GAMA\r'),(17311,'CHENNAI- VAS',24,'VSG','VASCO-DA-GAM','13:00:00','13:00:00',1029,'MAS','CHENNAI CENTRAL','VSG','VASCO-DA-GAMA\r'),(19419,'MAS ADI EXPR',1,'MAS','CHENNAI CENT','20:00:00','20:00:00',0,'MAS','CHENNAI CENTRAL','ADI','AHMEDABAD\r'),(19419,'MAS ADI EXPR',2,'AJJ','ARAKKONAM JN','21:03:00','21:05:00',68,'MAS','CHENNAI CENTRAL','ADI','AHMEDABAD\r'),(19419,'MAS ADI EXPR',3,'RU','RENIGUNTA JN','22:30:00','22:35:00',138,'MAS','CHENNAI CENTRAL','ADI','AHMEDABAD\r'),(19419,'MAS ADI EXPR',4,'KOU','KODURU','23:03:00','23:05:00',179,'MAS','CHENNAI CENTRAL','ADI','AHMEDABAD\r'),(19419,'MAS ADI EXPR',5,'RJP','RAZAMPETA','23:28:00','23:30:00',213,'MAS','CHENNAI CENTRAL','ADI','AHMEDABAD\r'),(19419,'MAS ADI EXPR',6,'HX','CUDDAPAH','00:33:00','00:35:00',263,'MAS','CHENNAI CENTRAL','ADI','AHMEDABAD\r'),(19419,'MAS ADI EXPR',7,'YA','YERRA GUNTLA','01:03:00','01:05:00',303,'MAS','CHENNAI CENTRAL','ADI','AHMEDABAD\r'),(19419,'MAS ADI EXPR',8,'TU','TADIPATRI','02:18:00','02:20:00',372,'MAS','CHENNAI CENTRAL','ADI','AHMEDABAD\r'),(19419,'MAS ADI EXPR',9,'GY','GOOTY JN.','02:59:00','03:00:00',420,'MAS','CHENNAI CENTRAL','ADI','AHMEDABAD\r'),(19419,'MAS ADI EXPR',10,'GTL','GUNTAKAL JN.','03:50:00','04:00:00',448,'MAS','CHENNAI CENTRAL','ADI','AHMEDABAD\r'),(19419,'MAS ADI EXPR',11,'AD','ADONI','04:44:00','04:45:00',500,'MAS','CHENNAI CENTRAL','ADI','AHMEDABAD\r'),(19419,'MAS ADI EXPR',12,'MALM','MANTHRALAYAM','05:14:00','05:15:00',541,'MAS','CHENNAI CENTRAL','ADI','AHMEDABAD\r'),(19419,'MAS ADI EXPR',13,'RC','RAICHUR','05:48:00','05:50:00',569,'MAS','CHENNAI CENTRAL','ADI','AHMEDABAD\r'),(19419,'MAS ADI EXPR',14,'YG','YADGIR','06:58:00','07:00:00',638,'MAS','CHENNAI CENTRAL','ADI','AHMEDABAD\r'),(19419,'MAS ADI EXPR',15,'WADI','WADI JN.','09:30:00','09:35:00',676,'MAS','CHENNAI CENTRAL','ADI','AHMEDABAD\r'),(19419,'MAS ADI EXPR',16,'SUR','SOLAPUR','12:15:00','12:25:00',826,'MAS','CHENNAI CENTRAL','ADI','AHMEDABAD\r'),(19419,'MAS ADI EXPR',17,'PUNE','PUNE JN.','17:10:00','17:20:00',1092,'MAS','CHENNAI CENTRAL','ADI','AHMEDABAD\r'),(19419,'MAS ADI EXPR',18,'PNVL','PANVEL','20:30:00','20:35:00',1212,'MAS','CHENNAI CENTRAL','ADI','AHMEDABAD\r'),(19419,'MAS ADI EXPR',19,'BSR','VASAI ROAD','22:20:00','22:30:00',1277,'MAS','CHENNAI CENTRAL','ADI','AHMEDABAD\r'),(19419,'MAS ADI EXPR',20,'BOR','BOISAR','23:28:00','23:30:00',1328,'MAS','CHENNAI CENTRAL','ADI','AHMEDABAD\r'),(19419,'MAS ADI EXPR',21,'VAPI','VAPI','00:18:00','00:20:00',1400,'MAS','CHENNAI CENTRAL','ADI','AHMEDABAD\r'),(19419,'MAS ADI EXPR',22,'ST','SURAT','01:43:00','01:48:00',1492,'MAS','CHENNAI CENTRAL','ADI','AHMEDABAD\r'),(19419,'MAS ADI EXPR',23,'BRC','VADODARA JN.','03:26:00','03:31:00',1621,'MAS','CHENNAI CENTRAL','ADI','AHMEDABAD\r'),(19419,'MAS ADI EXPR',24,'ANND','ANAND JN.','04:07:00','04:09:00',1657,'MAS','CHENNAI CENTRAL','ADI','AHMEDABAD\r'),(19419,'MAS ADI EXPR',25,'ND','NADIAD JN.','04:24:00','04:26:00',1675,'MAS','CHENNAI CENTRAL','ADI','AHMEDABAD\r'),(19419,'MAS ADI EXPR',26,'ADI','AHMEDABAD','05:45:00','05:45:00',1721,'MAS','CHENNAI CENTRAL','ADI','AHMEDABAD\r'),(20601,'MAS-MDU WEEK',1,'MAS','CHENNAI CENT','22:30:00','22:30:00',0,'MAS','CHENNAI CENTRAL','MDU','MADURAI JN\r'),(20601,'MAS-MDU WEEK',2,'KPD','KATPADI JN','00:03:00','00:05:00',135,'MAS','CHENNAI CENTRAL','MDU','MADURAI JN\r'),(20601,'MAS-MDU WEEK',3,'SA','SALEM JN.','02:55:00','03:05:00',338,'MAS','CHENNAI CENTRAL','MDU','MADURAI JN\r'),(20601,'MAS-MDU WEEK',4,'KRR','KARUR JN.','04:38:00','04:40:00',422,'MAS','CHENNAI CENTRAL','MDU','MADURAI JN\r'),(20601,'MAS-MDU WEEK',5,'DG','DINDIGUL JN','06:03:00','06:05:00',496,'MAS','CHENNAI CENTRAL','MDU','MADURAI JN\r'),(20601,'MAS-MDU WEEK',6,'MDU','MADURAI JN','07:20:00','07:20:00',558,'MAS','CHENNAI CENTRAL','MDU','MADURAI JN\r'),(22205,'MAS-MDU DURA',1,'MAS','CHENNAI CENT','22:30:00','22:30:00',0,'MAS','CHENNAI CENTRAL','MDU','MADURAI JN\r'),(22205,'MAS-MDU DURA',2,'SA','SALEM JN.','02:55:00','03:05:00',331,'MAS','CHENNAI CENTRAL','MDU','MADURAI JN\r'),(22205,'MAS-MDU DURA',3,'MDU','MADURAI JN','07:10:00','07:10:00',553,'MAS','CHENNAI CENTRAL','MDU','MADURAI JN\r'),(22207,'MAS-TVC AC E',1,'MAS','CHENNAI CENT','16:25:00','16:25:00',0,'MAS','CHENNAI CENTRAL','TVC','TRIVANDRUM CENTRAL\r'),(22207,'MAS-TVC AC E',2,'KPD','KATPADI JN','18:03:00','18:05:00',128,'MAS','CHENNAI CENTRAL','TVC','TRIVANDRUM CENTRAL\r'),(22207,'MAS-TVC AC E',3,'SA','SALEM JN.','20:37:00','20:40:00',331,'MAS','CHENNAI CENTRAL','TVC','TRIVANDRUM CENTRAL\r'),(22207,'MAS-TVC AC E',4,'ED','ERODE JN.','21:32:00','21:35:00',390,'MAS','CHENNAI CENTRAL','TVC','TRIVANDRUM CENTRAL\r'),(22207,'MAS-TVC AC E',5,'CBE','COIMBATORE','22:57:00','23:00:00',491,'MAS','CHENNAI CENTRAL','TVC','TRIVANDRUM CENTRAL\r'),(22207,'MAS-TVC AC E',6,'PGT','PALAKKAD JN','00:17:00','00:20:00',545,'MAS','CHENNAI CENTRAL','TVC','TRIVANDRUM CENTRAL\r'),(22207,'MAS-TVC AC E',7,'TCR','TRICHUR','01:30:00','01:32:00',622,'MAS','CHENNAI CENTRAL','TVC','TRIVANDRUM CENTRAL\r'),(22207,'MAS-TVC AC E',8,'ERS','ERNAKULAM. J','03:00:00','03:05:00',695,'MAS','CHENNAI CENTRAL','TVC','TRIVANDRUM CENTRAL\r'),(22207,'MAS-TVC AC E',9,'ALLP','ALLEPPEY','03:55:00','03:57:00',752,'MAS','CHENNAI CENTRAL','TVC','TRIVANDRUM CENTRAL\r'),(22207,'MAS-TVC AC E',10,'QLN','QUILON','05:25:00','05:27:00',837,'MAS','CHENNAI CENTRAL','TVC','TRIVANDRUM CENTRAL\r'),(22207,'MAS-TVC AC E',11,'TVC','TRIVANDRUM C','06:45:00','06:45:00',901,'MAS','CHENNAI CENTRAL','TVC','TRIVANDRUM CENTRAL\r'),(22601,'MAS-SNSI EXP',1,'MAS','CHENNAI CENT','00:00:00','10:10:00',0,'MAS','CHENNAI CENTRAL','SNSI','SAI NAGAR SHIRDI\r'),(22601,'MAS-SNSI EXP',2,'AJJ','ARAKKONAM JN','11:03:00','11:05:00',68,'MAS','CHENNAI CENTRAL','SNSI','SAI NAGAR SHIRDI\r'),(22601,'MAS-SNSI EXP',3,'KPD','KATPADI JN','11:53:00','11:55:00',128,'MAS','CHENNAI CENTRAL','SNSI','SAI NAGAR SHIRDI\r'),(22601,'MAS-SNSI EXP',4,'JTJ','JOLARPETTAI','13:18:00','13:20:00',212,'MAS','CHENNAI CENTRAL','SNSI','SAI NAGAR SHIRDI\r'),(22601,'MAS-SNSI EXP',5,'BWT','BANGARPET JN','14:23:00','14:25:00',290,'MAS','CHENNAI CENTRAL','SNSI','SAI NAGAR SHIRDI\r'),(22601,'MAS-SNSI EXP',6,'MLO','MALUR','14:54:00','14:55:00',317,'MAS','CHENNAI CENTRAL','SNSI','SAI NAGAR SHIRDI\r'),(22601,'MAS-SNSI EXP',7,'KJM','KRISHNA RAJA','15:28:00','15:30:00',346,'MAS','CHENNAI CENTRAL','SNSI','SAI NAGAR SHIRDI\r'),(22601,'MAS-SNSI EXP',8,'YNK','YELAHANKA JN','16:04:00','16:05:00',362,'MAS','CHENNAI CENTRAL','SNSI','SAI NAGAR SHIRDI\r'),(22601,'MAS-SNSI EXP',9,'HUP','HINDUPUR','17:18:00','17:20:00',446,'MAS','CHENNAI CENTRAL','SNSI','SAI NAGAR SHIRDI\r'),(22601,'MAS-SNSI EXP',10,'SSPN','SRI SATYA SA','18:13:00','18:15:00',503,'MAS','CHENNAI CENTRAL','SNSI','SAI NAGAR SHIRDI\r'),(22601,'MAS-SNSI EXP',11,'DMM','DHARMAVARAM','19:08:00','19:10:00',536,'MAS','CHENNAI CENTRAL','SNSI','SAI NAGAR SHIRDI\r'),(22601,'MAS-SNSI EXP',12,'ATP','ANANTAPUR','19:38:00','19:40:00',570,'MAS','CHENNAI CENTRAL','SNSI','SAI NAGAR SHIRDI\r'),(22601,'MAS-SNSI EXP',13,'GTL','GUNTAKAL JN.','21:00:00','21:10:00',637,'MAS','CHENNAI CENTRAL','SNSI','SAI NAGAR SHIRDI\r'),(22601,'MAS-SNSI EXP',14,'AD','ADONI','21:53:00','21:55:00',689,'MAS','CHENNAI CENTRAL','SNSI','SAI NAGAR SHIRDI\r'),(22601,'MAS-SNSI EXP',15,'MALM','MANTHRALAYAM','22:28:00','22:30:00',730,'MAS','CHENNAI CENTRAL','SNSI','SAI NAGAR SHIRDI\r'),(22601,'MAS-SNSI EXP',16,'RC','RAICHUR','23:00:00','23:02:00',758,'MAS','CHENNAI CENTRAL','SNSI','SAI NAGAR SHIRDI\r'),(22601,'MAS-SNSI EXP',17,'WADI','WADI JN.','01:00:00','01:05:00',866,'MAS','CHENNAI CENTRAL','SNSI','SAI NAGAR SHIRDI\r'),(22601,'MAS-SNSI EXP',18,'GR','GULBARGA','01:42:00','01:45:00',902,'MAS','CHENNAI CENTRAL','SNSI','SAI NAGAR SHIRDI\r'),(22601,'MAS-SNSI EXP',19,'SUR','SOLAPUR','03:50:00','04:00:00',1015,'MAS','CHENNAI CENTRAL','SNSI','SAI NAGAR SHIRDI\r'),(22601,'MAS-SNSI EXP',20,'DD','DAUND JN.','06:45:00','06:55:00',1203,'MAS','CHENNAI CENTRAL','SNSI','SAI NAGAR SHIRDI\r'),(22601,'MAS-SNSI EXP',21,'ANG','AHMADNAGAR','08:47:00','08:50:00',1287,'MAS','CHENNAI CENTRAL','SNSI','SAI NAGAR SHIRDI\r'),(22601,'MAS-SNSI EXP',22,'PB','PUNTAMBA','10:30:00','10:45:00',1374,'MAS','CHENNAI CENTRAL','SNSI','SAI NAGAR SHIRDI\r'),(22601,'MAS-SNSI EXP',23,'SNSI','SAI NAGAR SH','11:30:00','00:00:00',1391,'MAS','CHENNAI CENTRAL','SNSI','SAI NAGAR SHIRDI\r'),(22611,'MAS NJP EXPR',1,'MAS','CHENNAI CENT','11:00:00','11:00:00',0,'MAS','CHENNAI CENTRAL','NJP','NEW JALPAIGURI JN\r'),(22611,'MAS NJP EXPR',2,'NLR','NELLORE','13:40:00','13:41:00',175,'MAS','CHENNAI CENTRAL','NJP','NEW JALPAIGURI JN\r'),(22611,'MAS NJP EXPR',3,'OGL','ONGOLE','15:04:00','15:05:00',291,'MAS','CHENNAI CENTRAL','NJP','NEW JALPAIGURI JN\r'),(22611,'MAS NJP EXPR',4,'BZA','VIJAYWADA JN','17:40:00','17:55:00',429,'MAS','CHENNAI CENTRAL','NJP','NEW JALPAIGURI JN\r'),(22611,'MAS NJP EXPR',5,'EE','ELURU','18:41:00','18:42:00',489,'MAS','CHENNAI CENTRAL','NJP','NEW JALPAIGURI JN\r'),(22611,'MAS NJP EXPR',6,'AKP','ANAKAPALLE','22:39:00','22:40:00',746,'MAS','CHENNAI CENTRAL','NJP','NEW JALPAIGURI JN\r'),(22611,'MAS NJP EXPR',7,'DVD','DUVVADA','23:38:00','23:40:00',762,'MAS','CHENNAI CENTRAL','NJP','NEW JALPAIGURI JN\r'),(22611,'MAS NJP EXPR',8,'VSKP','VISAKHAPATNA','00:10:00','00:30:00',780,'MAS','CHENNAI CENTRAL','NJP','NEW JALPAIGURI JN\r'),(22611,'MAS NJP EXPR',9,'VZM','VIZIANAGARAM','01:28:00','01:30:00',840,'MAS','CHENNAI CENTRAL','NJP','NEW JALPAIGURI JN\r'),(22611,'MAS NJP EXPR',10,'BAM','BERHAMPUR','04:25:00','04:27:00',1057,'MAS','CHENNAI CENTRAL','NJP','NEW JALPAIGURI JN\r'),(22611,'MAS NJP EXPR',11,'KUR','KHURDA ROAD','06:35:00','06:55:00',1203,'MAS','CHENNAI CENTRAL','NJP','NEW JALPAIGURI JN\r'),(22611,'MAS NJP EXPR',12,'BBS','BHUBANESWAR','07:20:00','07:25:00',1222,'MAS','CHENNAI CENTRAL','NJP','NEW JALPAIGURI JN\r'),(22611,'MAS NJP EXPR',13,'HIJ','HIJLI','12:06:00','12:08:00',1539,'MAS','CHENNAI CENTRAL','NJP','NEW JALPAIGURI JN\r'),(22611,'MAS NJP EXPR',14,'BQA','BANKURA','14:06:00','14:08:00',1660,'MAS','CHENNAI CENTRAL','NJP','NEW JALPAIGURI JN\r'),(22611,'MAS NJP EXPR',15,'ADRA','ADRA','15:00:00','15:10:00',1713,'MAS','CHENNAI CENTRAL','NJP','NEW JALPAIGURI JN\r'),(22611,'MAS NJP EXPR',16,'ASN','ASANSOL MAIN','16:15:00','16:30:00',1755,'MAS','CHENNAI CENTRAL','NJP','NEW JALPAIGURI JN\r'),(22611,'MAS NJP EXPR',17,'DGR','DURGAPUR','17:25:00','17:45:00',1797,'MAS','CHENNAI CENTRAL','NJP','NEW JALPAIGURI JN\r'),(22611,'MAS NJP EXPR',18,'RPH','RAMPUR HAT','20:25:00','20:30:00',1914,'MAS','CHENNAI CENTRAL','NJP','NEW JALPAIGURI JN\r'),(22611,'MAS NJP EXPR',19,'MLDT','MALDA TOWN','23:20:00','23:35:00',2035,'MAS','CHENNAI CENTRAL','NJP','NEW JALPAIGURI JN\r'),(22611,'MAS NJP EXPR',20,'BOE','BARSOI JN.','01:00:00','01:02:00',2123,'MAS','CHENNAI CENTRAL','NJP','NEW JALPAIGURI JN\r'),(22611,'MAS NJP EXPR',21,'KNE','KISHANGANJ','01:51:00','01:53:00',2180,'MAS','CHENNAI CENTRAL','NJP','NEW JALPAIGURI JN\r'),(22611,'MAS NJP EXPR',22,'NJP','NEW JALPAIGU','04:30:00','04:30:00',2295,'MAS','CHENNAI CENTRAL','NJP','NEW JALPAIGURI JN\r'),(22613,'MAS-HLZ WEEK',1,'MAS','CHENNAI CENT','14:40:00','14:40:00',0,'MAS','CHENNAI CENTRAL','HLZ','HALDIA\r'),(22613,'MAS-HLZ WEEK',2,'OGL','ONGOLE','18:59:00','19:00:00',291,'MAS','CHENNAI CENTRAL','HLZ','HALDIA\r'),(22613,'MAS-HLZ WEEK',3,'BZA','VIJAYWADA JN','21:35:00','21:55:00',429,'MAS','CHENNAI CENTRAL','HLZ','HALDIA\r'),(22613,'MAS-HLZ WEEK',4,'RJY','RAJAHMUNDRY','00:11:00','00:13:00',579,'MAS','CHENNAI CENTRAL','HLZ','HALDIA\r'),(22613,'MAS-HLZ WEEK',5,'VSKP','VISAKHAPATNA','04:10:00','04:30:00',780,'MAS','CHENNAI CENTRAL','HLZ','HALDIA\r'),(22613,'MAS-HLZ WEEK',6,'VZM','VIZIANAGARAM','05:25:00','05:30:00',840,'MAS','CHENNAI CENTRAL','HLZ','HALDIA\r'),(22613,'MAS-HLZ WEEK',7,'BAM','BERHAMPUR','08:31:00','08:33:00',1057,'MAS','CHENNAI CENTRAL','HLZ','HALDIA\r'),(22613,'MAS-HLZ WEEK',8,'KUR','KHURDA ROAD','10:40:00','11:00:00',1203,'MAS','CHENNAI CENTRAL','HLZ','HALDIA\r'),(22613,'MAS-HLZ WEEK',9,'BBS','BHUBANESWAR','11:25:00','11:30:00',1222,'MAS','CHENNAI CENTRAL','HLZ','HALDIA\r'),(22613,'MAS-HLZ WEEK',10,'CTC','CUTTACK JN.','12:00:00','12:05:00',1249,'MAS','CHENNAI CENTRAL','HLZ','HALDIA\r'),(22613,'MAS-HLZ WEEK',11,'JJKR','JAJPUR KEONJ','13:00:00','13:02:00',1321,'MAS','CHENNAI CENTRAL','HLZ','HALDIA\r'),(22613,'MAS-HLZ WEEK',12,'KGP','KHARAGPUR','16:00:00','16:15:00',1548,'MAS','CHENNAI CENTRAL','HLZ','HALDIA\r'),(22613,'MAS-HLZ WEEK',13,'PKU','PANSKURA','16:54:00','16:55:00',1592,'MAS','CHENNAI CENTRAL','HLZ','HALDIA\r'),(22613,'MAS-HLZ WEEK',14,'TMZ','TAMLUK','17:21:00','17:23:00',1616,'MAS','CHENNAI CENTRAL','HLZ','HALDIA\r'),(22613,'MAS-HLZ WEEK',15,'HLZ','HALDIA','18:30:00','18:30:00',1661,'MAS','CHENNAI CENTRAL','HLZ','HALDIA\r'),(22625,'MAS-SBC AC D',1,'MAS','CHENNAI CENT','07:25:00','07:25:00',0,'MAS','CHENNAI CENTRAL','SBC','KRANTIVIRA SANGOLLI RAYANNA (BENGALURU STATION)\r'),(22625,'MAS-SBC AC D',2,'AJJ','ARAKKONAM JN','08:18:00','08:20:00',68,'MAS','CHENNAI CENTRAL','SBC','KRANTIVIRA SANGOLLI RAYANNA (BENGALURU STATION)\r'),(22625,'MAS-SBC AC D',3,'KPD','KATPADI JN','09:03:00','09:05:00',128,'MAS','CHENNAI CENTRAL','SBC','KRANTIVIRA SANGOLLI RAYANNA (BENGALURU STATION)\r'),(22625,'MAS-SBC AC D',4,'AB','AMBUR','09:49:00','09:50:00',181,'MAS','CHENNAI CENTRAL','SBC','KRANTIVIRA SANGOLLI RAYANNA (BENGALURU STATION)\r'),(22625,'MAS-SBC AC D',5,'VN','VANIYAMBADI','10:03:00','10:05:00',197,'MAS','CHENNAI CENTRAL','SBC','KRANTIVIRA SANGOLLI RAYANNA (BENGALURU STATION)\r'),(22625,'MAS-SBC AC D',6,'JTJ','JOLARPETTAI','10:33:00','10:35:00',212,'MAS','CHENNAI CENTRAL','SBC','KRANTIVIRA SANGOLLI RAYANNA (BENGALURU STATION)\r'),(22625,'MAS-SBC AC D',7,'KPN','KUPPAM','10:59:00','11:00:00',256,'MAS','CHENNAI CENTRAL','SBC','KRANTIVIRA SANGOLLI RAYANNA (BENGALURU STATION)\r'),(22625,'MAS-SBC AC D',8,'BWT','BANGARPET JN','11:33:00','11:35:00',290,'MAS','CHENNAI CENTRAL','SBC','KRANTIVIRA SANGOLLI RAYANNA (BENGALURU STATION)\r'),(22625,'MAS-SBC AC D',9,'KJM','KRISHNA RAJA','12:18:00','12:20:00',346,'MAS','CHENNAI CENTRAL','SBC','KRANTIVIRA SANGOLLI RAYANNA (BENGALURU STATION)\r'),(22625,'MAS-SBC AC D',10,'BNC','BANGALORE CA','12:33:00','12:35:00',356,'MAS','CHENNAI CENTRAL','SBC','KRANTIVIRA SANGOLLI RAYANNA (BENGALURU STATION)\r'),(22625,'MAS-SBC AC D',11,'SBC','KRANTIVIRA S','13:10:00','13:10:00',360,'MAS','CHENNAI CENTRAL','SBC','KRANTIVIRA SANGOLLI RAYANNA (BENGALURU STATION)\r'),(22631,'MAS-BKN ANUR',1,'MAS','CHENNAI CENT','21:10:00','21:10:00',0,'MAS','CHENNAI CENTRAL','BKN','BIKANER JN.\r'),(22631,'MAS-BKN ANUR',2,'SPE','SULLURUPETTA','22:18:00','22:20:00',82,'MAS','CHENNAI CENTRAL','BKN','BIKANER JN.\r'),(22631,'MAS-BKN ANUR',3,'GDR','GUDUR JN.','23:30:00','23:35:00',137,'MAS','CHENNAI CENTRAL','BKN','BIKANER JN.\r'),(22631,'MAS-BKN ANUR',4,'NLR','NELLORE','00:01:00','00:03:00',175,'MAS','CHENNAI CENTRAL','BKN','BIKANER JN.\r'),(22631,'MAS-BKN ANUR',5,'OGL','ONGOLE','01:26:00','01:28:00',291,'MAS','CHENNAI CENTRAL','BKN','BIKANER JN.\r'),(22631,'MAS-BKN ANUR',6,'BZA','VIJAYWADA JN','03:55:00','04:05:00',429,'MAS','CHENNAI CENTRAL','BKN','BIKANER JN.\r'),(22631,'MAS-BKN ANUR',7,'KMT','KHAMMAM','05:15:00','05:17:00',529,'MAS','CHENNAI CENTRAL','BKN','BIKANER JN.\r'),(22631,'MAS-BKN ANUR',8,'WL','WARANGAL','06:43:00','06:45:00',636,'MAS','CHENNAI CENTRAL','BKN','BIKANER JN.\r'),(22631,'MAS-BKN ANUR',9,'RDM','RAMGUNDAM','08:08:00','08:10:00',738,'MAS','CHENNAI CENTRAL','BKN','BIKANER JN.\r'),(22631,'MAS-BKN ANUR',10,'SKZR','SIRPURKAGHAZ','09:23:00','09:25:00',810,'MAS','CHENNAI CENTRAL','BKN','BIKANER JN.\r'),(22631,'MAS-BKN ANUR',11,'BPQ','BALHARSHAH','11:25:00','11:40:00',880,'MAS','CHENNAI CENTRAL','BKN','BIKANER JN.\r'),(22631,'MAS-BKN ANUR',12,'CD','CHANDRAPUR (','11:58:00','11:59:00',894,'MAS','CHENNAI CENTRAL','BKN','BIKANER JN.\r'),(22631,'MAS-BKN ANUR',13,'NGP','NAGPUR JN.(C','14:45:00','14:55:00',1092,'MAS','CHENNAI CENTRAL','BKN','BIKANER JN.\r'),(22631,'MAS-BKN ANUR',14,'ET','ITARSI','20:00:00','20:05:00',1389,'MAS','CHENNAI CENTRAL','BKN','BIKANER JN.\r'),(22631,'MAS-BKN ANUR',15,'BPL','BHOPAL','22:30:00','22:35:00',1481,'MAS','CHENNAI CENTRAL','BKN','BIKANER JN.\r'),(22631,'MAS-BKN ANUR',16,'BIH','BAIRAGARH','22:59:00','23:01:00',1491,'MAS','CHENNAI CENTRAL','BKN','BIKANER JN.\r'),(22631,'MAS-BKN ANUR',17,'SEH','SEHORE','23:22:00','23:24:00',1520,'MAS','CHENNAI CENTRAL','BKN','BIKANER JN.\r'),(22631,'MAS-BKN ANUR',18,'SJP','SHUJALPUR','00:04:00','00:06:00',1561,'MAS','CHENNAI CENTRAL','BKN','BIKANER JN.\r'),(22631,'MAS-BKN ANUR',19,'UJN','UJJAIN JN','02:00:00','02:10:00',1664,'MAS','CHENNAI CENTRAL','BKN','BIKANER JN.\r'),(22631,'MAS-BKN ANUR',20,'NAD','NAGDA JN','03:20:00','03:50:00',1719,'MAS','CHENNAI CENTRAL','BKN','BIKANER JN.\r'),(22631,'MAS-BKN ANUR',21,'SGZ','SHAMGARH','04:43:00','04:45:00',1811,'MAS','CHENNAI CENTRAL','BKN','BIKANER JN.\r'),(22631,'MAS-BKN ANUR',22,'KOTA','KOTA','06:15:00','06:20:00',1940,'MAS','CHENNAI CENTRAL','BKN','BIKANER JN.\r'),(22631,'MAS-BKN ANUR',23,'SWM','SAWAI MADHOP','08:00:00','08:10:00',2048,'MAS','CHENNAI CENTRAL','BKN','BIKANER JN.\r'),(22631,'MAS-BKN ANUR',24,'BNLW','BANASTHALI N','09:26:00','09:28:00',2113,'MAS','CHENNAI CENTRAL','BKN','BIKANER JN.\r'),(22631,'MAS-BKN ANUR',25,'DPA','DURGAPURA','10:15:00','10:18:00',2172,'MAS','CHENNAI CENTRAL','BKN','BIKANER JN.\r'),(22631,'MAS-BKN ANUR',26,'JP','JAIPUR JN.','10:45:00','10:55:00',2179,'MAS','CHENNAI CENTRAL','BKN','BIKANER JN.\r'),(22631,'MAS-BKN ANUR',27,'FL','PHULERA JN.','11:48:00','11:50:00',2234,'MAS','CHENNAI CENTRAL','BKN','BIKANER JN.\r'),(22631,'MAS-BKN ANUR',28,'MKN','MAKRANA JN.','12:49:00','12:52:00',2299,'MAS','CHENNAI CENTRAL','BKN','BIKANER JN.\r'),(22631,'MAS-BKN ANUR',29,'DNA','DEGANA JN.','13:28:00','13:31:00',2343,'MAS','CHENNAI CENTRAL','BKN','BIKANER JN.\r'),(22631,'MAS-BKN ANUR',30,'NGO','NAGAUR','15:10:00','15:15:00',2445,'MAS','CHENNAI CENTRAL','BKN','BIKANER JN.\r'),(22631,'MAS-BKN ANUR',31,'NOK','NOKHA','15:54:00','15:56:00',2496,'MAS','CHENNAI CENTRAL','BKN','BIKANER JN.\r'),(22631,'MAS-BKN ANUR',32,'BKN','BIKANER JN.','17:45:00','17:45:00',2560,'MAS','CHENNAI CENTRAL','BKN','BIKANER JN.\r'),(22637,'WEST COAST E',1,'MAS','CHENNAI CENT','12:05:00','12:05:00',0,'MAS','CHENNAI CENTRAL','MAQ','MANGALORE CENTRAL\r'),(22637,'WEST COAST E',2,'AJJ','ARAKKONAM JN','12:58:00','13:00:00',68,'MAS','CHENNAI CENTRAL','MAQ','MANGALORE CENTRAL\r'),(22637,'WEST COAST E',3,'WJR','WALAJAH ROAD','13:29:00','13:30:00',104,'MAS','CHENNAI CENTRAL','MAQ','MANGALORE CENTRAL\r'),(22637,'WEST COAST E',4,'KPD','KATPADI JN','13:53:00','13:55:00',128,'MAS','CHENNAI CENTRAL','MAQ','MANGALORE CENTRAL\r'),(22637,'WEST COAST E',5,'JTJ','JOLARPETTAI','15:14:00','15:15:00',212,'MAS','CHENNAI CENTRAL','MAQ','MANGALORE CENTRAL\r'),(22637,'WEST COAST E',6,'TPT','TIRUPATTUR','15:27:00','15:28:00',220,'MAS','CHENNAI CENTRAL','MAQ','MANGALORE CENTRAL\r'),(22637,'WEST COAST E',7,'MAP','MORAPPUR','16:04:00','16:05:00',266,'MAS','CHENNAI CENTRAL','MAQ','MANGALORE CENTRAL\r'),(22637,'WEST COAST E',8,'BQI','BOMMIDI','16:23:00','16:25:00',289,'MAS','CHENNAI CENTRAL','MAQ','MANGALORE CENTRAL\r'),(22637,'WEST COAST E',9,'SA','SALEM JN.','17:07:00','17:10:00',331,'MAS','CHENNAI CENTRAL','MAQ','MANGALORE CENTRAL\r'),(22637,'WEST COAST E',10,'SGE','SANKARIDRUG','17:43:00','17:45:00',369,'MAS','CHENNAI CENTRAL','MAQ','MANGALORE CENTRAL\r'),(22637,'WEST COAST E',11,'ED','ERODE JN.','18:10:00','18:15:00',390,'MAS','CHENNAI CENTRAL','MAQ','MANGALORE CENTRAL\r'),(22637,'WEST COAST E',12,'TUP','TIRUPPUR','18:58:00','19:00:00',441,'MAS','CHENNAI CENTRAL','MAQ','MANGALORE CENTRAL\r'),(22637,'WEST COAST E',13,'CBE','COIMBATORE','19:47:00','19:50:00',491,'MAS','CHENNAI CENTRAL','MAQ','MANGALORE CENTRAL\r'),(22637,'WEST COAST E',14,'PTJ','PODANUR JN.','20:13:00','20:15:00',497,'MAS','CHENNAI CENTRAL','MAQ','MANGALORE CENTRAL\r'),(22637,'WEST COAST E',15,'PGT','PALAKKAD JN','21:20:00','21:25:00',545,'MAS','CHENNAI CENTRAL','MAQ','MANGALORE CENTRAL\r'),(22637,'WEST COAST E',16,'OTP','OTTAPPALAM','21:48:00','21:50:00',577,'MAS','CHENNAI CENTRAL','MAQ','MANGALORE CENTRAL\r'),(22637,'WEST COAST E',17,'SRR','SHORANUR JN.','22:10:00','22:20:00',589,'MAS','CHENNAI CENTRAL','MAQ','MANGALORE CENTRAL\r'),(22637,'WEST COAST E',18,'KTU','KUTTIPPURAM','22:48:00','22:50:00',619,'MAS','CHENNAI CENTRAL','MAQ','MANGALORE CENTRAL\r'),(22637,'WEST COAST E',19,'TIR','TIRUR','23:03:00','23:05:00',634,'MAS','CHENNAI CENTRAL','MAQ','MANGALORE CENTRAL\r'),(22637,'WEST COAST E',20,'PGI','PARPANANGADI','23:18:00','23:20:00',650,'MAS','CHENNAI CENTRAL','MAQ','MANGALORE CENTRAL\r'),(22637,'WEST COAST E',21,'CLT','CALICUT','23:50:00','23:55:00',675,'MAS','CHENNAI CENTRAL','MAQ','MANGALORE CENTRAL\r'),(22637,'WEST COAST E',22,'BDJ','VADAKARA','00:28:00','00:30:00',722,'MAS','CHENNAI CENTRAL','MAQ','MANGALORE CENTRAL\r'),(22637,'WEST COAST E',23,'TLY','THALASSERY','00:48:00','00:50:00',744,'MAS','CHENNAI CENTRAL','MAQ','MANGALORE CENTRAL\r'),(22637,'WEST COAST E',24,'CAN','KANNUR','01:25:00','01:30:00',765,'MAS','CHENNAI CENTRAL','MAQ','MANGALORE CENTRAL\r'),(22637,'WEST COAST E',25,'KPQ','KANNAPURAM','01:44:00','01:45:00',779,'MAS','CHENNAI CENTRAL','MAQ','MANGALORE CENTRAL\r'),(22637,'WEST COAST E',26,'PAY','PAYYANUR','01:58:00','02:00:00',798,'MAS','CHENNAI CENTRAL','MAQ','MANGALORE CENTRAL\r'),(22637,'WEST COAST E',27,'CHV','CHERVATTUR','02:13:00','02:15:00',813,'MAS','CHENNAI CENTRAL','MAQ','MANGALORE CENTRAL\r'),(22637,'WEST COAST E',28,'NLE','NILESHWAR','02:23:00','02:25:00',818,'MAS','CHENNAI CENTRAL','MAQ','MANGALORE CENTRAL\r'),(22637,'WEST COAST E',29,'KZE','KANHANGAD','02:38:00','02:40:00',827,'MAS','CHENNAI CENTRAL','MAQ','MANGALORE CENTRAL\r'),(22637,'WEST COAST E',30,'KGQ','KASARAGOD','02:58:00','03:00:00',850,'MAS','CHENNAI CENTRAL','MAQ','MANGALORE CENTRAL\r'),(22637,'WEST COAST E',31,'MAQ','MANGALORE CE','04:30:00','04:30:00',896,'MAS','CHENNAI CENTRAL','MAQ','MANGALORE CENTRAL\r'),(22639,'ALLEPPEY EXP',1,'MAS','CHENNAI CENT','20:55:00','20:55:00',0,'MAS','CHENNAI CENTRAL','ALLP','ALLEPPEY\r'),(22639,'ALLEPPEY EXP',2,'AJJ','ARAKKONAM JN','21:48:00','21:50:00',68,'MAS','CHENNAI CENTRAL','ALLP','ALLEPPEY\r'),(22639,'ALLEPPEY EXP',3,'KPD','KATPADI JN','22:38:00','22:40:00',128,'MAS','CHENNAI CENTRAL','ALLP','ALLEPPEY\r'),(22639,'ALLEPPEY EXP',4,'JTJ','JOLARPETTAI','23:54:00','23:55:00',212,'MAS','CHENNAI CENTRAL','ALLP','ALLEPPEY\r'),(22639,'ALLEPPEY EXP',5,'SA','SALEM JN.','01:27:00','01:30:00',331,'MAS','CHENNAI CENTRAL','ALLP','ALLEPPEY\r'),(22639,'ALLEPPEY EXP',6,'ED','ERODE JN.','02:32:00','02:35:00',390,'MAS','CHENNAI CENTRAL','ALLP','ALLEPPEY\r'),(22639,'ALLEPPEY EXP',7,'TUP','TIRUPPUR','03:13:00','03:15:00',441,'MAS','CHENNAI CENTRAL','ALLP','ALLEPPEY\r'),(22639,'ALLEPPEY EXP',8,'CBE','COIMBATORE','04:12:00','04:15:00',491,'MAS','CHENNAI CENTRAL','ALLP','ALLEPPEY\r'),(22639,'ALLEPPEY EXP',9,'PTJ','PODANUR JN.','04:29:00','04:30:00',497,'MAS','CHENNAI CENTRAL','ALLP','ALLEPPEY\r'),(22639,'ALLEPPEY EXP',10,'PGT','PALAKKAD JN','05:30:00','05:35:00',545,'MAS','CHENNAI CENTRAL','ALLP','ALLEPPEY\r'),(22639,'ALLEPPEY EXP',11,'OTP','OTTAPPALAM','05:58:00','06:00:00',577,'MAS','CHENNAI CENTRAL','ALLP','ALLEPPEY\r'),(22639,'ALLEPPEY EXP',12,'WKI','WADAKANCHERI','06:37:00','06:38:00',606,'MAS','CHENNAI CENTRAL','ALLP','ALLEPPEY\r'),(22639,'ALLEPPEY EXP',13,'PNQ','PUNKUNNAM','06:50:00','06:51:00',620,'MAS','CHENNAI CENTRAL','ALLP','ALLEPPEY\r'),(22639,'ALLEPPEY EXP',14,'TCR','TRICHUR','06:57:00','07:00:00',622,'MAS','CHENNAI CENTRAL','ALLP','ALLEPPEY\r'),(22639,'ALLEPPEY EXP',15,'IJK','IRINJALAKUDA','07:20:00','07:21:00',646,'MAS','CHENNAI CENTRAL','ALLP','ALLEPPEY\r'),(22639,'ALLEPPEY EXP',16,'CKI','CHALAKUDI','07:29:00','07:30:00',652,'MAS','CHENNAI CENTRAL','ALLP','ALLEPPEY\r'),(22639,'ALLEPPEY EXP',17,'DINR','DIVINE NAGAR','07:36:00','07:37:00',655,'MAS','CHENNAI CENTRAL','ALLP','ALLEPPEY\r'),(22639,'ALLEPPEY EXP',18,'AFK','ANGAMALI (FO','07:50:00','07:51:00',668,'MAS','CHENNAI CENTRAL','ALLP','ALLEPPEY\r'),(22639,'ALLEPPEY EXP',19,'AWY','ALWAYE','08:00:00','08:02:00',677,'MAS','CHENNAI CENTRAL','ALLP','ALLEPPEY\r'),(22639,'ALLEPPEY EXP',20,'IPL','IDAPPALLI','08:16:00','08:17:00',688,'MAS','CHENNAI CENTRAL','ALLP','ALLEPPEY\r'),(22639,'ALLEPPEY EXP',21,'ERN','ERNAKULAM TO','08:38:00','08:40:00',694,'MAS','CHENNAI CENTRAL','ALLP','ALLEPPEY\r'),(22639,'ALLEPPEY EXP',22,'ERS','ERNAKULAM. J','08:50:00','08:55:00',696,'MAS','CHENNAI CENTRAL','ALLP','ALLEPPEY\r'),(22639,'ALLEPPEY EXP',23,'TUVR','THURAVUR','09:29:00','09:30:00',719,'MAS','CHENNAI CENTRAL','ALLP','ALLEPPEY\r'),(22639,'ALLEPPEY EXP',24,'SRTL','SHERTALAI','09:41:00','09:42:00',729,'MAS','CHENNAI CENTRAL','ALLP','ALLEPPEY\r'),(22639,'ALLEPPEY EXP',25,'ALLP','ALLEPPEY','10:40:00','10:40:00',753,'MAS','CHENNAI CENTRAL','ALLP','ALLEPPEY\r'),(22649,'YERCAUD EXPR',1,'MAS','CHENNAI CENT','22:40:00','22:40:00',0,'MAS','CHENNAI CENTRAL','ED','ERODE JN.\r'),(22649,'YERCAUD EXPR',2,'PER','PERAMBUR','22:50:00','22:52:00',5,'MAS','CHENNAI CENTRAL','ED','ERODE JN.\r'),(22649,'YERCAUD EXPR',3,'TRL','TIRUVALLUR','23:24:00','23:25:00',41,'MAS','CHENNAI CENTRAL','ED','ERODE JN.\r'),(22649,'YERCAUD EXPR',4,'AJJ','ARAKKONAM JN','23:38:00','23:40:00',68,'MAS','CHENNAI CENTRAL','ED','ERODE JN.\r'),(22649,'YERCAUD EXPR',5,'SHU','SHOLINGUR','00:04:00','00:05:00',89,'MAS','CHENNAI CENTRAL','ED','ERODE JN.\r'),(22649,'YERCAUD EXPR',6,'WJR','WALAJAH ROAD','00:19:00','00:20:00',104,'MAS','CHENNAI CENTRAL','ED','ERODE JN.\r'),(22649,'YERCAUD EXPR',7,'KPD','KATPADI JN','00:43:00','00:45:00',128,'MAS','CHENNAI CENTRAL','ED','ERODE JN.\r'),(22649,'YERCAUD EXPR',8,'GYM','GUDIATTAM','01:04:00','01:05:00',153,'MAS','CHENNAI CENTRAL','ED','ERODE JN.\r'),(22649,'YERCAUD EXPR',9,'AB','AMBUR','01:23:00','01:25:00',181,'MAS','CHENNAI CENTRAL','ED','ERODE JN.\r'),(22649,'YERCAUD EXPR',10,'VN','VANIYAMBADI','01:39:00','01:40:00',197,'MAS','CHENNAI CENTRAL','ED','ERODE JN.\r'),(22649,'YERCAUD EXPR',11,'JTJ','JOLARPETTAI','02:33:00','02:35:00',212,'MAS','CHENNAI CENTRAL','ED','ERODE JN.\r'),(22649,'YERCAUD EXPR',12,'TPT','TIRUPATTUR','02:44:00','02:45:00',220,'MAS','CHENNAI CENTRAL','ED','ERODE JN.\r'),(22649,'YERCAUD EXPR',13,'MAP','MORAPPUR','03:19:00','03:20:00',266,'MAS','CHENNAI CENTRAL','ED','ERODE JN.\r'),(22649,'YERCAUD EXPR',14,'BDY','BUDDIREDDIPP','03:34:00','03:35:00',279,'MAS','CHENNAI CENTRAL','ED','ERODE JN.\r'),(22649,'YERCAUD EXPR',15,'BQI','BOMMIDI','03:49:00','03:50:00',289,'MAS','CHENNAI CENTRAL','ED','ERODE JN.\r'),(22649,'YERCAUD EXPR',16,'SA','SALEM JN.','04:25:00','04:30:00',331,'MAS','CHENNAI CENTRAL','ED','ERODE JN.\r'),(22649,'YERCAUD EXPR',17,'SGE','SANKARIDRUG','05:09:00','05:10:00',369,'MAS','CHENNAI CENTRAL','ED','ERODE JN.\r'),(22649,'YERCAUD EXPR',18,'ED','ERODE JN.','05:50:00','05:50:00',390,'MAS','CHENNAI CENTRAL','ED','ERODE JN.\r'),(22651,'MAS-PGT  EXP',1,'MAS','CHENNAI CENT','21:40:00','21:40:00',0,'MAS','CHENNAI CENTRAL','PGT','PALAKKAD JN\r'),(22651,'MAS-PGT  EXP',2,'AJJ','ARAKKONAM JN','22:38:00','22:40:00',68,'MAS','CHENNAI CENTRAL','PGT','PALAKKAD JN\r'),(22651,'MAS-PGT  EXP',3,'KPD','KATPADI JN','23:33:00','23:35:00',128,'MAS','CHENNAI CENTRAL','PGT','PALAKKAD JN\r'),(22651,'MAS-PGT  EXP',4,'GYM','GUDIATTAM','23:54:00','23:55:00',153,'MAS','CHENNAI CENTRAL','PGT','PALAKKAD JN\r'),(22651,'MAS-PGT  EXP',5,'JTJ','JOLARPETTAI','00:54:00','00:55:00',212,'MAS','CHENNAI CENTRAL','PGT','PALAKKAD JN\r'),(22651,'MAS-PGT  EXP',6,'SA','SALEM JN.','02:40:00','02:50:00',331,'MAS','CHENNAI CENTRAL','PGT','PALAKKAD JN\r'),(22651,'MAS-PGT  EXP',7,'RASP','RASIPURAM','03:14:00','03:15:00',357,'MAS','CHENNAI CENTRAL','PGT','PALAKKAD JN\r'),(22651,'MAS-PGT  EXP',8,'NMKL','NAMAKKAL','03:44:00','03:45:00',383,'MAS','CHENNAI CENTRAL','PGT','PALAKKAD JN\r'),(22651,'MAS-PGT  EXP',9,'MONR','MOHANUR','03:59:00','04:00:00',401,'MAS','CHENNAI CENTRAL','PGT','PALAKKAD JN\r'),(22651,'MAS-PGT  EXP',10,'KRR','KARUR JN.','04:23:00','04:25:00',416,'MAS','CHENNAI CENTRAL','PGT','PALAKKAD JN\r'),(22651,'MAS-PGT  EXP',11,'DG','DINDIGUL JN','05:40:00','06:10:00',490,'MAS','CHENNAI CENTRAL','PGT','PALAKKAD JN\r'),(22651,'MAS-PGT  EXP',12,'API','AKKARAIPPATT','06:25:00','06:26:00',501,'MAS','CHENNAI CENTRAL','PGT','PALAKKAD JN\r'),(22651,'MAS-PGT  EXP',13,'ODC','ODDANCHATRAM','06:48:00','06:49:00',523,'MAS','CHENNAI CENTRAL','PGT','PALAKKAD JN\r'),(22651,'MAS-PGT  EXP',14,'CHPT','CHATRAPPATTI','06:59:00','07:00:00',533,'MAS','CHENNAI CENTRAL','PGT','PALAKKAD JN\r'),(22651,'MAS-PGT  EXP',15,'PLNI','PALANI','07:15:00','07:20:00',549,'MAS','CHENNAI CENTRAL','PGT','PALAKKAD JN\r'),(22651,'MAS-PGT  EXP',16,'UDT','UDUMALAIPPET','08:04:00','08:05:00',582,'MAS','CHENNAI CENTRAL','PGT','PALAKKAD JN\r'),(22651,'MAS-PGT  EXP',17,'POY','POLLACHI','09:00:00','09:05:00',611,'MAS','CHENNAI CENTRAL','PGT','PALAKKAD JN\r'),(22651,'MAS-PGT  EXP',18,'PGTN','PALGHAT TOWN','10:05:00','10:10:00',665,'MAS','CHENNAI CENTRAL','PGT','PALAKKAD JN\r'),(22651,'MAS-PGT  EXP',19,'PGT','PALAKKAD JN','11:00:00','11:00:00',669,'MAS','CHENNAI CENTRAL','PGT','PALAKKAD JN\r'),(22682,'MAS-MYS EXPR',1,'MAS','CHENNAI CENT','23:30:00','23:30:00',0,'MAS','CHENNAI CENTRAL','MYS','MYSORE JN.\r'),(22682,'MAS-MYS EXPR',2,'AJJ','ARAKKONAM JN','00:18:00','00:20:00',68,'MAS','CHENNAI CENTRAL','MYS','MYSORE JN.\r'),(22682,'MAS-MYS EXPR',3,'KPD','KATPADI JN','01:08:00','01:10:00',128,'MAS','CHENNAI CENTRAL','MYS','MYSORE JN.\r'),(22682,'MAS-MYS EXPR',4,'JTJ','JOLARPETTAI','02:43:00','02:45:00',212,'MAS','CHENNAI CENTRAL','MYS','MYSORE JN.\r'),(22682,'MAS-MYS EXPR',5,'BWT','BANGARPET JN','03:48:00','03:50:00',290,'MAS','CHENNAI CENTRAL','MYS','MYSORE JN.\r'),(22682,'MAS-MYS EXPR',6,'KJM','KRISHNA RAJA','04:43:00','04:45:00',346,'MAS','CHENNAI CENTRAL','MYS','MYSORE JN.\r'),(22682,'MAS-MYS EXPR',7,'BNC','BANGALORE CA','04:48:00','05:00:00',356,'MAS','CHENNAI CENTRAL','MYS','MYSORE JN.\r'),(22682,'MAS-MYS EXPR',8,'SBC','KRANTIVIRA S','05:30:00','05:40:00',360,'MAS','CHENNAI CENTRAL','MYS','MYSORE JN.\r'),(22682,'MAS-MYS EXPR',9,'KGI','KENGERI','05:57:00','05:58:00',372,'MAS','CHENNAI CENTRAL','MYS','MYSORE JN.\r'),(22682,'MAS-MYS EXPR',10,'MYA','MANDYA','06:58:00','07:00:00',453,'MAS','CHENNAI CENTRAL','MYS','MYSORE JN.\r'),(22682,'MAS-MYS EXPR',11,'MYS','MYSORE JN.','08:20:00','08:20:00',498,'MAS','CHENNAI CENTRAL','MYS','MYSORE JN.\r'),(22698,'MAS- HUBLI E',1,'MAS','CHENNAI CENT','15:00:00','15:00:00',0,'MAS','CHENNAI CENTRAL','UBL','HUBLI JN.\r'),(22698,'MAS- HUBLI E',2,'AJJ','ARAKKONAM JN','15:53:00','15:55:00',68,'MAS','CHENNAI CENTRAL','UBL','HUBLI JN.\r'),(22698,'MAS- HUBLI E',3,'KPD','KATPADI JN','16:43:00','16:45:00',128,'MAS','CHENNAI CENTRAL','UBL','HUBLI JN.\r'),(22698,'MAS- HUBLI E',4,'JTJ','JOLARPETTAI','18:10:00','18:12:00',212,'MAS','CHENNAI CENTRAL','UBL','HUBLI JN.\r'),(22698,'MAS- HUBLI E',5,'BWT','BANGARPET JN','19:18:00','19:20:00',290,'MAS','CHENNAI CENTRAL','UBL','HUBLI JN.\r'),(22698,'MAS- HUBLI E',6,'KJM','KRISHNA RAJA','20:08:00','20:10:00',346,'MAS','CHENNAI CENTRAL','UBL','HUBLI JN.\r'),(22698,'MAS- HUBLI E',7,'BAND','BANASWADI','20:20:00','20:22:00',351,'MAS','CHENNAI CENTRAL','UBL','HUBLI JN.\r'),(22698,'MAS- HUBLI E',8,'YPR','YESVANTPUR J','21:35:00','21:55:00',363,'MAS','CHENNAI CENTRAL','UBL','HUBLI JN.\r'),(22698,'MAS- HUBLI E',9,'TK','TUMKUR','23:03:00','23:05:00',427,'MAS','CHENNAI CENTRAL','UBL','HUBLI JN.\r'),(22698,'MAS- HUBLI E',10,'TTR','TIPTUR','00:05:00','00:06:00',498,'MAS','CHENNAI CENTRAL','UBL','HUBLI JN.\r'),(22698,'MAS- HUBLI E',11,'ASK','ARSIKERE JN.','00:40:00','00:45:00',523,'MAS','CHENNAI CENTRAL','UBL','HUBLI JN.\r'),(22698,'MAS- HUBLI E',12,'RRB','BIRUR JN.','01:28:00','01:30:00',569,'MAS','CHENNAI CENTRAL','UBL','HUBLI JN.\r'),(22698,'MAS- HUBLI E',13,'DVG','DAVANGERE','03:08:00','03:10:00',683,'MAS','CHENNAI CENTRAL','UBL','HUBLI JN.\r'),(22698,'MAS- HUBLI E',14,'HRR','HARIHAR JN.','03:28:00','03:30:00',697,'MAS','CHENNAI CENTRAL','UBL','HUBLI JN.\r'),(22698,'MAS- HUBLI E',15,'RNR','RANIBENNUR','03:53:00','03:55:00',721,'MAS','CHENNAI CENTRAL','UBL','HUBLI JN.\r'),(22698,'MAS- HUBLI E',16,'HVR','HAVERI','04:23:00','04:25:00',754,'MAS','CHENNAI CENTRAL','UBL','HUBLI JN.\r'),(22698,'MAS- HUBLI E',17,'UBL','HUBLI JN.','06:20:00','06:20:00',829,'MAS','CHENNAI CENTRAL','UBL','HUBLI JN.\r'),(22808,'MAS - SRC AC',1,'MAS','CHENNAI CENT','08:10:00','08:10:00',0,'MAS','CHENNAI CENTRAL','SRC','SANTRAGACHI JN.\r'),(22808,'MAS - SRC AC',2,'SPE','SULLURUPETTA','09:18:00','09:20:00',82,'MAS','CHENNAI CENTRAL','SRC','SANTRAGACHI JN.\r'),(22808,'MAS - SRC AC',3,'GDR','GUDUR JN.','10:18:00','10:20:00',137,'MAS','CHENNAI CENTRAL','SRC','SANTRAGACHI JN.\r'),(22808,'MAS - SRC AC',4,'NLR','NELLORE','10:44:00','10:45:00',175,'MAS','CHENNAI CENTRAL','SRC','SANTRAGACHI JN.\r'),(22808,'MAS - SRC AC',5,'OGL','ONGOLE','12:00:00','12:01:00',291,'MAS','CHENNAI CENTRAL','SRC','SANTRAGACHI JN.\r'),(22808,'MAS - SRC AC',6,'BZA','VIJAYWADA JN','14:15:00','14:35:00',429,'MAS','CHENNAI CENTRAL','SRC','SANTRAGACHI JN.\r'),(22808,'MAS - SRC AC',7,'TDD','TADEPALLI GU','15:49:00','15:50:00',537,'MAS','CHENNAI CENTRAL','SRC','SANTRAGACHI JN.\r'),(22808,'MAS - SRC AC',8,'RJY','RAJAHMUNDRY','16:40:00','16:42:00',579,'MAS','CHENNAI CENTRAL','SRC','SANTRAGACHI JN.\r'),(22808,'MAS - SRC AC',9,'SLO','SAMALKOT JN.','17:19:00','17:20:00',629,'MAS','CHENNAI CENTRAL','SRC','SANTRAGACHI JN.\r'),(22808,'MAS - SRC AC',10,'VSKP','VISAKHAPATNA','20:35:00','20:55:00',780,'MAS','CHENNAI CENTRAL','SRC','SANTRAGACHI JN.\r'),(22808,'MAS - SRC AC',11,'VZM','VIZIANAGARAM','21:50:00','21:55:00',840,'MAS','CHENNAI CENTRAL','SRC','SANTRAGACHI JN.\r'),(22808,'MAS - SRC AC',12,'KUR','KHURDA ROAD','03:00:00','03:15:00',1203,'MAS','CHENNAI CENTRAL','SRC','SANTRAGACHI JN.\r'),(22808,'MAS - SRC AC',13,'BBS','BHUBANESWAR','03:40:00','03:45:00',1222,'MAS','CHENNAI CENTRAL','SRC','SANTRAGACHI JN.\r'),(22808,'MAS - SRC AC',14,'CTC','CUTTACK JN.','04:15:00','04:20:00',1249,'MAS','CHENNAI CENTRAL','SRC','SANTRAGACHI JN.\r'),(22808,'MAS - SRC AC',15,'BHC','BHADRAKH','06:08:00','06:10:00',1365,'MAS','CHENNAI CENTRAL','SRC','SANTRAGACHI JN.\r'),(22808,'MAS - SRC AC',16,'BLS','BALASORE','06:53:00','06:55:00',1427,'MAS','CHENNAI CENTRAL','SRC','SANTRAGACHI JN.\r'),(22808,'MAS - SRC AC',17,'KGP','KHARAGPUR','08:32:00','08:37:00',1548,'MAS','CHENNAI CENTRAL','SRC','SANTRAGACHI JN.\r'),(22808,'MAS - SRC AC',18,'SRC','SANTRAGACHI','10:25:00','10:25:00',1656,'MAS','CHENNAI CENTRAL','SRC','SANTRAGACHI JN.\r'),(22826,'MAS - SHM EX',1,'MAS','CHENNAI CENT','16:25:00','16:25:00',0,'MAS','CHENNAI CENTRAL','SHM','SHALIMAR\r'),(22826,'MAS - SHM EX',2,'SPE','SULLURUPETTA','17:38:00','17:40:00',82,'MAS','CHENNAI CENTRAL','SHM','SHALIMAR\r'),(22826,'MAS - SHM EX',3,'NYP','NAYUDUPETA','18:00:00','18:05:00',109,'MAS','CHENNAI CENTRAL','SHM','SHALIMAR\r'),(22826,'MAS - SHM EX',4,'GDR','GUDUR JN.','19:06:00','19:08:00',137,'MAS','CHENNAI CENTRAL','SHM','SHALIMAR\r'),(22826,'MAS - SHM EX',5,'NLR','NELLORE','19:33:00','19:34:00',175,'MAS','CHENNAI CENTRAL','SHM','SHALIMAR\r'),(22826,'MAS - SHM EX',6,'OGL','ONGOLE','20:59:00','21:00:00',291,'MAS','CHENNAI CENTRAL','SHM','SHALIMAR\r'),(22826,'MAS - SHM EX',7,'BZA','VIJAYWADA JN','23:35:00','23:45:00',429,'MAS','CHENNAI CENTRAL','SHM','SHALIMAR\r'),(22826,'MAS - SHM EX',8,'EE','ELURU','00:36:00','00:37:00',489,'MAS','CHENNAI CENTRAL','SHM','SHALIMAR\r'),(22826,'MAS - SHM EX',9,'RJY','RAJAHMUNDRY','02:01:00','02:03:00',579,'MAS','CHENNAI CENTRAL','SHM','SHALIMAR\r'),(22826,'MAS - SHM EX',10,'SLO','SAMALKOT JN.','02:41:00','02:42:00',629,'MAS','CHENNAI CENTRAL','SHM','SHALIMAR\r'),(22826,'MAS - SHM EX',11,'VSKP','VISAKHAPATNA','06:15:00','06:35:00',780,'MAS','CHENNAI CENTRAL','SHM','SHALIMAR\r'),(22826,'MAS - SHM EX',12,'VZM','VIZIANAGARAM','07:35:00','07:40:00',840,'MAS','CHENNAI CENTRAL','SHM','SHALIMAR\r'),(22826,'MAS - SHM EX',13,'PSA','PALASA','09:48:00','09:50:00',983,'MAS','CHENNAI CENTRAL','SHM','SHALIMAR\r'),(22826,'MAS - SHM EX',14,'BAM','BERHAMPUR','10:50:00','10:55:00',1057,'MAS','CHENNAI CENTRAL','SHM','SHALIMAR\r'),(22826,'MAS - SHM EX',15,'KUR','KHURDA ROAD','13:10:00','13:30:00',1203,'MAS','CHENNAI CENTRAL','SHM','SHALIMAR\r'),(22826,'MAS - SHM EX',16,'BBS','BHUBANESWAR','13:55:00','14:00:00',1222,'MAS','CHENNAI CENTRAL','SHM','SHALIMAR\r'),(22826,'MAS - SHM EX',17,'CTC','CUTTACK JN.','14:30:00','14:35:00',1249,'MAS','CHENNAI CENTRAL','SHM','SHALIMAR\r'),(22826,'MAS - SHM EX',18,'JJKR','JAJPUR KEONJ','15:28:00','15:30:00',1321,'MAS','CHENNAI CENTRAL','SHM','SHALIMAR\r'),(22826,'MAS - SHM EX',19,'BHC','BHADRAKH','16:38:00','16:40:00',1365,'MAS','CHENNAI CENTRAL','SHM','SHALIMAR\r'),(22826,'MAS - SHM EX',20,'BLS','BALASORE','17:25:00','17:27:00',1427,'MAS','CHENNAI CENTRAL','SHM','SHALIMAR\r'),(22826,'MAS - SHM EX',21,'JER','JALESWAR','18:03:00','18:05:00',1474,'MAS','CHENNAI CENTRAL','SHM','SHALIMAR\r'),(22826,'MAS - SHM EX',22,'KGP','KHARAGPUR','19:20:00','19:25:00',1548,'MAS','CHENNAI CENTRAL','SHM','SHALIMAR\r'),(22826,'MAS - SHM EX',23,'SRC','SANTRAGACHI','21:04:00','21:06:00',1656,'MAS','CHENNAI CENTRAL','SHM','SHALIMAR\r'),(22826,'MAS - SHM EX',24,'SHM','SHALIMAR','21:30:00','21:30:00',1661,'MAS','CHENNAI CENTRAL','SHM','SHALIMAR\r'),(22860,'MAS-PURI S/F',1,'MAS','CHENNAI CENT','16:25:00','16:25:00',0,'MAS','CHENNAI CENTRAL','PURI','PURI\r'),(22860,'MAS-PURI S/F',2,'SPE','SULLURUPETTA','17:38:00','17:40:00',82,'MAS','CHENNAI CENTRAL','PURI','PURI\r'),(22860,'MAS-PURI S/F',3,'NYP','NAYUDUPETA','18:00:00','18:05:00',109,'MAS','CHENNAI CENTRAL','PURI','PURI\r'),(22860,'MAS-PURI S/F',4,'GDR','GUDUR JN.','19:06:00','19:08:00',137,'MAS','CHENNAI CENTRAL','PURI','PURI\r'),(22860,'MAS-PURI S/F',5,'NLR','NELLORE','19:33:00','19:34:00',175,'MAS','CHENNAI CENTRAL','PURI','PURI\r'),(22860,'MAS-PURI S/F',6,'OGL','ONGOLE','20:59:00','21:00:00',291,'MAS','CHENNAI CENTRAL','PURI','PURI\r'),(22860,'MAS-PURI S/F',7,'TEL','TENALI JN.','22:27:00','22:28:00',398,'MAS','CHENNAI CENTRAL','PURI','PURI\r'),(22860,'MAS-PURI S/F',8,'BZA','VIJAYWADA JN','23:35:00','23:45:00',429,'MAS','CHENNAI CENTRAL','PURI','PURI\r'),(22860,'MAS-PURI S/F',9,'EE','ELURU','00:36:00','00:37:00',489,'MAS','CHENNAI CENTRAL','PURI','PURI\r'),(22860,'MAS-PURI S/F',10,'RJY','RAJAHMUNDRY','02:01:00','02:03:00',579,'MAS','CHENNAI CENTRAL','PURI','PURI\r'),(22860,'MAS-PURI S/F',11,'SLO','SAMALKOT JN.','02:41:00','02:42:00',629,'MAS','CHENNAI CENTRAL','PURI','PURI\r'),(22860,'MAS-PURI S/F',12,'VSKP','VISAKHAPATNA','06:15:00','06:35:00',780,'MAS','CHENNAI CENTRAL','PURI','PURI\r'),(22860,'MAS-PURI S/F',13,'VZM','VIZIANAGARAM','07:35:00','07:40:00',840,'MAS','CHENNAI CENTRAL','PURI','PURI\r'),(22860,'MAS-PURI S/F',14,'CHE','SRIKAKULAM R','08:33:00','08:35:00',910,'MAS','CHENNAI CENTRAL','PURI','PURI\r'),(22860,'MAS-PURI S/F',15,'PSA','PALASA','09:48:00','09:50:00',983,'MAS','CHENNAI CENTRAL','PURI','PURI\r'),(22860,'MAS-PURI S/F',16,'SPT','SOMPETA','10:13:00','10:15:00',1014,'MAS','CHENNAI CENTRAL','PURI','PURI\r'),(22860,'MAS-PURI S/F',17,'BAM','BERHAMPUR','10:50:00','10:55:00',1057,'MAS','CHENNAI CENTRAL','PURI','PURI\r'),(22860,'MAS-PURI S/F',18,'CAP','CHATRAPUR','11:10:00','11:12:00',1078,'MAS','CHENNAI CENTRAL','PURI','PURI\r'),(22860,'MAS-PURI S/F',19,'BALU','BALUGAN','11:56:00','11:58:00',1132,'MAS','CHENNAI CENTRAL','PURI','PURI\r'),(22860,'MAS-PURI S/F',20,'KUR','KHURDA ROAD','13:20:00','13:50:00',1203,'MAS','CHENNAI CENTRAL','PURI','PURI\r'),(22860,'MAS-PURI S/F',21,'PURI','PURI','14:55:00','14:55:00',1247,'MAS','CHENNAI CENTRAL','PURI','PURI\r'),(22870,'MAS-VSKP S/F',1,'MAS','CHENNAI CENT','21:10:00','21:10:00',0,'MAS','CHENNAI CENTRAL','VSKP','VISAKHAPATNAM\r'),(22870,'MAS-VSKP S/F',2,'GDR','GUDUR JN.','23:30:00','23:35:00',137,'MAS','CHENNAI CENTRAL','VSKP','VISAKHAPATNAM\r'),(22870,'MAS-VSKP S/F',3,'NLR','NELLORE','00:02:00','00:03:00',175,'MAS','CHENNAI CENTRAL','VSKP','VISAKHAPATNAM\r'),(22870,'MAS-VSKP S/F',4,'OGL','ONGOLE','01:26:00','01:28:00',291,'MAS','CHENNAI CENTRAL','VSKP','VISAKHAPATNAM\r'),(22870,'MAS-VSKP S/F',5,'BZA','VIJAYWADA JN','04:00:00','04:15:00',429,'MAS','CHENNAI CENTRAL','VSKP','VISAKHAPATNAM\r'),(22870,'MAS-VSKP S/F',6,'EE','ELURU','05:01:00','05:02:00',489,'MAS','CHENNAI CENTRAL','VSKP','VISAKHAPATNAM\r'),(22870,'MAS-VSKP S/F',7,'RJY','RAJAHMUNDRY','06:30:00','06:32:00',579,'MAS','CHENNAI CENTRAL','VSKP','VISAKHAPATNAM\r'),(22870,'MAS-VSKP S/F',8,'SLO','SAMALKOT JN.','07:09:00','07:11:00',629,'MAS','CHENNAI CENTRAL','VSKP','VISAKHAPATNAM\r'),(22870,'MAS-VSKP S/F',9,'TUNI','TUNI','07:47:00','07:49:00',683,'MAS','CHENNAI CENTRAL','VSKP','VISAKHAPATNAM\r'),(22870,'MAS-VSKP S/F',10,'NASP','NARASINGAPAL','08:20:00','08:22:00',730,'MAS','CHENNAI CENTRAL','VSKP','VISAKHAPATNAM\r'),(22870,'MAS-VSKP S/F',11,'AKP','ANAKAPALLE','08:47:00','08:49:00',746,'MAS','CHENNAI CENTRAL','VSKP','VISAKHAPATNAM\r'),(22870,'MAS-VSKP S/F',12,'DVD','DUVVADA','09:53:00','09:55:00',762,'MAS','CHENNAI CENTRAL','VSKP','VISAKHAPATNAM\r'),(22870,'MAS-VSKP S/F',13,'VSKP','VISAKHAPATNA','10:25:00','10:25:00',780,'MAS','CHENNAI CENTRAL','VSKP','VISAKHAPATNAM\r'),(22919,'CHENNAI ADI',1,'MAS','CHENNAI CENT','20:10:00','20:10:00',0,'MAS','CHENNAI CENTRAL','ADI','AHMEDABAD\r'),(22919,'CHENNAI ADI',2,'RU','RENIGUNTA JN','22:30:00','22:35:00',138,'MAS','CHENNAI CENTRAL','ADI','AHMEDABAD\r'),(22919,'CHENNAI ADI',3,'GTL','GUNTAKAL JN.','03:50:00','04:00:00',448,'MAS','CHENNAI CENTRAL','ADI','AHMEDABAD\r'),(22919,'CHENNAI ADI',4,'RC','RAICHUR','05:48:00','05:50:00',569,'MAS','CHENNAI CENTRAL','ADI','AHMEDABAD\r'),(22919,'CHENNAI ADI',5,'GR','GULBARGA','10:10:00','10:13:00',713,'MAS','CHENNAI CENTRAL','ADI','AHMEDABAD\r'),(22919,'CHENNAI ADI',6,'SUR','SOLAPUR','12:15:00','12:25:00',826,'MAS','CHENNAI CENTRAL','ADI','AHMEDABAD\r'),(22919,'CHENNAI ADI',7,'PUNE','PUNE JN.','16:30:00','16:40:00',1092,'MAS','CHENNAI CENTRAL','ADI','AHMEDABAD\r'),(22919,'CHENNAI ADI',8,'PNVL','PANVEL','19:50:00','19:55:00',1212,'MAS','CHENNAI CENTRAL','ADI','AHMEDABAD\r'),(22919,'CHENNAI ADI',9,'BSR','VASAI ROAD','21:15:00','21:20:00',1277,'MAS','CHENNAI CENTRAL','ADI','AHMEDABAD\r'),(22919,'CHENNAI ADI',10,'ST','SURAT','23:57:00','00:02:00',1492,'MAS','CHENNAI CENTRAL','ADI','AHMEDABAD\r'),(22919,'CHENNAI ADI',11,'BRC','VADODARA JN.','01:22:00','01:27:00',1621,'MAS','CHENNAI CENTRAL','ADI','AHMEDABAD\r'),(22919,'CHENNAI ADI',12,'ADI','AHMEDABAD','03:15:00','03:15:00',1721,'MAS','CHENNAI CENTRAL','ADI','AHMEDABAD\r'),(56001,'MAS-AJJ PASS',1,'MAS','CHENNAI CENT','13:10:00','13:10:00',0,'MAS','CHENNAI CENTRAL','AJJ','ARAKKONAM JN\r'),(56001,'MAS-AJJ PASS',2,'BBQ','BASIN BRIDGE','13:18:00','13:19:00',2,'MAS','CHENNAI CENTRAL','AJJ','ARAKKONAM JN\r'),(56001,'MAS-AJJ PASS',3,'PER','PERAMBUR','13:25:00','13:26:00',5,'MAS','CHENNAI CENTRAL','AJJ','ARAKKONAM JN\r'),(56001,'MAS-AJJ PASS',4,'VLK','VILLIVAKKAM','13:32:00','13:33:00',9,'MAS','CHENNAI CENTRAL','AJJ','ARAKKONAM JN\r'),(56001,'MAS-AJJ PASS',5,'TRL','TIRUVALLUR','14:03:00','14:05:00',41,'MAS','CHENNAI CENTRAL','AJJ','ARAKKONAM JN\r'),(56001,'MAS-AJJ PASS',6,'AJJ','ARAKKONAM JN','14:40:00','14:40:00',68,'MAS','CHENNAI CENTRAL','AJJ','ARAKKONAM JN\r'),(57239,'PASS',1,'MAS','CHENNAI CENT','16:00:00','16:00:00',0,'MAS','CHENNAI CENTRAL','GDR','GUDUR JN.\r'),(57239,'PASS',2,'BBQ','BASIN BRIDGE','16:06:00','16:07:00',2,'MAS','CHENNAI CENTRAL','GDR','GUDUR JN.\r'),(57239,'PASS',3,'KOK','KORUKKUPET','16:10:00','16:11:00',4,'MAS','CHENNAI CENTRAL','GDR','GUDUR JN.\r'),(57239,'PASS',4,'TNP','TONDIARPET','16:14:00','16:15:00',5,'MAS','CHENNAI CENTRAL','GDR','GUDUR JN.\r'),(57239,'PASS',5,'TVT','TIRUVOTTIYUR','16:21:00','16:22:00',9,'MAS','CHENNAI CENTRAL','GDR','GUDUR JN.\r'),(57239,'PASS',6,'ENR','ENNORE','16:34:00','16:35:00',16,'MAS','CHENNAI CENTRAL','GDR','GUDUR JN.\r'),(57239,'PASS',7,'AIP','ATTIPATTU','16:44:00','16:45:00',22,'MAS','CHENNAI CENTRAL','GDR','GUDUR JN.\r'),(57239,'PASS',8,'MJR','MINJUR','16:54:00','16:55:00',26,'MAS','CHENNAI CENTRAL','GDR','GUDUR JN.\r'),(57239,'PASS',9,'PON','PONNERI','17:07:00','17:08:00',34,'MAS','CHENNAI CENTRAL','GDR','GUDUR JN.\r'),(57239,'PASS',10,'KVP','KAVARAIPPETT','17:17:00','17:18:00',41,'MAS','CHENNAI CENTRAL','GDR','GUDUR JN.\r'),(57239,'PASS',11,'GPD','GUMMIDIPUNDI','17:23:00','17:25:00',47,'MAS','CHENNAI CENTRAL','GDR','GUDUR JN.\r'),(57239,'PASS',12,'ELR','ELAVUR','17:30:00','17:31:00',52,'MAS','CHENNAI CENTRAL','GDR','GUDUR JN.\r'),(57239,'PASS',13,'AKM','ARAMBAKKAM','17:38:00','17:40:00',62,'MAS','CHENNAI CENTRAL','GDR','GUDUR JN.\r'),(57239,'PASS',14,'TADA','TADA','17:47:00','17:48:00',69,'MAS','CHENNAI CENTRAL','GDR','GUDUR JN.\r'),(57239,'PASS',15,'SPE','SULLURUPETTA','18:08:00','18:10:00',82,'MAS','CHENNAI CENTRAL','GDR','GUDUR JN.\r'),(57239,'PASS',16,'PEL','POLIREDDIPAL','18:21:00','18:22:00',90,'MAS','CHENNAI CENTRAL','GDR','GUDUR JN.\r'),(57239,'PASS',17,'DVR','DORAVARICHAT','18:31:00','18:32:00',98,'MAS','CHENNAI CENTRAL','GDR','GUDUR JN.\r'),(57239,'PASS',18,'NYP','NAYUDUPETA','18:44:00','18:45:00',109,'MAS','CHENNAI CENTRAL','GDR','GUDUR JN.\r'),(57239,'PASS',19,'PYA','PEDAPARIYA','18:56:00','18:57:00',122,'MAS','CHENNAI CENTRAL','GDR','GUDUR JN.\r'),(57239,'PASS',20,'ODUR','ODUR','19:04:00','19:05:00',128,'MAS','CHENNAI CENTRAL','GDR','GUDUR JN.\r'),(57239,'PASS',21,'GDR','GUDUR JN.','22:20:00','22:20:00',137,'MAS','CHENNAI CENTRAL','GDR','GUDUR JN.\r'),(82631,'MAS-ERS SUVI',1,'MAS','CHENNAI CENT','20:00:00','20:00:00',0,'MAS','CHENNAI CENTRAL','ERS','ERNAKULAM. JN\r'),(82631,'MAS-ERS SUVI',2,'AJJ','ARAKKONAM JN','21:13:00','21:15:00',68,'MAS','CHENNAI CENTRAL','ERS','ERNAKULAM. JN\r'),(82631,'MAS-ERS SUVI',3,'KPD','KATPADI JN','22:00:00','22:02:00',128,'MAS','CHENNAI CENTRAL','ERS','ERNAKULAM. JN\r'),(82631,'MAS-ERS SUVI',4,'JTJ','JOLARPETTAI','23:10:00','23:12:00',212,'MAS','CHENNAI CENTRAL','ERS','ERNAKULAM. JN\r'),(82631,'MAS-ERS SUVI',5,'SA','SALEM JN.','01:20:00','01:25:00',331,'MAS','CHENNAI CENTRAL','ERS','ERNAKULAM. JN\r'),(82631,'MAS-ERS SUVI',6,'ED','ERODE JN.','02:30:00','02:35:00',391,'MAS','CHENNAI CENTRAL','ERS','ERNAKULAM. JN\r'),(82631,'MAS-ERS SUVI',7,'TUP','TIRUPPUR','03:20:00','03:22:00',441,'MAS','CHENNAI CENTRAL','ERS','ERNAKULAM. JN\r'),(82631,'MAS-ERS SUVI',8,'CBE','COIMBATORE','04:10:00','04:15:00',491,'MAS','CHENNAI CENTRAL','ERS','ERNAKULAM. JN\r'),(82631,'MAS-ERS SUVI',9,'PGT','PALAKKAD JN','05:25:00','05:30:00',545,'MAS','CHENNAI CENTRAL','ERS','ERNAKULAM. JN\r'),(82631,'MAS-ERS SUVI',10,'OTP','OTTAPPALAM','05:58:00','06:00:00',577,'MAS','CHENNAI CENTRAL','ERS','ERNAKULAM. JN\r'),(82631,'MAS-ERS SUVI',11,'TCR','TRICHUR','06:46:00','06:49:00',621,'MAS','CHENNAI CENTRAL','ERS','ERNAKULAM. JN\r'),(82631,'MAS-ERS SUVI',12,'AWY','ALWAYE','07:55:00','07:57:00',676,'MAS','CHENNAI CENTRAL','ERS','ERNAKULAM. JN\r'),(82631,'MAS-ERS SUVI',13,'ERS','ERNAKULAM. J','08:45:00','08:45:00',695,'MAS','CHENNAI CENTRAL','ERS','ERNAKULAM. JN\r'),(82635,'MAS-QLN SUVI',1,'MAS','CHENNAI CENT','00:00:00','22:30:00',0,'MAS','CHENNAI CENTRAL','QLN','QUILON\r'),(82635,'MAS-QLN SUVI',2,'AJJ','ARAKKONAM JN','23:42:00','23:44:00',68,'MAS','CHENNAI CENTRAL','QLN','QUILON\r'),(82635,'MAS-QLN SUVI',3,'KPD','KATPADI JN','00:32:00','00:34:00',128,'MAS','CHENNAI CENTRAL','QLN','QUILON\r'),(82635,'MAS-QLN SUVI',4,'JTJ','JOLARPETTAI','01:55:00','02:00:00',212,'MAS','CHENNAI CENTRAL','QLN','QUILON\r'),(82635,'MAS-QLN SUVI',5,'SA','SALEM JN.','03:25:00','03:30:00',331,'MAS','CHENNAI CENTRAL','QLN','QUILON\r'),(82635,'MAS-QLN SUVI',6,'ED','ERODE JN.','04:30:00','04:35:00',391,'MAS','CHENNAI CENTRAL','QLN','QUILON\r'),(82635,'MAS-QLN SUVI',7,'TUP','TIRUPPUR','05:20:00','05:22:00',441,'MAS','CHENNAI CENTRAL','QLN','QUILON\r'),(82635,'MAS-QLN SUVI',8,'CBE','COIMBATORE','06:25:00','06:30:00',491,'MAS','CHENNAI CENTRAL','QLN','QUILON\r'),(82635,'MAS-QLN SUVI',9,'PGT','PALAKKAD JN','07:30:00','07:35:00',545,'MAS','CHENNAI CENTRAL','QLN','QUILON\r'),(82635,'MAS-QLN SUVI',10,'TCR','TRICHUR','09:05:00','09:07:00',621,'MAS','CHENNAI CENTRAL','QLN','QUILON\r'),(82635,'MAS-QLN SUVI',11,'AWY','ALWAYE','10:05:00','10:07:00',676,'MAS','CHENNAI CENTRAL','QLN','QUILON\r'),(82635,'MAS-QLN SUVI',12,'ERN','ERNAKULAM TO','10:30:00','10:35:00',693,'MAS','CHENNAI CENTRAL','QLN','QUILON\r'),(82635,'MAS-QLN SUVI',13,'KTYM','KOTTAYAM','11:58:00','12:00:00',752,'MAS','CHENNAI CENTRAL','QLN','QUILON\r'),(82635,'MAS-QLN SUVI',14,'CGY','CHANGANACHER','12:18:00','12:20:00',769,'MAS','CHENNAI CENTRAL','QLN','QUILON\r'),(82635,'MAS-QLN SUVI',15,'TRVL','TIRUVALLA','12:30:00','12:40:00',777,'MAS','CHENNAI CENTRAL','QLN','QUILON\r'),(82635,'MAS-QLN SUVI',16,'CNGR','CHENGANNUR','12:52:00','12:54:00',786,'MAS','CHENNAI CENTRAL','QLN','QUILON\r'),(82635,'MAS-QLN SUVI',17,'KYJ','KAYANKULAM J','13:20:00','13:25:00',807,'MAS','CHENNAI CENTRAL','QLN','QUILON\r'),(82635,'MAS-QLN SUVI',18,'QLN','QUILON','14:30:00','00:00:00',849,'MAS','CHENNAI CENTRAL','QLN','QUILON\r');
/*!40000 ALTER TABLE `time_table` ENABLE KEYS */;
UNLOCK TABLES;

--
-- Table structure for table `train`
--

DROP TABLE IF EXISTS `train`;
/*!40101 SET @saved_cs_client     = @@character_set_client */;
 SET character_set_client = utf8mb4 ;
CREATE TABLE `train` (
  `train_id` int(11) NOT NULL AUTO_INCREMENT,
  `train_number` varchar(20) NOT NULL,
  `train_name` varchar(20) NOT NULL,
  `source_station_id` int(11) NOT NULL,
  `destination_station_id` int(11) NOT NULL,
  PRIMARY KEY (`train_id`),
  KEY `source_station_id` (`source_station_id`),
  KEY `destination_station_id` (`destination_station_id`),
  CONSTRAINT `train_ibfk_1` FOREIGN KEY (`source_station_id`) REFERENCES `station` (`station_id`),
  CONSTRAINT `train_ibfk_2` FOREIGN KEY (`destination_station_id`) REFERENCES `station` (`station_id`)
) ENGINE=InnoDB AUTO_INCREMENT=91 DEFAULT CHARSET=utf8mb4 COLLATE=utf8mb4_0900_ai_ci;
/*!40101 SET character_set_client = @saved_cs_client */;

--
-- Dumping data for table `train`
--

LOCK TABLES `train` WRITE;
/*!40000 ALTER TABLE `train` DISABLE KEYS */;
INSERT INTO `train` VALUES (4,'12656','NAVAJEEVAN E',241,10),(5,'19419','MAS ADI EXPR',241,10),(6,'22919','CHENNAI ADI',241,10),(7,'56001','MAS-AJJ PASS',241,16),(8,'22639','ALLEPPEY EXP',241,24),(9,'12375','MAS ASN  EXP',241,32),(10,'12829','CEN-BBS WEEK',241,43),(11,'22631','MAS-BKN ANUR',241,55),(12,'12852','MAS - BSP SF',241,74),(13,'12077','MAS-BZA JAN',241,81),(14,'12712','MAS-BZA PINA',241,81),(15,'12243','MAS-CBE SHAT',241,85),(16,'12673','MAS-CBE CHER',241,85),(17,'12675','MAS-CBE KOVA',241,85),(18,'12679','MAS-CBE INTE',241,85),(19,'12681','MAS CBE EXP',241,85),(20,'12669','MAS-CPR GANG',241,100),(21,'11028','MAS-CSMT MUM',241,102),(22,'11042','MAS-CSMT MUM',241,102),(23,'12615','MAS-NDLS GRA',241,108),(24,'22649','YERCAUD EXPR',241,128),(25,'82631','MAS-ERS SUVI',241,134),(26,'57239','PASS',241,141),(27,'22613','MAS-HLZ WEEK',241,157),(28,'12840','MAS-HWH MAIL',241,161),(29,'12842','COROMANDEL E',241,161),(30,'12603','HYDERABAD EX',241,163),(31,'12759','MAS-HYB CHAR',241,163),(32,'12967','JAIPUR EXP',241,180),(33,'16089','MAS-TPT YELA',241,183),(34,'16093','MAS-LJN EXPR',241,229),(35,'11074','CHENNAI - LT',241,231),(36,'12601','MANGALORE MA',241,240),(37,'12685','MAS-MAQ EXP.',241,240),(38,'22637','WEST COAST E',241,240),(39,'20601','MAS-MDU WEEK',241,246),(40,'22205','MAS-MDU DURA',241,246),(41,'12671','MAS-MTP NILA',241,265),(42,'22682','MAS-MYS EXPR',241,271),(43,'12007','MAS-MYS SHAT',241,271),(44,'16021','KAVERI EXPRE',241,271),(45,'12689','MAS-NCJ EXP.',241,276),(46,'12621','MAS-NDLS TAM',241,281),(47,'22611','MAS NJP EXPR',241,288),(48,'16003','MAS-NSL WKLY',241,299),(49,'12269','MAS-NZM DURA',241,304),(50,'12433','MAS-NZM RAJD',241,304),(51,'12611','MAS-NZM GARI',241,304),(52,'22651','MAS-PGT  EXP',241,323),(53,'22860','MAS-PURI S/F',241,341),(54,'6041','MAS-QLN SPEC',241,347),(55,'6043','MAS-QLN SPL',241,347),(56,'6047','MAS-QLN SPL',241,347),(57,'82635','MAS-QLN SUVI',241,347),(58,'12609','MAS-SBC EXP',241,371),(59,'12639','MAS-SBC BRIN',241,371),(60,'12657','MAS-SBC MAIL',241,371),(61,'22625','MAS-SBC AC D',241,371),(62,'12027','MAS-SBC SHAT',241,371),(63,'12607','MAS-SBC LALB',241,371),(64,'22826','MAS - SHM EX',241,382),(65,'22601','MAS-SNSI EXP',241,389),(66,'22808','MAS - SRC AC',241,393),(67,'2842','MAS SRC SPL',241,393),(68,'6058','MAS-SRC  EXP',241,393),(69,'12691','MAS-SSPN EXP',241,398),(70,'16031','MAS-SVDK AND',241,402),(71,'16053','MAS-TPTY EXP',241,422),(72,'16057','MAS-TPTY SAP',241,422),(73,'16203','MAS-TPTY EXP',241,422),(74,'12697','MAS-TVC EXP.',241,433),(75,'22207','MAS-TVC AC E',241,433),(76,'12623','TRIVANDRUM M',241,433),(77,'12695','MAS - TVC SU',241,433),(78,'22698','MAS- HUBLI E',241,436),(79,'17311','CHENNAI- VAS',241,450),(80,'22870','MAS-VSKP S/F',241,451),(81,'12292','MAS-YPR EXP',241,466),(85,'1234','abc',8,9),(87,'1234','abc',8,9),(88,'1234','abc',8,9),(89,'1234','abc',8,9),(90,'1234','abc',8,9);
/*!40000 ALTER TABLE `train` ENABLE KEYS */;
UNLOCK TABLES;

--
-- Table structure for table `train_stop`
--

DROP TABLE IF EXISTS `train_stop`;
/*!40101 SET @saved_cs_client     = @@character_set_client */;
 SET character_set_client = utf8mb4 ;
CREATE TABLE `train_stop` (
  `train_stop_id` int(11) NOT NULL AUTO_INCREMENT,
  `train_id` int(11) NOT NULL,
  `station_id` int(11) NOT NULL,
  `sequence` int(11) DEFAULT NULL,
  `arrival_time` time DEFAULT NULL,
  `departure_time` time DEFAULT NULL,
  PRIMARY KEY (`train_stop_id`),
  KEY `train_id` (`train_id`),
  KEY `station_id` (`station_id`),
  CONSTRAINT `train_stop_ibfk_1` FOREIGN KEY (`train_id`) REFERENCES `train` (`train_id`),
  CONSTRAINT `train_stop_ibfk_2` FOREIGN KEY (`station_id`) REFERENCES `station` (`station_id`)
) ENGINE=InnoDB AUTO_INCREMENT=1475 DEFAULT CHARSET=utf8mb4 COLLATE=utf8mb4_0900_ai_ci;
/*!40101 SET character_set_client = @saved_cs_client */;

--
-- Dumping data for table `train_stop`
--

LOCK TABLES `train_stop` WRITE;
/*!40000 ALTER TABLE `train_stop` DISABLE KEYS */;
INSERT INTO `train_stop` VALUES (1,4,241,1,'09:35:00','09:35:00'),(2,4,391,2,'10:48:00','10:50:00'),(3,4,141,3,'11:55:00','12:00:00'),(4,4,291,4,'12:24:00','12:26:00'),(5,4,218,5,'13:01:00','13:02:00'),(6,4,307,6,'13:56:00','13:57:00'),(7,4,96,7,'14:32:00','14:33:00'),(8,4,66,8,'14:43:00','14:44:00'),(9,4,410,9,'15:22:00','15:24:00'),(10,4,81,10,'16:30:00','16:45:00'),(11,4,198,11,'17:54:00','17:56:00'),(12,4,233,12,'18:41:00','18:42:00'),(13,4,458,13,'20:05:00','20:10:00'),(14,4,243,14,'21:34:00','21:35:00'),(15,4,386,15,'22:29:00','22:30:00'),(16,4,67,16,'00:10:00','00:20:00'),(17,4,87,17,'00:36:00','00:39:00'),(18,4,460,18,'01:18:00','01:20:00'),(19,4,155,19,'01:42:00','01:44:00'),(20,4,459,20,'02:31:00','02:34:00'),(21,4,329,21,'02:58:00','03:00:00'),(22,4,116,22,'03:13:00','03:15:00'),(23,4,45,23,'04:15:00','04:20:00'),(24,4,272,24,'04:48:00','04:50:00'),(25,4,18,25,'05:15:00','05:20:00'),(26,4,376,26,'05:49:00','05:50:00'),(27,4,293,27,'06:09:00','06:10:00'),(28,4,254,28,'06:29:00','06:30:00'),(29,4,73,29,'07:50:00','08:05:00'),(30,4,176,30,'08:40:00','08:45:00'),(31,4,26,31,'09:56:00','09:58:00'),(32,4,107,32,'10:00:00','10:55:00'),(33,4,278,33,'11:35:00','11:40:00'),(34,4,452,34,'13:00:00','13:09:00'),(35,4,437,35,'14:00:00','14:10:00'),(36,4,399,36,'14:25:00','14:35:00'),(37,4,22,37,'15:09:00','15:11:00'),(38,4,70,38,'16:21:00','16:26:00'),(39,4,28,39,'17:04:00','17:06:00'),(40,4,277,40,'17:21:00','17:23:00'),(41,4,237,41,'18:03:00','18:05:00'),(42,4,10,42,'18:25:00','18:25:00'),(43,5,241,1,'20:00:00','20:00:00'),(44,5,16,2,'21:03:00','21:05:00'),(45,5,366,3,'22:30:00','22:35:00'),(46,5,203,4,'23:03:00','23:05:00'),(47,5,355,5,'23:28:00','23:30:00'),(48,5,162,6,'00:33:00','00:35:00'),(49,5,462,7,'01:03:00','01:05:00'),(50,5,428,8,'02:18:00','02:20:00'),(51,5,150,9,'02:59:00','03:00:00'),(52,5,146,10,'03:50:00','04:00:00'),(53,5,9,11,'04:44:00','04:45:00'),(54,5,236,12,'05:14:00','05:15:00'),(55,5,351,13,'05:48:00','05:50:00'),(56,5,463,14,'06:58:00','07:00:00'),(57,5,454,15,'09:30:00','09:35:00'),(58,5,401,16,'12:15:00','12:25:00'),(59,5,340,17,'17:10:00','17:20:00'),(60,5,331,18,'20:30:00','20:35:00'),(61,5,75,19,'22:20:00','22:30:00'),(62,5,62,20,'23:28:00','23:30:00'),(63,5,442,21,'00:18:00','00:20:00'),(64,5,399,22,'01:43:00','01:48:00'),(65,5,70,23,'03:26:00','03:31:00'),(66,5,28,24,'04:07:00','04:09:00'),(67,5,277,25,'04:24:00','04:26:00'),(68,5,10,26,'05:45:00','05:45:00'),(69,6,241,1,'20:10:00','20:10:00'),(70,6,366,2,'22:30:00','22:35:00'),(71,6,146,3,'03:50:00','04:00:00'),(72,6,351,4,'05:48:00','05:50:00'),(73,6,145,5,'10:10:00','10:13:00'),(74,6,401,6,'12:15:00','12:25:00'),(75,6,340,7,'16:30:00','16:40:00'),(76,6,331,8,'19:50:00','19:55:00'),(77,6,75,9,'21:15:00','21:20:00'),(78,6,399,10,'23:57:00','00:02:00'),(79,6,70,11,'01:22:00','01:27:00'),(80,6,10,12,'03:15:00','03:15:00'),(81,7,241,1,'13:10:00','13:10:00'),(82,7,42,2,'13:18:00','13:19:00'),(83,7,320,3,'13:25:00','13:26:00'),(84,7,444,4,'13:32:00','13:33:00'),(85,7,423,5,'14:03:00','14:05:00'),(86,7,16,6,'14:40:00','14:40:00'),(87,8,241,1,'20:55:00','20:55:00'),(88,8,16,2,'21:48:00','21:50:00'),(89,8,204,3,'22:38:00','22:40:00'),(90,8,183,4,'23:54:00','23:55:00'),(91,8,367,5,'01:27:00','01:30:00'),(92,8,128,6,'02:32:00','02:35:00'),(93,8,431,7,'03:13:00','03:15:00'),(94,8,85,8,'04:12:00','04:15:00'),(95,8,338,9,'04:29:00','04:30:00'),(96,8,323,10,'05:30:00','05:35:00'),(97,8,310,11,'05:58:00','06:00:00'),(98,8,457,12,'06:37:00','06:38:00'),(99,8,330,13,'06:50:00','06:51:00'),(100,8,407,14,'06:57:00','07:00:00'),(101,8,164,15,'07:20:00','07:21:00'),(102,8,92,16,'07:29:00','07:30:00'),(103,8,113,17,'07:36:00','07:37:00'),(104,8,12,18,'07:50:00','07:51:00'),(105,8,36,19,'08:00:00','08:02:00'),(106,8,165,20,'08:16:00','08:17:00'),(107,8,133,21,'08:38:00','08:40:00'),(108,8,134,22,'08:50:00','08:55:00'),(109,8,432,23,'09:29:00','09:30:00'),(110,8,396,24,'09:41:00','09:42:00'),(111,8,24,25,'10:40:00','10:40:00'),(112,9,241,1,'00:00:00','14:40:00'),(113,9,391,2,'15:49:00','15:50:00'),(114,9,141,3,'17:00:00','17:02:00'),(115,9,291,4,'17:32:00','17:33:00'),(116,9,307,5,'18:58:00','19:00:00'),(117,9,410,6,'20:12:00','20:13:00'),(118,9,81,7,'21:35:00','21:55:00'),(119,9,129,8,'22:41:00','22:42:00'),(120,9,356,9,'00:11:00','00:13:00'),(121,9,387,10,'00:51:00','00:52:00'),(122,9,451,11,'04:10:00','04:30:00'),(123,9,453,12,'05:25:00','05:30:00'),(124,9,443,13,'06:13:00','06:15:00'),(125,9,343,14,'06:36:00','06:38:00'),(126,9,353,15,'07:20:00','07:35:00'),(127,9,257,16,'08:33:00','08:35:00'),(128,9,211,17,'09:33:00','09:35:00'),(129,9,412,18,'09:55:00','10:05:00'),(130,9,56,19,'11:05:00','11:10:00'),(131,9,71,20,'12:27:00','12:29:00'),(132,9,372,21,'13:30:00','13:45:00'),(133,9,182,22,'14:55:00','15:00:00'),(134,9,363,23,'16:18:00','16:38:00'),(135,9,93,24,'18:00:00','18:02:00'),(136,9,335,25,'19:48:00','19:50:00'),(137,9,179,26,'20:51:00','20:53:00'),(138,9,32,27,'21:55:00','00:00:00'),(139,10,241,1,'21:10:00','21:10:00'),(140,10,391,2,'22:18:00','22:20:00'),(141,10,141,3,'23:30:00','23:35:00'),(142,10,291,4,'00:02:00','00:03:00'),(143,10,307,5,'01:27:00','01:28:00'),(144,10,96,6,'02:02:00','02:04:00'),(145,10,410,7,'02:43:00','02:45:00'),(146,10,81,8,'04:00:00','04:15:00'),(147,10,129,9,'05:01:00','05:02:00'),(148,10,408,10,'05:34:00','05:35:00'),(149,10,356,11,'06:30:00','06:32:00'),(150,10,430,12,'07:48:00','07:49:00'),(151,10,21,13,'08:48:00','08:49:00'),(152,10,451,14,'10:25:00','10:45:00'),(153,10,453,15,'11:40:00','11:42:00'),(154,10,89,16,'12:35:00','12:37:00'),(155,10,336,17,'13:43:00','13:45:00'),(156,10,39,18,'14:34:00','14:36:00'),(157,10,38,19,'15:37:00','15:39:00'),(158,10,216,20,'16:45:00','16:50:00'),(159,10,43,21,'17:20:00','17:20:00'),(160,11,241,1,'21:10:00','21:10:00'),(161,11,391,2,'22:18:00','22:20:00'),(162,11,141,3,'23:30:00','23:35:00'),(163,11,291,4,'00:01:00','00:03:00'),(164,11,307,5,'01:26:00','01:28:00'),(165,11,81,6,'03:55:00','04:05:00'),(166,11,198,7,'05:15:00','05:17:00'),(167,11,458,8,'06:43:00','06:45:00'),(168,11,352,9,'08:08:00','08:10:00'),(169,11,386,10,'09:23:00','09:25:00'),(170,11,67,11,'11:25:00','11:40:00'),(171,11,87,12,'11:58:00','11:59:00'),(172,11,287,13,'14:45:00','14:55:00'),(173,11,135,14,'20:00:00','20:05:00'),(174,11,65,15,'22:30:00','22:35:00'),(175,11,53,16,'22:59:00','23:01:00'),(176,11,378,17,'23:22:00','23:24:00'),(177,11,384,18,'00:04:00','00:06:00'),(178,11,440,19,'02:00:00','02:10:00'),(179,11,274,20,'03:20:00','03:50:00'),(180,11,381,21,'04:43:00','04:45:00'),(181,11,202,22,'06:15:00','06:20:00'),(182,11,404,23,'08:00:00','08:10:00'),(183,11,60,24,'09:26:00','09:28:00'),(184,11,118,25,'10:15:00','10:18:00'),(185,11,180,26,'10:45:00','10:55:00'),(186,11,138,27,'11:48:00','11:50:00'),(187,11,253,28,'12:49:00','12:52:00'),(188,11,117,29,'13:28:00','13:31:00'),(189,11,286,30,'15:10:00','15:15:00'),(190,11,294,31,'15:54:00','15:56:00'),(191,11,55,32,'17:45:00','17:45:00'),(192,12,241,1,'21:10:00','21:10:00'),(193,12,141,2,'23:30:00','23:35:00'),(194,12,291,3,'00:02:00','00:03:00'),(195,12,307,4,'01:27:00','01:28:00'),(196,12,81,5,'03:55:00','04:05:00'),(197,12,458,6,'06:43:00','06:45:00'),(198,12,386,7,'09:24:00','09:25:00'),(199,12,67,8,'11:30:00','11:40:00'),(200,12,273,9,'13:26:00','13:28:00'),(201,12,461,10,'13:51:00','13:53:00'),(202,12,17,11,'14:11:00','14:13:00'),(203,12,390,12,'14:37:00','14:39:00'),(204,12,139,13,'15:35:00','15:45:00'),(205,12,354,14,'17:00:00','17:02:00'),(206,12,122,15,'17:45:00','17:50:00'),(207,12,349,16,'18:25:00','18:35:00'),(208,12,74,17,'20:15:00','20:15:00'),(209,13,241,1,'07:35:00','07:35:00'),(210,13,391,2,'08:43:00','08:45:00'),(211,13,141,3,'09:45:00','09:47:00'),(212,13,291,4,'10:09:00','10:10:00'),(213,13,218,5,'10:39:00','10:40:00'),(214,13,307,6,'11:44:00','11:45:00'),(215,13,96,7,'12:19:00','12:20:00'),(216,13,410,8,'13:19:00','13:20:00'),(217,13,285,9,'13:45:00','13:46:00'),(218,13,81,10,'14:45:00','14:45:00'),(219,14,241,1,'14:05:00','14:05:00'),(220,14,391,2,'15:13:00','15:15:00'),(221,14,302,3,'15:38:00','15:40:00'),(222,14,141,4,'16:25:00','16:27:00'),(223,14,291,5,'16:52:00','16:53:00'),(224,14,77,6,'17:19:00','17:20:00'),(225,14,218,7,'17:31:00','17:32:00'),(226,14,385,8,'17:55:00','17:57:00'),(227,14,307,9,'18:27:00','18:29:00'),(228,14,96,10,'19:05:00','19:06:00'),(229,14,66,11,'19:17:00','19:18:00'),(230,14,282,12,'19:32:00','19:34:00'),(231,14,410,13,'19:48:00','19:50:00'),(232,14,81,14,'21:10:00','21:10:00'),(233,15,241,1,'07:15:00','07:15:00'),(234,15,183,2,'09:59:00','10:00:00'),(235,15,367,3,'11:22:00','11:25:00'),(236,15,128,4,'12:22:00','12:25:00'),(237,15,431,5,'13:08:00','13:10:00'),(238,15,85,6,'14:15:00','14:15:00'),(239,16,241,1,'22:10:00','22:10:00'),(240,16,16,2,'22:58:00','23:00:00'),(241,16,183,3,'01:18:00','01:20:00'),(242,16,367,4,'02:45:00','02:50:00'),(243,16,128,5,'03:55:00','04:00:00'),(244,16,431,6,'04:43:00','04:45:00'),(245,16,86,7,'05:24:00','05:25:00'),(246,16,85,8,'06:15:00','06:15:00'),(247,17,241,1,'06:10:00','06:10:00'),(248,17,16,2,'07:03:00','07:05:00'),(249,17,456,3,'07:33:00','07:35:00'),(250,17,204,4,'08:03:00','08:05:00'),(251,17,8,5,'08:43:00','08:45:00'),(252,17,183,6,'09:18:00','09:20:00'),(253,17,239,7,'09:59:00','10:00:00'),(254,17,367,8,'10:52:00','10:55:00'),(255,17,128,9,'11:57:00','12:00:00'),(256,17,431,10,'12:49:00','12:51:00'),(257,17,85,11,'13:45:00','13:45:00'),(258,18,241,1,'14:30:00','14:30:00'),(259,18,16,2,'15:18:00','15:20:00'),(260,18,204,3,'16:03:00','16:05:00'),(261,18,8,4,'16:44:00','16:45:00'),(262,18,183,5,'17:28:00','17:30:00'),(263,18,239,6,'18:14:00','18:15:00'),(264,18,69,7,'18:34:00','18:35:00'),(265,18,367,8,'19:17:00','19:20:00'),(266,18,128,9,'20:15:00','20:20:00'),(267,18,431,10,'21:03:00','21:05:00'),(268,18,86,11,'21:44:00','21:45:00'),(269,18,85,12,'22:15:00','22:15:00'),(270,19,241,1,'22:30:00','22:30:00'),(271,19,16,2,'23:18:00','23:20:00'),(272,19,204,3,'00:08:00','00:10:00'),(273,19,367,4,'03:17:00','03:20:00'),(274,19,128,5,'04:10:00','04:15:00'),(275,19,431,6,'04:58:00','05:00:00'),(276,19,85,7,'06:40:00','06:40:00'),(277,20,241,1,'17:40:00','17:40:00'),(278,20,141,2,'19:50:00','19:52:00'),(279,20,307,3,'21:44:00','21:45:00'),(280,20,81,4,'00:10:00','00:20:00'),(281,20,198,5,'01:39:00','01:40:00'),(282,20,458,6,'03:09:00','03:10:00'),(283,20,386,7,'06:33:00','06:35:00'),(284,20,67,8,'08:10:00','08:20:00'),(285,20,87,9,'08:37:00','08:40:00'),(286,20,377,10,'10:23:00','10:25:00'),(287,20,287,11,'11:45:00','11:55:00'),(288,20,312,12,'13:09:00','13:10:00'),(289,20,82,13,'14:30:00','14:32:00'),(290,20,135,14,'16:55:00','17:10:00'),(291,20,334,15,'18:03:00','18:05:00'),(292,20,169,16,'20:40:00','20:50:00'),(293,20,212,17,'22:05:00','22:10:00'),(294,20,400,18,'23:45:00','23:55:00'),(295,20,23,19,'03:50:00','04:15:00'),(296,20,178,20,'05:17:00','05:19:00'),(297,20,63,21,'05:50:00','05:52:00'),(298,20,72,22,'07:05:00','07:20:00'),(299,20,140,23,'08:25:00','08:30:00'),(300,20,78,24,'10:17:00','10:22:00'),(301,20,100,25,'11:45:00','11:45:00'),(302,21,241,1,'23:55:00','23:55:00'),(303,21,423,2,'00:33:00','00:35:00'),(304,21,16,3,'01:03:00','01:05:00'),(305,21,424,4,'01:23:00','01:25:00'),(306,21,342,5,'01:53:00','01:55:00'),(307,21,366,6,'02:35:00','02:40:00'),(308,21,203,7,'03:18:00','03:20:00'),(309,21,355,8,'03:53:00','03:55:00'),(310,21,295,9,'04:08:00','04:10:00'),(311,21,162,10,'04:48:00','04:50:00'),(312,21,196,11,'05:14:00','05:15:00'),(313,21,462,12,'05:29:00','05:30:00'),(314,21,260,13,'05:49:00','05:50:00'),(315,21,187,14,'06:29:00','06:30:00'),(316,21,428,15,'06:59:00','07:00:00'),(317,21,358,16,'07:19:00','07:20:00'),(318,21,150,17,'07:48:00','07:50:00'),(319,21,146,18,'08:30:00','08:40:00'),(320,21,297,19,'09:09:00','09:10:00'),(321,21,9,20,'09:28:00','09:30:00'),(322,21,190,21,'09:39:00','09:40:00'),(323,21,200,22,'09:49:00','09:50:00'),(324,21,236,23,'10:09:00','10:10:00'),(325,21,266,24,'10:19:00','10:20:00'),(326,21,351,25,'10:43:00','10:45:00'),(327,21,210,26,'11:15:00','11:20:00'),(328,21,368,27,'11:49:00','11:50:00'),(329,21,463,28,'12:14:00','12:15:00'),(330,21,300,29,'12:34:00','12:35:00'),(331,21,454,30,'14:55:00','15:00:00'),(332,21,375,31,'15:12:00','15:13:00'),(333,21,145,32,'15:42:00','15:45:00'),(334,21,147,33,'16:11:00','16:12:00'),(335,21,120,34,'16:39:00','16:40:00'),(336,21,20,35,'17:14:00','17:15:00'),(337,21,154,36,'17:35:00','17:37:00'),(338,21,401,37,'18:10:00','18:20:00'),(339,21,258,38,'18:49:00','18:50:00'),(340,21,232,39,'19:15:00','19:16:00'),(341,21,219,40,'19:35:00','19:37:00'),(342,21,188,41,'19:55:00','19:56:00'),(343,21,171,42,'20:14:00','20:15:00'),(344,21,48,43,'21:04:00','21:05:00'),(345,21,106,44,'21:50:00','21:55:00'),(346,21,340,45,'23:25:00','23:35:00'),(347,21,195,46,'23:44:00','23:45:00'),(348,21,230,47,'00:42:00','00:45:00'),(349,21,194,48,'01:33:00','01:35:00'),(350,21,221,49,'02:27:00','02:30:00'),(351,21,418,50,'02:42:00','02:45:00'),(352,21,119,51,'03:12:00','03:15:00'),(353,21,102,52,'03:45:00','03:45:00'),(354,22,241,1,'12:20:00','12:20:00'),(355,22,16,2,'13:23:00','13:25:00'),(356,22,424,3,'13:43:00','13:45:00'),(357,22,342,4,'14:13:00','14:15:00'),(358,22,366,5,'14:50:00','14:55:00'),(359,22,203,6,'15:29:00','15:30:00'),(360,22,355,7,'15:59:00','16:00:00'),(361,22,295,8,'16:14:00','16:15:00'),(362,22,162,9,'16:49:00','16:50:00'),(363,22,196,10,'17:09:00','17:10:00'),(364,22,462,11,'17:34:00','17:35:00'),(365,22,260,12,'17:54:00','17:55:00'),(366,22,187,13,'18:29:00','18:30:00'),(367,22,428,14,'18:54:00','18:55:00'),(368,22,150,15,'19:28:00','19:30:00'),(369,22,146,16,'20:05:00','20:25:00'),(370,22,9,17,'21:13:00','21:15:00'),(371,22,236,18,'21:49:00','21:50:00'),(372,22,351,19,'22:18:00','22:20:00'),(373,22,210,20,'22:49:00','22:50:00'),(374,22,463,21,'23:33:00','23:35:00'),(375,22,454,22,'01:40:00','01:45:00'),(376,22,375,23,'01:57:00','01:58:00'),(377,22,145,24,'02:22:00','02:25:00'),(378,22,401,25,'04:30:00','04:40:00'),(379,22,219,26,'05:55:00','05:57:00'),(380,22,106,27,'08:00:00','08:05:00'),(381,22,340,28,'09:30:00','09:35:00'),(382,22,195,29,'09:44:00','09:45:00'),(383,22,230,30,'10:43:00','10:45:00'),(384,22,221,31,'12:17:00','12:20:00'),(385,22,418,32,'12:37:00','12:40:00'),(386,22,119,33,'13:02:00','13:05:00'),(387,22,102,34,'13:35:00','13:35:00'),(388,23,241,1,'19:15:00','19:15:00'),(389,23,141,2,'21:30:00','21:32:00'),(390,23,291,3,'21:56:00','21:58:00'),(391,23,307,4,'23:23:00','23:25:00'),(392,23,96,5,'00:01:00','00:02:00'),(393,23,66,6,'00:12:00','00:13:00'),(394,23,410,7,'00:44:00','00:45:00'),(395,23,81,8,'01:55:00','02:05:00'),(396,23,198,9,'03:18:00','03:20:00'),(397,23,458,10,'04:58:00','05:00:00'),(398,23,352,11,'06:19:00','06:20:00'),(399,23,243,12,'06:33:00','06:34:00'),(400,23,386,13,'07:23:00','07:25:00'),(401,23,67,14,'08:45:00','08:55:00'),(402,23,87,15,'09:12:00','09:15:00'),(403,23,155,16,'10:17:00','10:18:00'),(404,23,377,17,'10:59:00','11:00:00'),(405,23,287,18,'12:15:00','12:25:00'),(406,23,296,19,'13:30:00','13:31:00'),(407,23,312,20,'13:49:00','13:50:00'),(408,23,25,21,'14:55:00','14:57:00'),(409,23,82,22,'15:16:00','15:17:00'),(410,23,142,23,'15:58:00','15:59:00'),(411,23,135,24,'17:15:00','17:20:00'),(412,23,152,25,'17:38:00','17:40:00'),(413,23,153,26,'18:45:00','18:47:00'),(414,23,65,27,'19:20:00','19:30:00'),(415,23,51,28,'20:07:00','20:09:00'),(416,23,41,29,'20:38:00','20:40:00'),(417,23,54,30,'21:25:00','21:30:00'),(418,23,173,31,'23:28:00','23:40:00'),(419,23,149,32,'00:50:00','00:55:00'),(420,23,262,33,'01:20:00','01:22:00'),(421,23,112,34,'01:51:00','01:53:00'),(422,23,13,35,'02:45:00','02:50:00'),(423,23,357,36,'02:58:00','03:00:00'),(424,23,264,37,'03:45:00','03:50:00'),(425,23,136,38,'05:19:00','05:21:00'),(426,23,304,39,'06:00:00','06:02:00'),(427,23,281,40,'06:30:00','06:40:00'),(428,23,108,41,'07:10:00','07:10:00'),(429,24,241,1,'22:40:00','22:40:00'),(430,24,320,2,'22:50:00','22:52:00'),(431,24,423,3,'23:24:00','23:25:00'),(432,24,16,4,'23:38:00','23:40:00'),(433,24,383,5,'00:04:00','00:05:00'),(434,24,456,6,'00:19:00','00:20:00'),(435,24,204,7,'00:43:00','00:45:00'),(436,24,151,8,'01:04:00','01:05:00'),(437,24,8,9,'01:23:00','01:25:00'),(438,24,447,10,'01:39:00','01:40:00'),(439,24,183,11,'02:33:00','02:35:00'),(440,24,421,12,'02:44:00','02:45:00'),(441,24,239,13,'03:19:00','03:20:00'),(442,24,47,14,'03:34:00','03:35:00'),(443,24,69,15,'03:49:00','03:50:00'),(444,24,367,16,'04:25:00','04:30:00'),(445,24,380,17,'05:09:00','05:10:00'),(446,24,128,18,'05:50:00','05:50:00'),(447,25,241,1,'20:00:00','20:00:00'),(448,25,16,2,'21:13:00','21:15:00'),(449,25,204,3,'22:00:00','22:02:00'),(450,25,183,4,'23:10:00','23:12:00'),(451,25,367,5,'01:20:00','01:25:00'),(452,25,128,6,'02:30:00','02:35:00'),(453,25,431,7,'03:20:00','03:22:00'),(454,25,85,8,'04:10:00','04:15:00'),(455,25,323,9,'05:25:00','05:30:00'),(456,25,310,10,'05:58:00','06:00:00'),(457,25,407,11,'06:46:00','06:49:00'),(458,25,36,12,'07:55:00','07:57:00'),(459,25,134,13,'08:45:00','08:45:00'),(460,26,241,1,'16:00:00','16:00:00'),(461,26,42,2,'16:06:00','16:07:00'),(462,26,201,3,'16:10:00','16:11:00'),(463,26,419,4,'16:14:00','16:15:00'),(464,26,435,5,'16:21:00','16:22:00'),(465,26,132,6,'16:34:00','16:35:00'),(466,26,15,7,'16:44:00','16:45:00'),(467,26,251,8,'16:54:00','16:55:00'),(468,26,332,9,'17:07:00','17:08:00'),(469,26,217,10,'17:17:00','17:18:00'),(470,26,144,11,'17:23:00','17:25:00'),(471,26,131,12,'17:30:00','17:31:00'),(472,26,19,13,'17:38:00','17:40:00'),(473,26,406,14,'17:47:00','17:48:00'),(474,26,391,15,'18:08:00','18:10:00'),(475,26,319,16,'18:21:00','18:22:00'),(476,26,125,17,'18:31:00','18:32:00'),(477,26,302,18,'18:44:00','18:45:00'),(478,26,344,19,'18:56:00','18:57:00'),(479,26,306,20,'19:04:00','19:05:00'),(480,26,141,21,'22:20:00','22:20:00'),(481,27,241,1,'14:40:00','14:40:00'),(482,27,307,2,'18:59:00','19:00:00'),(483,27,81,3,'21:35:00','21:55:00'),(484,27,356,4,'00:11:00','00:13:00'),(485,27,451,5,'04:10:00','04:30:00'),(486,27,453,6,'05:25:00','05:30:00'),(487,27,39,7,'08:31:00','08:33:00'),(488,27,216,8,'10:40:00','11:00:00'),(489,27,43,9,'11:25:00','11:30:00'),(490,27,103,10,'12:00:00','12:05:00'),(491,27,175,11,'13:00:00','13:02:00'),(492,27,191,12,'16:00:00','16:15:00'),(493,27,327,13,'16:54:00','16:55:00'),(494,27,417,14,'17:21:00','17:23:00'),(495,27,157,15,'18:30:00','18:30:00'),(496,28,241,1,'23:45:00','23:45:00'),(497,28,141,2,'01:50:00','01:52:00'),(498,28,291,3,'02:17:00','02:18:00'),(499,28,307,4,'03:44:00','03:45:00'),(500,28,96,5,'04:29:00','04:30:00'),(501,28,66,6,'04:42:00','04:44:00'),(502,28,410,7,'05:14:00','05:16:00'),(503,28,81,8,'06:25:00','06:40:00'),(504,28,129,9,'07:26:00','07:27:00'),(505,28,408,10,'07:59:00','08:00:00'),(506,28,279,11,'08:22:00','08:23:00'),(507,28,356,12,'09:09:00','09:14:00'),(508,28,387,13,'09:52:00','09:53:00'),(509,28,29,14,'10:19:00','10:20:00'),(510,28,430,15,'10:35:00','10:36:00'),(511,28,21,16,'11:21:00','11:22:00'),(512,28,451,17,'13:00:00','13:20:00'),(513,28,453,18,'14:15:00','14:20:00'),(514,28,99,19,'14:45:00','14:47:00'),(515,28,89,20,'15:18:00','15:20:00'),(516,28,301,21,'15:53:00','15:55:00'),(517,28,336,22,'16:28:00','16:30:00'),(518,28,392,23,'16:53:00','16:55:00'),(519,28,166,24,'17:09:00','17:11:00'),(520,28,39,25,'17:35:00','17:40:00'),(521,28,84,26,'17:55:00','17:57:00'),(522,28,38,27,'18:37:00','18:39:00'),(523,28,216,28,'19:50:00','20:10:00'),(524,28,43,29,'20:35:00','20:40:00'),(525,28,103,30,'21:10:00','21:15:00'),(526,28,175,31,'22:08:00','22:10:00'),(527,28,50,32,'23:17:00','23:19:00'),(528,28,57,33,'00:05:00','00:10:00'),(529,28,191,34,'01:43:00','01:48:00'),(530,28,393,35,'03:12:00','03:14:00'),(531,28,161,36,'04:00:00','04:00:00'),(532,29,241,1,'08:45:00','08:45:00'),(533,29,307,2,'12:48:00','12:50:00'),(534,29,81,3,'15:10:00','15:25:00'),(535,29,129,4,'16:09:00','16:10:00'),(536,29,408,5,'16:39:00','16:40:00'),(537,29,356,6,'17:32:00','17:37:00'),(538,29,451,7,'21:50:00','22:10:00'),(539,29,39,8,'01:55:00','01:57:00'),(540,29,216,9,'03:55:00','04:10:00'),(541,29,43,10,'04:35:00','04:40:00'),(542,29,103,11,'05:10:00','05:15:00'),(543,29,175,12,'06:08:00','06:10:00'),(544,29,50,13,'07:15:00','07:17:00'),(545,29,57,14,'08:01:00','08:06:00'),(546,29,191,15,'09:40:00','09:50:00'),(547,29,393,16,'11:12:00','11:13:00'),(548,29,161,17,'11:50:00','11:50:00'),(549,30,241,1,'16:45:00','16:45:00'),(550,30,391,2,'17:58:00','18:00:00'),(551,30,302,3,'18:23:00','18:25:00'),(552,30,141,4,'19:15:00','19:18:00'),(553,30,291,5,'19:44:00','19:45:00'),(554,30,77,6,'20:14:00','20:15:00'),(555,30,218,7,'20:29:00','20:30:00'),(556,30,385,8,'20:54:00','20:55:00'),(557,30,307,9,'21:26:00','21:27:00'),(558,30,96,10,'22:02:00','22:03:00'),(559,30,66,11,'22:14:00','22:15:00'),(560,30,282,12,'22:32:00','22:33:00'),(561,30,410,13,'23:16:00','23:17:00'),(562,30,143,14,'23:55:00','00:15:00'),(563,30,370,15,'00:55:00','00:56:00'),(564,30,322,16,'01:19:00','01:20:00'),(565,30,280,17,'01:40:00','01:41:00'),(566,30,448,18,'01:57:00','01:58:00'),(567,30,263,19,'02:20:00','02:21:00'),(568,30,289,20,'02:50:00','02:51:00'),(569,30,373,21,'05:15:00','05:20:00'),(570,30,163,22,'05:45:00','05:45:00'),(571,31,241,1,'18:10:00','18:10:00'),(572,31,391,2,'19:18:00','19:20:00'),(573,31,302,3,'19:43:00','19:45:00'),(574,31,141,4,'20:40:00','20:45:00'),(575,31,291,5,'21:10:00','21:11:00'),(576,31,218,6,'21:48:00','21:49:00'),(577,31,307,7,'22:42:00','22:43:00'),(578,31,96,8,'23:18:00','23:19:00'),(579,31,410,9,'00:14:00','00:15:00'),(580,31,81,10,'01:10:00','01:20:00'),(581,31,198,11,'02:28:00','02:30:00'),(582,31,114,12,'02:59:00','03:00:00'),(583,31,233,13,'03:19:00','03:20:00'),(584,31,458,14,'04:13:00','04:15:00'),(585,31,223,15,'04:40:00','04:42:00'),(586,31,373,16,'07:15:00','07:20:00'),(587,31,163,17,'08:00:00','08:00:00'),(588,32,241,1,'17:40:00','17:40:00'),(589,32,141,2,'19:50:00','19:52:00'),(590,32,291,3,'20:17:00','20:18:00'),(591,32,81,4,'00:10:00','00:20:00'),(592,32,458,5,'03:09:00','03:10:00'),(593,32,243,6,'05:34:00','05:35:00'),(594,32,386,7,'06:24:00','06:25:00'),(595,32,67,8,'07:50:00','08:00:00'),(596,32,87,9,'08:18:00','08:20:00'),(597,32,155,10,'09:23:00','09:24:00'),(598,32,377,11,'09:59:00','10:00:00'),(599,32,287,12,'11:05:00','11:15:00'),(600,32,184,13,'12:02:00','12:03:00'),(601,32,312,14,'12:37:00','12:38:00'),(602,32,82,15,'14:04:00','14:05:00'),(603,32,135,16,'15:55:00','16:00:00'),(604,32,153,17,'17:23:00','17:25:00'),(605,32,65,18,'17:55:00','18:05:00'),(606,32,53,19,'18:34:00','18:36:00'),(607,32,378,20,'18:56:00','18:58:00'),(608,32,384,21,'19:34:00','19:36:00'),(609,32,44,22,'20:12:00','20:14:00'),(610,32,440,23,'21:25:00','21:35:00'),(611,32,274,24,'22:45:00','23:10:00'),(612,32,446,25,'23:36:00','23:38:00'),(613,32,381,26,'00:14:00','00:16:00'),(614,32,79,27,'00:38:00','00:40:00'),(615,32,359,28,'01:00:00','01:02:00'),(616,32,202,29,'01:45:00','01:55:00'),(617,32,404,30,'03:40:00','04:00:00'),(618,32,118,31,'05:45:00','05:46:00'),(619,32,180,32,'06:15:00','06:15:00'),(620,33,241,1,'17:55:00','17:55:00'),(621,33,320,2,'18:05:00','18:07:00'),(622,33,423,3,'18:33:00','18:35:00'),(623,33,16,4,'18:58:00','19:00:00'),(624,33,104,5,'19:09:00','19:10:00'),(625,33,34,6,'19:14:00','19:15:00'),(626,33,383,7,'19:24:00','19:25:00'),(627,33,456,8,'19:39:00','19:40:00'),(628,33,244,9,'19:49:00','19:50:00'),(629,33,204,10,'20:08:00','20:10:00'),(630,33,151,11,'20:29:00','20:30:00'),(631,33,445,12,'20:39:00','20:40:00'),(632,33,261,13,'20:49:00','20:50:00'),(633,33,8,14,'21:04:00','21:05:00'),(634,33,447,15,'21:19:00','21:20:00'),(635,33,183,16,'22:20:00','22:20:00'),(636,34,241,1,'05:15:00','05:15:00'),(637,34,391,2,'06:28:00','06:30:00'),(638,34,302,3,'06:53:00','06:55:00'),(639,34,141,4,'08:15:00','08:17:00'),(640,34,291,5,'08:42:00','08:43:00'),(641,34,77,6,'09:09:00','09:10:00'),(642,34,218,7,'09:27:00','09:28:00'),(643,34,385,8,'09:53:00','09:54:00'),(644,34,307,9,'10:25:00','10:26:00'),(645,34,96,10,'11:00:00','11:01:00'),(646,34,66,11,'11:13:00','11:14:00'),(647,34,282,12,'11:37:00','11:38:00'),(648,34,410,13,'12:19:00','12:20:00'),(649,34,285,14,'12:50:00','12:52:00'),(650,34,81,15,'14:30:00','14:50:00'),(651,34,465,16,'15:39:00','15:40:00'),(652,34,198,17,'16:24:00','16:25:00'),(653,34,114,18,'16:49:00','16:50:00'),(654,34,233,19,'17:07:00','17:08:00'),(655,34,186,20,'17:17:00','17:18:00'),(656,34,458,21,'18:03:00','18:08:00'),(657,34,177,22,'18:59:00','19:00:00'),(658,34,318,23,'19:24:00','19:25:00'),(659,34,352,24,'19:42:00','19:43:00'),(660,34,243,25,'19:59:00','20:00:00'),(661,34,64,26,'20:14:00','20:15:00'),(662,34,386,27,'20:49:00','20:50:00'),(663,34,67,28,'22:40:00','22:50:00'),(664,34,87,29,'23:08:00','23:09:00'),(665,34,252,30,'23:39:00','23:40:00'),(666,34,460,31,'23:52:00','23:53:00'),(667,34,155,32,'00:24:00','00:25:00'),(668,34,377,33,'01:09:00','01:10:00'),(669,34,287,34,'02:35:00','02:45:00'),(670,34,312,35,'04:04:00','04:05:00'),(671,34,267,36,'04:49:00','04:50:00'),(672,34,25,37,'05:15:00','05:17:00'),(673,34,82,38,'05:34:00','05:35:00'),(674,34,142,39,'06:14:00','06:15:00'),(675,34,135,40,'08:00:00','08:10:00'),(676,34,65,41,'09:45:00','09:50:00'),(677,34,54,42,'12:30:00','12:35:00'),(678,34,225,43,'13:27:00','13:29:00'),(679,34,173,44,'14:45:00','14:57:00'),(680,34,309,45,'16:30:00','16:35:00'),(681,34,97,46,'19:05:00','19:15:00'),(682,34,229,47,'20:40:00','20:40:00'),(683,35,241,1,'15:15:00','15:15:00'),(684,35,16,2,'16:18:00','16:20:00'),(685,35,366,3,'17:55:00','18:00:00'),(686,35,162,4,'19:43:00','19:45:00'),(687,35,462,5,'20:19:00','20:20:00'),(688,35,150,6,'22:29:00','22:30:00'),(689,35,146,7,'23:05:00','23:10:00'),(690,35,9,8,'23:53:00','23:55:00'),(691,35,236,9,'00:33:00','00:35:00'),(692,35,351,10,'01:03:00','01:05:00'),(693,35,463,11,'02:00:00','02:02:00'),(694,35,454,12,'04:00:00','04:05:00'),(695,35,145,13,'04:37:00','04:40:00'),(696,35,401,14,'06:40:00','06:50:00'),(697,35,340,15,'11:50:00','12:00:00'),(698,35,221,16,'15:02:00','15:05:00'),(699,35,231,17,'16:00:00','16:00:00'),(700,36,241,1,'20:20:00','20:20:00'),(701,36,423,2,'20:49:00','20:50:00'),(702,36,16,3,'21:08:00','21:10:00'),(703,36,456,4,'21:39:00','21:40:00'),(704,36,204,5,'21:58:00','22:00:00'),(705,36,183,6,'23:23:00','23:25:00'),(706,36,367,7,'00:52:00','00:55:00'),(707,36,128,8,'01:50:00','01:55:00'),(708,36,431,9,'02:38:00','02:40:00'),(709,36,338,10,'03:28:00','03:30:00'),(710,36,323,11,'04:30:00','04:35:00'),(711,36,310,12,'04:58:00','05:00:00'),(712,36,394,13,'05:30:00','05:40:00'),(713,36,337,14,'05:58:00','06:00:00'),(714,36,214,15,'06:23:00','06:25:00'),(715,36,413,16,'06:48:00','06:50:00'),(716,36,405,17,'06:58:00','07:00:00'),(717,36,321,18,'07:09:00','07:10:00'),(718,36,137,19,'07:34:00','07:35:00'),(719,36,95,20,'07:55:00','08:00:00'),(720,36,345,21,'08:24:00','08:25:00'),(721,36,46,22,'08:38:00','08:40:00'),(722,36,235,23,'08:49:00','08:50:00'),(723,36,416,24,'09:03:00','09:05:00'),(724,36,83,25,'09:30:00','09:35:00'),(725,36,315,26,'09:53:00','09:55:00'),(726,36,314,27,'10:03:00','10:05:00'),(727,36,91,28,'10:18:00','10:20:00'),(728,36,222,29,'10:38:00','10:40:00'),(729,36,192,30,'10:58:00','11:00:00'),(730,36,240,31,'12:25:00','12:25:00'),(731,37,241,1,'17:00:00','17:00:00'),(732,37,204,2,'18:38:00','18:40:00'),(733,37,239,3,'20:38:00','20:40:00'),(734,37,367,4,'21:37:00','21:40:00'),(735,37,128,5,'22:40:00','22:45:00'),(736,37,431,6,'23:28:00','23:30:00'),(737,37,338,7,'00:34:00','00:35:00'),(738,37,323,8,'01:45:00','01:50:00'),(739,37,394,9,'02:30:00','02:40:00'),(740,37,413,10,'03:28:00','03:30:00'),(741,37,95,11,'04:20:00','04:25:00'),(742,37,46,12,'05:08:00','05:10:00'),(743,37,416,13,'05:28:00','05:30:00'),(744,37,83,14,'06:05:00','06:10:00'),(745,37,314,15,'06:48:00','06:50:00'),(746,37,222,16,'07:18:00','07:20:00'),(747,37,192,17,'07:38:00','07:40:00'),(748,37,240,18,'09:05:00','09:05:00'),(749,38,241,1,'12:05:00','12:05:00'),(750,38,16,2,'12:58:00','13:00:00'),(751,38,456,3,'13:29:00','13:30:00'),(752,38,204,4,'13:53:00','13:55:00'),(753,38,183,5,'15:14:00','15:15:00'),(754,38,421,6,'15:27:00','15:28:00'),(755,38,239,7,'16:04:00','16:05:00'),(756,38,69,8,'16:23:00','16:25:00'),(757,38,367,9,'17:07:00','17:10:00'),(758,38,380,10,'17:43:00','17:45:00'),(759,38,128,11,'18:10:00','18:15:00'),(760,38,431,12,'18:58:00','19:00:00'),(761,38,85,13,'19:47:00','19:50:00'),(762,38,338,14,'20:13:00','20:15:00'),(763,38,323,15,'21:20:00','21:25:00'),(764,38,310,16,'21:48:00','21:50:00'),(765,38,394,17,'22:10:00','22:20:00'),(766,38,214,18,'22:48:00','22:50:00'),(767,38,413,19,'23:03:00','23:05:00'),(768,38,321,20,'23:18:00','23:20:00'),(769,38,95,21,'23:50:00','23:55:00'),(770,38,46,22,'00:28:00','00:30:00'),(771,38,416,23,'00:48:00','00:50:00'),(772,38,83,24,'01:25:00','01:30:00'),(773,38,206,25,'01:44:00','01:45:00'),(774,38,314,26,'01:58:00','02:00:00'),(775,38,91,27,'02:13:00','02:15:00'),(776,38,290,28,'02:23:00','02:25:00'),(777,38,222,29,'02:38:00','02:40:00'),(778,38,192,30,'02:58:00','03:00:00'),(779,38,240,31,'04:30:00','04:30:00'),(780,39,241,1,'22:30:00','22:30:00'),(781,39,204,2,'00:03:00','00:05:00'),(782,39,367,3,'02:55:00','03:05:00'),(783,39,209,4,'04:38:00','04:40:00'),(784,39,109,5,'06:03:00','06:05:00'),(785,39,246,6,'07:20:00','07:20:00'),(786,40,241,1,'22:30:00','22:30:00'),(787,40,367,2,'02:55:00','03:05:00'),(788,40,246,3,'07:10:00','07:10:00'),(789,41,241,1,'21:05:00','21:05:00'),(790,41,16,2,'22:03:00','22:05:00'),(791,41,204,3,'22:53:00','22:55:00'),(792,41,367,4,'01:47:00','01:50:00'),(793,41,128,5,'02:47:00','02:50:00'),(794,41,431,6,'03:33:00','03:35:00'),(795,41,86,7,'04:19:00','04:20:00'),(796,41,85,8,'05:00:00','05:15:00'),(797,41,265,9,'06:15:00','06:15:00'),(798,42,241,1,'23:30:00','23:30:00'),(799,42,16,2,'00:18:00','00:20:00'),(800,42,204,3,'01:08:00','01:10:00'),(801,42,183,4,'02:43:00','02:45:00'),(802,42,80,5,'03:48:00','03:50:00'),(803,42,193,6,'04:43:00','04:45:00'),(804,42,58,7,'04:48:00','05:00:00'),(805,42,371,8,'05:30:00','05:40:00'),(806,42,189,9,'05:57:00','05:58:00'),(807,42,270,10,'06:58:00','07:00:00'),(808,42,271,11,'08:20:00','08:20:00'),(809,43,241,1,'06:00:00','06:00:00'),(810,43,204,2,'07:38:00','07:40:00'),(811,43,371,3,'10:50:00','11:00:00'),(812,43,271,4,'13:00:00','13:00:00'),(813,44,241,1,'21:15:00','21:15:00'),(814,44,423,2,'21:49:00','21:50:00'),(815,44,16,3,'22:15:00','22:17:00'),(816,44,34,4,'22:29:00','22:30:00'),(817,44,383,5,'22:44:00','22:45:00'),(818,44,456,6,'22:59:00','23:00:00'),(819,44,204,7,'23:28:00','23:30:00'),(820,44,8,8,'00:09:00','00:10:00'),(821,44,183,9,'00:50:00','00:55:00'),(822,44,205,10,'01:24:00','01:25:00'),(823,44,80,11,'01:53:00','01:55:00'),(824,44,455,12,'02:29:00','02:30:00'),(825,44,193,13,'02:38:00','02:40:00'),(826,44,59,14,'02:49:00','02:50:00'),(827,44,58,15,'02:58:00','03:00:00'),(828,44,371,16,'03:45:00','04:00:00'),(829,44,189,17,'04:19:00','04:20:00'),(830,44,52,18,'04:35:00','04:36:00'),(831,44,360,19,'04:44:00','04:45:00'),(832,44,101,20,'04:54:00','04:55:00'),(833,44,234,21,'05:14:00','05:15:00'),(834,44,270,22,'05:34:00','05:35:00'),(835,44,311,23,'05:59:00','06:00:00'),(836,44,271,24,'06:50:00','06:50:00'),(837,45,241,1,'18:20:00','18:20:00'),(838,45,16,2,'19:08:00','19:10:00'),(839,45,204,3,'19:58:00','20:00:00'),(840,45,183,4,'21:28:00','21:30:00'),(841,45,421,5,'21:41:00','21:42:00'),(842,45,239,6,'22:09:00','22:10:00'),(843,45,367,7,'23:02:00','23:05:00'),(844,45,128,8,'00:20:00','00:30:00'),(845,45,209,9,'01:32:00','01:35:00'),(846,45,420,10,'03:25:00','03:35:00'),(847,45,109,11,'04:48:00','04:50:00'),(848,45,207,12,'05:09:00','05:10:00'),(849,45,246,13,'06:05:00','06:10:00'),(850,45,449,14,'06:48:00','06:50:00'),(851,45,395,15,'07:09:00','07:10:00'),(852,45,105,16,'07:29:00','07:30:00'),(853,45,247,17,'08:14:00','08:15:00'),(854,45,411,18,'09:35:00','09:40:00'),(855,45,276,19,'11:05:00','11:05:00'),(856,46,241,1,'22:00:00','22:00:00'),(857,46,81,2,'04:10:00','04:20:00'),(858,46,458,3,'07:03:00','07:05:00'),(859,46,67,4,'11:00:00','11:10:00'),(860,46,287,5,'14:10:00','14:20:00'),(861,46,135,6,'18:40:00','18:45:00'),(862,46,65,7,'20:10:00','20:20:00'),(863,46,173,8,'00:16:00','00:28:00'),(864,46,149,9,'01:37:00','01:40:00'),(865,46,13,10,'03:50:00','03:53:00'),(866,46,304,11,'06:42:00','06:44:00'),(867,46,281,12,'07:05:00','07:05:00'),(868,47,241,1,'11:00:00','11:00:00'),(869,47,291,2,'13:40:00','13:41:00'),(870,47,307,3,'15:04:00','15:05:00'),(871,47,81,4,'17:40:00','17:55:00'),(872,47,129,5,'18:41:00','18:42:00'),(873,47,21,6,'22:39:00','22:40:00'),(874,47,123,7,'23:38:00','23:40:00'),(875,47,451,8,'00:10:00','00:30:00'),(876,47,453,9,'01:28:00','01:30:00'),(877,47,39,10,'04:25:00','04:27:00'),(878,47,216,11,'06:35:00','06:55:00'),(879,47,43,12,'07:20:00','07:25:00'),(880,47,156,13,'12:06:00','12:08:00'),(881,47,68,14,'14:06:00','14:08:00'),(882,47,11,15,'15:00:00','15:10:00'),(883,47,32,16,'16:15:00','16:30:00'),(884,47,110,17,'17:25:00','17:45:00'),(885,47,364,18,'20:25:00','20:30:00'),(886,47,255,19,'23:20:00','23:35:00'),(887,47,61,20,'01:00:00','01:02:00'),(888,47,199,21,'01:51:00','01:53:00'),(889,47,288,22,'04:30:00','04:30:00'),(890,48,241,1,'09:10:00','09:10:00'),(891,48,16,2,'10:13:00','10:15:00'),(892,48,424,3,'10:33:00','10:35:00'),(893,48,342,4,'11:03:00','11:05:00'),(894,48,366,5,'11:30:00','11:35:00'),(895,48,355,6,'12:39:00','12:40:00'),(896,48,162,7,'13:33:00','13:35:00'),(897,48,462,8,'14:09:00','14:10:00'),(898,48,428,9,'15:09:00','15:10:00'),(899,48,150,10,'15:59:00','16:00:00'),(900,48,111,11,'17:14:00','17:15:00'),(901,48,208,12,'18:05:00','18:07:00'),(902,48,148,13,'19:12:00','19:13:00'),(903,48,242,14,'20:59:00','21:00:00'),(904,48,185,15,'23:25:00','23:40:00'),(905,48,250,16,'00:24:00','00:25:00'),(906,48,197,17,'01:45:00','01:46:00'),(907,48,303,18,'03:08:00','03:10:00'),(908,48,76,19,'03:42:00','03:43:00'),(909,48,268,20,'04:45:00','04:47:00'),(910,48,283,21,'05:10:00','05:15:00'),(911,48,313,22,'05:53:00','05:55:00'),(912,48,317,23,'06:28:00','06:30:00'),(913,48,167,24,'08:13:00','08:15:00'),(914,48,35,25,'09:40:00','09:45:00'),(915,48,299,26,'11:55:00','11:55:00'),(916,49,241,1,'06:40:00','06:40:00'),(917,49,81,2,'12:30:00','12:40:00'),(918,49,67,3,'18:10:00','18:15:00'),(919,49,287,4,'20:55:00','21:05:00'),(920,49,153,5,'02:12:00','02:17:00'),(921,49,173,6,'05:45:00','05:50:00'),(922,49,304,7,'10:35:00','10:35:00'),(923,50,241,1,'06:10:00','06:10:00'),(924,50,81,2,'11:50:00','12:05:00'),(925,50,458,3,'14:39:00','14:40:00'),(926,50,67,4,'17:50:00','18:00:00'),(927,50,287,5,'20:35:00','20:45:00'),(928,50,65,6,'02:00:00','02:10:00'),(929,50,173,7,'05:26:00','05:31:00'),(930,50,149,8,'06:30:00','06:32:00'),(931,50,13,9,'07:55:00','07:57:00'),(932,50,304,10,'10:25:00','10:25:00'),(933,51,241,1,'06:10:00','06:10:00'),(934,51,141,2,'08:00:00','08:01:00'),(935,51,307,3,'09:49:00','09:50:00'),(936,51,81,4,'11:50:00','12:05:00'),(937,51,67,5,'17:50:00','18:00:00'),(938,51,287,6,'20:35:00','20:45:00'),(939,51,65,7,'02:00:00','02:10:00'),(940,51,173,8,'05:26:00','05:31:00'),(941,51,149,9,'06:30:00','06:32:00'),(942,51,13,10,'07:55:00','07:57:00'),(943,51,304,11,'10:25:00','10:25:00'),(944,52,241,1,'21:40:00','21:40:00'),(945,52,16,2,'22:38:00','22:40:00'),(946,52,204,3,'23:33:00','23:35:00'),(947,52,151,4,'23:54:00','23:55:00'),(948,52,183,5,'00:54:00','00:55:00'),(949,52,367,6,'02:40:00','02:50:00'),(950,52,350,7,'03:14:00','03:15:00'),(951,52,292,8,'03:44:00','03:45:00'),(952,52,259,9,'03:59:00','04:00:00'),(953,52,209,10,'04:23:00','04:25:00'),(954,52,109,11,'05:40:00','06:10:00'),(955,52,30,12,'06:25:00','06:26:00'),(956,52,305,13,'06:48:00','06:49:00'),(957,52,90,14,'06:59:00','07:00:00'),(958,52,328,15,'07:15:00','07:20:00'),(959,52,438,16,'08:04:00','08:05:00'),(960,52,333,17,'09:00:00','09:05:00'),(961,52,324,18,'10:05:00','10:10:00'),(962,52,323,19,'11:00:00','11:00:00'),(963,53,241,1,'16:25:00','16:25:00'),(964,53,391,2,'17:38:00','17:40:00'),(965,53,302,3,'18:00:00','18:05:00'),(966,53,141,4,'19:06:00','19:08:00'),(967,53,291,5,'19:33:00','19:34:00'),(968,53,307,6,'20:59:00','21:00:00'),(969,53,410,7,'22:27:00','22:28:00'),(970,53,81,8,'23:35:00','23:45:00'),(971,53,129,9,'00:36:00','00:37:00'),(972,53,356,10,'02:01:00','02:03:00'),(973,53,387,11,'02:41:00','02:42:00'),(974,53,451,12,'06:15:00','06:35:00'),(975,53,453,13,'07:35:00','07:40:00'),(976,53,89,14,'08:33:00','08:35:00'),(977,53,336,15,'09:48:00','09:50:00'),(978,53,392,16,'10:13:00','10:15:00'),(979,53,39,17,'10:50:00','10:55:00'),(980,53,84,18,'11:10:00','11:12:00'),(981,53,38,19,'11:56:00','11:58:00'),(982,53,216,20,'13:20:00','13:50:00'),(983,53,341,21,'14:55:00','14:55:00'),(984,54,241,1,'18:20:00','18:20:00'),(985,54,16,2,'19:32:00','19:34:00'),(986,54,204,3,'20:25:00','20:27:00'),(987,54,183,4,'21:47:00','21:52:00'),(988,54,367,5,'23:30:00','23:32:00'),(989,54,128,6,'00:35:00','00:45:00'),(990,54,431,7,'01:22:00','01:24:00'),(991,54,85,8,'02:19:00','02:24:00'),(992,54,323,9,'03:25:00','03:30:00'),(993,54,407,10,'05:18:00','05:20:00'),(994,54,36,11,'06:23:00','06:25:00'),(995,54,133,12,'07:15:00','07:20:00'),(996,54,215,13,'08:28:00','08:30:00'),(997,54,88,14,'09:04:00','09:10:00'),(998,54,426,15,'09:26:00','09:28:00'),(999,54,98,16,'09:38:00','09:40:00'),(1000,54,269,17,'09:56:00','09:58:00'),(1001,54,220,18,'10:10:00','10:12:00'),(1002,54,347,19,'11:00:00','11:00:00'),(1003,55,241,1,'22:30:00','22:30:00'),(1004,55,16,2,'23:42:00','23:44:00'),(1005,55,204,3,'00:32:00','00:34:00'),(1006,55,183,4,'01:55:00','02:00:00'),(1007,55,367,5,'03:25:00','03:30:00'),(1008,55,128,6,'04:30:00','04:35:00'),(1009,55,431,7,'05:20:00','05:22:00'),(1010,55,85,8,'06:25:00','06:30:00'),(1011,55,323,9,'07:30:00','07:35:00'),(1012,55,407,10,'09:05:00','09:07:00'),(1013,55,36,11,'10:05:00','10:07:00'),(1014,55,133,12,'10:30:00','10:35:00'),(1015,55,215,13,'11:58:00','12:00:00'),(1016,55,88,14,'12:18:00','12:20:00'),(1017,55,426,15,'12:30:00','12:40:00'),(1018,55,98,16,'12:52:00','12:54:00'),(1019,55,220,17,'13:20:00','13:25:00'),(1020,55,347,18,'14:30:00','14:30:00'),(1021,56,241,1,'18:20:00','18:20:00'),(1022,56,16,2,'19:32:00','19:34:00'),(1023,56,204,3,'20:25:00','20:27:00'),(1024,56,183,4,'21:47:00','21:52:00'),(1025,56,367,5,'23:30:00','23:32:00'),(1026,56,128,6,'00:34:00','00:39:00'),(1027,56,431,7,'01:22:00','01:24:00'),(1028,56,85,8,'02:19:00','02:24:00'),(1029,56,323,9,'03:40:00','03:45:00'),(1030,56,407,10,'05:18:00','05:20:00'),(1031,56,36,11,'06:23:00','06:25:00'),(1032,56,133,12,'07:15:00','07:20:00'),(1033,56,215,13,'08:28:00','08:30:00'),(1034,56,88,14,'09:04:00','09:10:00'),(1035,56,426,15,'09:26:00','09:28:00'),(1036,56,98,16,'09:38:00','09:40:00'),(1037,56,269,17,'09:46:00','09:47:00'),(1038,56,220,18,'09:50:00','09:52:00'),(1039,56,347,19,'10:30:00','10:30:00'),(1040,57,241,1,'00:00:00','22:30:00'),(1041,57,16,2,'23:42:00','23:44:00'),(1042,57,204,3,'00:32:00','00:34:00'),(1043,57,183,4,'01:55:00','02:00:00'),(1044,57,367,5,'03:25:00','03:30:00'),(1045,57,128,6,'04:30:00','04:35:00'),(1046,57,431,7,'05:20:00','05:22:00'),(1047,57,85,8,'06:25:00','06:30:00'),(1048,57,323,9,'07:30:00','07:35:00'),(1049,57,407,10,'09:05:00','09:07:00'),(1050,57,36,11,'10:05:00','10:07:00'),(1051,57,133,12,'10:30:00','10:35:00'),(1052,57,215,13,'11:58:00','12:00:00'),(1053,57,88,14,'12:18:00','12:20:00'),(1054,57,426,15,'12:30:00','12:40:00'),(1055,57,98,16,'12:52:00','12:54:00'),(1056,57,220,17,'13:20:00','13:25:00'),(1057,57,347,18,'14:30:00','00:00:00'),(1058,58,241,1,'13:35:00','13:35:00'),(1059,58,423,2,'14:03:00','14:05:00'),(1060,58,16,3,'14:28:00','14:30:00'),(1061,58,383,4,'14:48:00','14:50:00'),(1062,58,456,5,'15:03:00','15:05:00'),(1063,58,244,6,'15:13:00','15:15:00'),(1064,58,204,7,'15:28:00','15:30:00'),(1065,58,151,8,'15:48:00','15:50:00'),(1066,58,8,9,'16:23:00','16:25:00'),(1067,58,447,10,'16:38:00','16:40:00'),(1068,58,183,11,'17:13:00','17:15:00'),(1069,58,205,12,'17:44:00','17:45:00'),(1070,58,80,13,'18:14:00','18:15:00'),(1071,58,256,14,'18:44:00','18:45:00'),(1072,58,455,15,'18:59:00','19:00:00'),(1073,58,193,16,'19:13:00','19:15:00'),(1074,58,59,17,'19:24:00','19:25:00'),(1075,58,58,18,'19:33:00','19:35:00'),(1076,58,371,19,'20:05:00','20:05:00'),(1077,59,241,1,'07:50:00','07:50:00'),(1078,59,16,2,'08:48:00','08:50:00'),(1079,59,456,3,'09:18:00','09:20:00'),(1080,59,204,4,'09:38:00','09:40:00'),(1081,59,8,5,'10:18:00','10:20:00'),(1082,59,447,6,'10:33:00','10:35:00'),(1083,59,183,7,'11:05:00','11:07:00'),(1084,59,205,8,'11:33:00','11:35:00'),(1085,59,80,9,'12:03:00','12:05:00'),(1086,59,193,10,'12:48:00','12:50:00'),(1087,59,58,11,'13:18:00','13:20:00'),(1088,59,371,12,'14:00:00','14:00:00'),(1089,60,241,1,'23:15:00','23:15:00'),(1090,60,16,2,'00:03:00','00:05:00'),(1091,60,204,3,'00:53:00','00:55:00'),(1092,60,183,4,'02:23:00','02:25:00'),(1093,60,80,5,'03:28:00','03:30:00'),(1094,60,59,6,'04:24:00','04:25:00'),(1095,60,58,7,'04:33:00','04:35:00'),(1096,60,371,8,'05:10:00','05:10:00'),(1097,61,241,1,'07:25:00','07:25:00'),(1098,61,16,2,'08:18:00','08:20:00'),(1099,61,204,3,'09:03:00','09:05:00'),(1100,61,8,4,'09:49:00','09:50:00'),(1101,61,447,5,'10:03:00','10:05:00'),(1102,61,183,6,'10:33:00','10:35:00'),(1103,61,205,7,'10:59:00','11:00:00'),(1104,61,80,8,'11:33:00','11:35:00'),(1105,61,193,9,'12:18:00','12:20:00'),(1106,61,58,10,'12:33:00','12:35:00'),(1107,61,371,11,'13:10:00','13:10:00'),(1108,62,241,1,'17:30:00','17:30:00'),(1109,62,204,2,'19:08:00','19:10:00'),(1110,62,58,3,'22:09:00','22:10:00'),(1111,62,371,4,'22:30:00','22:30:00'),(1112,63,241,1,'15:35:00','15:35:00'),(1113,63,320,2,'15:46:00','15:47:00'),(1114,63,16,3,'16:28:00','16:30:00'),(1115,63,456,4,'17:04:00','17:05:00'),(1116,63,204,5,'17:28:00','17:30:00'),(1117,63,8,6,'18:08:00','18:10:00'),(1118,63,183,7,'18:53:00','18:55:00'),(1119,63,205,8,'19:23:00','19:25:00'),(1120,63,80,9,'19:58:00','20:00:00'),(1121,63,193,10,'20:43:00','20:45:00'),(1122,63,58,11,'21:08:00','21:10:00'),(1123,63,371,12,'21:35:00','21:35:00'),(1124,64,241,1,'16:25:00','16:25:00'),(1125,64,391,2,'17:38:00','17:40:00'),(1126,64,302,3,'18:00:00','18:05:00'),(1127,64,141,4,'19:06:00','19:08:00'),(1128,64,291,5,'19:33:00','19:34:00'),(1129,64,307,6,'20:59:00','21:00:00'),(1130,64,81,7,'23:35:00','23:45:00'),(1131,64,129,8,'00:36:00','00:37:00'),(1132,64,356,9,'02:01:00','02:03:00'),(1133,64,387,10,'02:41:00','02:42:00'),(1134,64,451,11,'06:15:00','06:35:00'),(1135,64,453,12,'07:35:00','07:40:00'),(1136,64,336,13,'09:48:00','09:50:00'),(1137,64,39,14,'10:50:00','10:55:00'),(1138,64,216,15,'13:10:00','13:30:00'),(1139,64,43,16,'13:55:00','14:00:00'),(1140,64,103,17,'14:30:00','14:35:00'),(1141,64,175,18,'15:28:00','15:30:00'),(1142,64,50,19,'16:38:00','16:40:00'),(1143,64,57,20,'17:25:00','17:27:00'),(1144,64,170,21,'18:03:00','18:05:00'),(1145,64,191,22,'19:20:00','19:25:00'),(1146,64,393,23,'21:04:00','21:06:00'),(1147,64,382,24,'21:30:00','21:30:00'),(1148,65,241,1,'00:00:00','10:10:00'),(1149,65,16,2,'11:03:00','11:05:00'),(1150,65,204,3,'11:53:00','11:55:00'),(1151,65,183,4,'13:18:00','13:20:00'),(1152,65,80,5,'14:23:00','14:25:00'),(1153,65,256,6,'14:54:00','14:55:00'),(1154,65,193,7,'15:28:00','15:30:00'),(1155,65,464,8,'16:04:00','16:05:00'),(1156,65,159,9,'17:18:00','17:20:00'),(1157,65,398,10,'18:13:00','18:15:00'),(1158,65,115,11,'19:08:00','19:10:00'),(1159,65,33,12,'19:38:00','19:40:00'),(1160,65,146,13,'21:00:00','21:10:00'),(1161,65,9,14,'21:53:00','21:55:00'),(1162,65,236,15,'22:28:00','22:30:00'),(1163,65,351,16,'23:00:00','23:02:00'),(1164,65,454,17,'01:00:00','01:05:00'),(1165,65,145,18,'01:42:00','01:45:00'),(1166,65,401,19,'03:50:00','04:00:00'),(1167,65,106,20,'06:45:00','06:55:00'),(1168,65,27,21,'08:47:00','08:50:00'),(1169,65,316,22,'10:30:00','10:45:00'),(1170,65,389,23,'11:30:00','00:00:00'),(1171,66,241,1,'08:10:00','08:10:00'),(1172,66,391,2,'09:18:00','09:20:00'),(1173,66,141,3,'10:18:00','10:20:00'),(1174,66,291,4,'10:44:00','10:45:00'),(1175,66,307,5,'12:00:00','12:01:00'),(1176,66,81,6,'14:15:00','14:35:00'),(1177,66,408,7,'15:49:00','15:50:00'),(1178,66,356,8,'16:40:00','16:42:00'),(1179,66,387,9,'17:19:00','17:20:00'),(1180,66,451,10,'20:35:00','20:55:00'),(1181,66,453,11,'21:50:00','21:55:00'),(1182,66,216,12,'03:00:00','03:15:00'),(1183,66,43,13,'03:40:00','03:45:00'),(1184,66,103,14,'04:15:00','04:20:00'),(1185,66,50,15,'06:08:00','06:10:00'),(1186,66,57,16,'06:53:00','06:55:00'),(1187,66,191,17,'08:32:00','08:37:00'),(1188,66,393,18,'10:25:00','10:25:00'),(1189,67,241,1,'18:20:00','18:20:00'),(1190,67,291,2,'21:40:00','21:42:00'),(1191,67,81,3,'01:35:00','01:45:00'),(1192,67,356,4,'04:01:00','04:03:00'),(1193,67,123,5,'07:40:00','07:42:00'),(1194,67,451,6,'08:15:00','08:45:00'),(1195,67,216,7,'15:05:00','15:15:00'),(1196,67,43,8,'15:45:00','15:50:00'),(1197,67,103,9,'16:15:00','16:20:00'),(1198,67,50,10,'18:38:00','18:40:00'),(1199,67,191,11,'21:20:00','21:25:00'),(1200,67,393,12,'23:30:00','23:30:00'),(1201,68,241,1,'15:15:00','15:15:00'),(1202,68,141,2,'17:40:00','17:42:00'),(1203,68,291,3,'18:10:00','18:12:00'),(1204,68,307,4,'19:36:00','19:38:00'),(1205,68,81,5,'22:00:00','22:15:00'),(1206,68,129,6,'23:07:00','23:09:00'),(1207,68,356,7,'01:15:00','01:17:00'),(1208,68,387,8,'01:53:00','01:55:00'),(1209,68,21,9,'03:40:00','03:42:00'),(1210,68,451,10,'05:10:00','05:30:00'),(1211,68,453,11,'06:25:00','06:27:00'),(1212,68,39,12,'09:09:00','09:11:00'),(1213,68,216,13,'11:10:00','11:30:00'),(1214,68,43,14,'11:55:00','12:00:00'),(1215,68,103,15,'12:30:00','12:35:00'),(1216,68,50,16,'14:20:00','14:22:00'),(1217,68,57,17,'15:05:00','15:10:00'),(1218,68,191,18,'16:35:00','16:40:00'),(1219,68,393,19,'19:00:00','19:00:00'),(1220,69,241,1,'23:30:00','23:30:00'),(1221,69,16,2,'00:18:00','00:20:00'),(1222,69,383,3,'00:39:00','00:40:00'),(1223,69,204,4,'01:08:00','01:10:00'),(1224,69,8,5,'01:49:00','01:50:00'),(1225,69,183,6,'02:43:00','02:45:00'),(1226,69,80,7,'03:48:00','03:50:00'),(1227,69,193,8,'04:43:00','04:45:00'),(1228,69,58,9,'04:58:00','05:00:00'),(1229,69,371,10,'05:25:00','05:40:00'),(1230,69,398,11,'09:40:00','09:40:00'),(1231,70,241,1,'05:15:00','05:15:00'),(1232,70,391,2,'06:28:00','06:30:00'),(1233,70,302,3,'06:53:00','06:55:00'),(1234,70,141,4,'08:15:00','08:17:00'),(1235,70,291,5,'08:42:00','08:43:00'),(1236,70,77,6,'09:09:00','09:10:00'),(1237,70,218,7,'09:27:00','09:28:00'),(1238,70,385,8,'09:53:00','09:54:00'),(1239,70,307,9,'10:25:00','10:26:00'),(1240,70,96,10,'11:00:00','11:01:00'),(1241,70,66,11,'11:13:00','11:14:00'),(1242,70,282,12,'11:37:00','11:38:00'),(1243,70,410,13,'12:19:00','12:20:00'),(1244,70,285,14,'12:50:00','12:52:00'),(1245,70,81,15,'14:30:00','14:55:00'),(1246,70,245,16,'15:49:00','15:50:00'),(1247,70,198,17,'16:24:00','16:25:00'),(1248,70,114,18,'16:49:00','16:50:00'),(1249,70,233,19,'17:07:00','17:08:00'),(1250,70,186,20,'17:17:00','17:18:00'),(1251,70,458,21,'18:03:00','18:08:00'),(1252,70,177,22,'18:59:00','19:00:00'),(1253,70,318,23,'19:24:00','19:25:00'),(1254,70,352,24,'19:42:00','19:43:00'),(1255,70,243,25,'19:59:00','20:00:00'),(1256,70,64,26,'20:14:00','20:15:00'),(1257,70,386,27,'20:49:00','20:50:00'),(1258,70,67,28,'22:40:00','22:50:00'),(1259,70,87,29,'23:08:00','23:09:00'),(1260,70,252,30,'23:39:00','23:40:00'),(1261,70,460,31,'23:52:00','23:53:00'),(1262,70,155,32,'00:24:00','00:25:00'),(1263,70,377,33,'01:09:00','01:10:00'),(1264,70,287,34,'02:35:00','02:45:00'),(1265,70,312,35,'04:04:00','04:05:00'),(1266,70,267,36,'04:49:00','04:50:00'),(1267,70,25,37,'05:15:00','05:17:00'),(1268,70,82,38,'05:34:00','05:35:00'),(1269,70,142,39,'06:14:00','06:15:00'),(1270,70,135,40,'08:00:00','08:10:00'),(1271,70,65,41,'09:45:00','09:50:00'),(1272,70,374,42,'10:21:00','10:23:00'),(1273,70,54,43,'12:30:00','12:35:00'),(1274,70,37,44,'14:05:00','14:07:00'),(1275,70,173,45,'14:45:00','14:55:00'),(1276,70,149,46,'16:10:00','16:15:00'),(1277,70,262,47,'16:40:00','16:42:00'),(1278,70,13,48,'18:25:00','18:30:00'),(1279,70,264,49,'19:55:00','20:00:00'),(1280,70,136,50,'21:39:00','21:41:00'),(1281,70,415,51,'21:53:00','21:55:00'),(1282,70,308,52,'22:06:00','22:07:00'),(1283,70,304,53,'22:15:00','22:35:00'),(1284,70,281,54,'23:00:00','00:10:00'),(1285,70,397,55,'00:42:00','00:44:00'),(1286,70,49,56,'01:00:00','01:02:00'),(1287,70,362,57,'01:37:00','01:40:00'),(1288,70,174,58,'02:35:00','02:40:00'),(1289,70,298,59,'03:06:00','03:08:00'),(1290,70,429,60,'03:27:00','03:29:00'),(1291,70,172,61,'04:00:00','04:05:00'),(1292,70,228,62,'04:22:00','04:24:00'),(1293,70,379,63,'04:42:00','04:44:00'),(1294,70,369,64,'04:56:00','04:58:00'),(1295,70,121,65,'05:30:00','05:35:00'),(1296,70,248,66,'05:48:00','05:50:00'),(1297,70,14,67,'06:08:00','06:10:00'),(1298,70,348,68,'06:28:00','06:30:00'),(1299,70,227,69,'07:00:00','07:10:00'),(1300,70,326,70,'07:23:00','07:25:00'),(1301,70,325,71,'07:46:00','07:48:00'),(1302,70,181,72,'08:10:00','08:15:00'),(1303,70,409,73,'08:50:00','08:52:00'),(1304,70,127,74,'09:06:00','09:08:00'),(1305,70,249,75,'09:24:00','09:26:00'),(1306,70,339,76,'10:15:00','10:20:00'),(1307,70,213,77,'10:58:00','11:00:00'),(1308,70,388,78,'11:36:00','11:38:00'),(1309,70,168,79,'13:00:00','13:10:00'),(1310,70,439,80,'14:10:00','14:15:00'),(1311,70,402,81,'15:20:00','15:20:00'),(1312,71,241,1,'14:15:00','14:15:00'),(1313,71,423,2,'14:48:00','14:50:00'),(1314,71,16,3,'15:18:00','15:20:00'),(1315,71,424,4,'15:33:00','15:35:00'),(1316,71,130,5,'15:53:00','15:55:00'),(1317,71,342,6,'16:08:00','16:10:00'),(1318,71,366,7,'17:10:00','17:15:00'),(1319,71,422,8,'17:50:00','17:50:00'),(1320,72,241,1,'00:00:00','06:25:00'),(1321,72,423,2,'06:58:00','07:00:00'),(1322,72,16,3,'07:28:00','07:30:00'),(1323,72,424,4,'07:46:00','07:48:00'),(1324,72,130,5,'08:03:00','08:05:00'),(1325,72,342,6,'08:18:00','08:20:00'),(1326,72,366,7,'09:00:00','09:10:00'),(1327,72,422,8,'09:40:00','00:00:00'),(1328,73,241,1,'16:35:00','16:35:00'),(1329,73,320,2,'16:45:00','16:47:00'),(1330,73,423,3,'17:13:00','17:15:00'),(1331,73,16,4,'17:43:00','17:45:00'),(1332,73,424,5,'17:58:00','18:00:00'),(1333,73,284,6,'18:13:00','18:15:00'),(1334,73,130,7,'18:18:00','18:20:00'),(1335,73,342,8,'18:38:00','18:40:00'),(1336,73,366,9,'19:25:00','19:35:00'),(1337,73,422,10,'20:10:00','20:10:00'),(1338,74,241,1,'15:15:00','15:15:00'),(1339,74,204,2,'16:48:00','16:50:00'),(1340,74,183,3,'18:18:00','18:20:00'),(1341,74,367,4,'19:47:00','19:50:00'),(1342,74,128,5,'20:47:00','20:50:00'),(1343,74,338,6,'22:24:00','22:25:00'),(1344,74,323,7,'23:25:00','23:30:00'),(1345,74,407,8,'00:42:00','00:45:00'),(1346,74,133,9,'02:00:00','02:05:00'),(1347,74,215,10,'03:05:00','03:08:00'),(1348,74,426,11,'03:42:00','03:43:00'),(1349,74,347,12,'05:10:00','05:15:00'),(1350,74,224,13,'06:00:00','06:01:00'),(1351,74,433,14,'06:35:00','06:35:00'),(1352,75,241,1,'16:25:00','16:25:00'),(1353,75,204,2,'18:03:00','18:05:00'),(1354,75,367,3,'20:37:00','20:40:00'),(1355,75,128,4,'21:32:00','21:35:00'),(1356,75,85,5,'22:57:00','23:00:00'),(1357,75,323,6,'00:17:00','00:20:00'),(1358,75,407,7,'01:30:00','01:32:00'),(1359,75,134,8,'03:00:00','03:05:00'),(1360,75,24,9,'03:55:00','03:57:00'),(1361,75,347,10,'05:25:00','05:27:00'),(1362,75,433,11,'06:45:00','06:45:00'),(1363,76,241,1,'19:45:00','19:45:00'),(1364,76,204,2,'21:23:00','21:25:00'),(1365,76,367,3,'00:07:00','00:10:00'),(1366,76,128,4,'01:05:00','01:10:00'),(1367,76,85,5,'02:47:00','02:50:00'),(1368,76,323,6,'04:00:00','04:05:00'),(1369,76,407,7,'05:17:00','05:20:00'),(1370,76,12,8,'06:00:00','06:01:00'),(1371,76,36,9,'06:13:00','06:15:00'),(1372,76,133,10,'06:50:00','06:55:00'),(1373,76,425,11,'07:14:00','07:15:00'),(1374,76,215,12,'08:10:00','08:15:00'),(1375,76,88,13,'08:35:00','08:36:00'),(1376,76,426,14,'08:46:00','08:47:00'),(1377,76,98,15,'08:57:00','08:59:00'),(1378,76,269,16,'09:09:00','09:10:00'),(1379,76,220,17,'09:20:00','09:22:00'),(1380,76,347,18,'10:20:00','10:25:00'),(1381,76,441,19,'10:49:00','10:50:00'),(1382,76,434,20,'11:12:00','11:13:00'),(1383,76,433,21,'11:45:00','11:45:00'),(1384,77,241,1,'15:25:00','15:25:00'),(1385,77,16,2,'16:13:00','16:15:00'),(1386,77,204,3,'17:03:00','17:05:00'),(1387,77,447,4,'17:48:00','17:50:00'),(1388,77,183,5,'18:28:00','18:30:00'),(1389,77,367,6,'20:12:00','20:15:00'),(1390,77,128,7,'21:15:00','21:20:00'),(1391,77,431,8,'22:03:00','22:05:00'),(1392,77,85,9,'23:07:00','23:10:00'),(1393,77,323,10,'00:27:00','00:30:00'),(1394,77,407,11,'01:42:00','01:45:00'),(1395,77,133,12,'03:05:00','03:10:00'),(1396,77,215,13,'04:17:00','04:20:00'),(1397,77,88,14,'04:39:00','04:40:00'),(1398,77,426,15,'04:50:00','04:51:00'),(1399,77,98,16,'05:01:00','05:03:00'),(1400,77,269,17,'05:13:00','05:14:00'),(1401,77,220,18,'05:25:00','05:27:00'),(1402,77,347,19,'06:15:00','06:20:00'),(1403,77,441,20,'06:42:00','06:43:00'),(1404,77,433,21,'07:35:00','07:35:00'),(1405,78,241,1,'15:00:00','15:00:00'),(1406,78,16,2,'15:53:00','15:55:00'),(1407,78,204,3,'16:43:00','16:45:00'),(1408,78,183,4,'18:10:00','18:12:00'),(1409,78,80,5,'19:18:00','19:20:00'),(1410,78,193,6,'20:08:00','20:10:00'),(1411,78,40,7,'20:20:00','20:22:00'),(1412,78,466,8,'21:35:00','21:55:00'),(1413,78,414,9,'23:03:00','23:05:00'),(1414,78,427,10,'00:05:00','00:06:00'),(1415,78,31,11,'00:40:00','00:45:00'),(1416,78,365,12,'01:28:00','01:30:00'),(1417,78,124,13,'03:08:00','03:10:00'),(1418,78,158,14,'03:28:00','03:30:00'),(1419,78,361,15,'03:53:00','03:55:00'),(1420,78,160,16,'04:23:00','04:25:00'),(1421,78,436,17,'06:20:00','06:20:00'),(1422,79,241,1,'15:00:00','15:00:00'),(1423,79,16,2,'15:53:00','15:55:00'),(1424,79,204,3,'16:43:00','16:45:00'),(1425,79,183,4,'18:10:00','18:12:00'),(1426,79,80,5,'19:18:00','19:20:00'),(1427,79,193,6,'20:08:00','20:10:00'),(1428,79,40,7,'20:20:00','20:22:00'),(1429,79,466,8,'21:35:00','21:55:00'),(1430,79,414,9,'23:03:00','23:05:00'),(1431,79,427,10,'00:05:00','00:06:00'),(1432,79,31,11,'00:40:00','00:45:00'),(1433,79,365,12,'01:28:00','01:30:00'),(1434,79,124,13,'03:08:00','03:10:00'),(1435,79,158,14,'03:28:00','03:30:00'),(1436,79,361,15,'03:53:00','03:55:00'),(1437,79,160,16,'04:23:00','04:25:00'),(1438,79,436,17,'06:25:00','07:00:00'),(1439,79,126,18,'07:18:00','07:20:00'),(1440,79,226,19,'08:30:00','08:40:00'),(1441,79,94,20,'09:25:00','09:30:00'),(1442,79,346,21,'11:04:00','11:05:00'),(1443,79,403,22,'11:33:00','11:35:00'),(1444,79,238,23,'11:55:00','12:00:00'),(1445,79,450,24,'13:00:00','13:00:00'),(1446,80,241,1,'21:10:00','21:10:00'),(1447,80,141,2,'23:30:00','23:35:00'),(1448,80,291,3,'00:02:00','00:03:00'),(1449,80,307,4,'01:26:00','01:28:00'),(1450,80,81,5,'04:00:00','04:15:00'),(1451,80,129,6,'05:01:00','05:02:00'),(1452,80,356,7,'06:30:00','06:32:00'),(1453,80,387,8,'07:09:00','07:11:00'),(1454,80,430,9,'07:47:00','07:49:00'),(1455,80,275,10,'08:20:00','08:22:00'),(1456,80,21,11,'08:47:00','08:49:00'),(1457,80,123,12,'09:53:00','09:55:00'),(1458,80,451,13,'10:25:00','10:25:00'),(1459,81,241,1,'23:30:00','23:30:00'),(1460,81,16,2,'00:18:00','00:20:00'),(1461,81,456,3,'00:49:00','00:50:00'),(1462,81,183,4,'02:43:00','02:45:00'),(1463,81,80,5,'03:48:00','03:50:00'),(1464,81,193,6,'04:43:00','04:45:00'),(1465,81,466,7,'06:00:00','06:00:00'),(1468,4,90,50,'20:25:30','20:30:30'),(1469,4,90,50,'20:25:30','20:30:30'),(1470,4,90,50,'20:25:30','20:30:30'),(1471,4,90,50,'20:25:30','20:30:30'),(1472,4,90,50,'20:25:30','20:30:30'),(1473,4,90,50,'20:25:30','20:30:30'),(1474,4,90,50,'20:25:30','20:30:30');
/*!40000 ALTER TABLE `train_stop` ENABLE KEYS */;
UNLOCK TABLES;

--
-- Table structure for table `trainer`
--

DROP TABLE IF EXISTS `trainer`;
/*!40101 SET @saved_cs_client     = @@character_set_client */;
 SET character_set_client = utf8mb4 ;
CREATE TABLE `trainer` (
  `trainer_id` int(11) NOT NULL AUTO_INCREMENT,
  `first_name` varchar(45) DEFAULT NULL,
  `last_name` varchar(45) DEFAULT NULL,
  `gender` varchar(45) DEFAULT NULL,
  `known_courses` varchar(100) DEFAULT NULL,
  `user_name` varchar(45) DEFAULT NULL,
  `passwordd` varchar(45) DEFAULT NULL,
  PRIMARY KEY (`trainer_id`),
  UNIQUE KEY `user_name_UNIQUE` (`user_name`)
) ENGINE=InnoDB AUTO_INCREMENT=4 DEFAULT CHARSET=utf8mb4 COLLATE=utf8mb4_0900_ai_ci;
/*!40101 SET character_set_client = @saved_cs_client */;

--
-- Dumping data for table `trainer`
--

LOCK TABLES `trainer` WRITE;
/*!40000 ALTER TABLE `trainer` DISABLE KEYS */;
INSERT INTO `trainer` VALUES (1,'Radha','Devi','female','JAVA,C','Radha1234','radha'),(2,'Shalini','Shalu','female','C++','Shalu182','shalu'),(3,'Vishnu','Kumar','male','PYTHON','vishnu234','vishnu');
/*!40000 ALTER TABLE `trainer` ENABLE KEYS */;
UNLOCK TABLES;

--
-- Table structure for table `training_program_type`
--

DROP TABLE IF EXISTS `training_program_type`;
/*!40101 SET @saved_cs_client     = @@character_set_client */;
 SET character_set_client = utf8mb4 ;
CREATE TABLE `training_program_type` (
  `training_program_type_id` int(11) NOT NULL AUTO_INCREMENT,
  `name` varchar(45) DEFAULT NULL,
  PRIMARY KEY (`training_program_type_id`)
) ENGINE=InnoDB DEFAULT CHARSET=utf8mb4 COLLATE=utf8mb4_0900_ai_ci;
/*!40101 SET character_set_client = @saved_cs_client */;

--
-- Dumping data for table `training_program_type`
--

LOCK TABLES `training_program_type` WRITE;
/*!40000 ALTER TABLE `training_program_type` DISABLE KEYS */;
/*!40000 ALTER TABLE `training_program_type` ENABLE KEYS */;
UNLOCK TABLES;

--
-- Table structure for table `workshop`
--

DROP TABLE IF EXISTS `workshop`;
/*!40101 SET @saved_cs_client     = @@character_set_client */;
 SET character_set_client = utf8mb4 ;
CREATE TABLE `workshop` (
  `workshop_id` int(50) NOT NULL AUTO_INCREMENT,
  `workshop_type_id` int(11) DEFAULT NULL,
  `course_id` int(11) DEFAULT NULL,
  `workshop_date` date DEFAULT NULL,
  `training_program_type_id` int(11) DEFAULT NULL,
  `trainer_id` int(11) DEFAULT NULL,
  PRIMARY KEY (`workshop_id`),
  KEY `course_id_fk_idx` (`course_id`),
  KEY `workshop_type_id_fk_idx` (`workshop_type_id`),
  KEY `training_program_type_id_fk_idx` (`training_program_type_id`),
  KEY `trainer_id_fk_idx` (`trainer_id`),
  CONSTRAINT `course_id_fk` FOREIGN KEY (`course_id`) REFERENCES `course` (`course_id`),
  CONSTRAINT `trainer_id_fk` FOREIGN KEY (`trainer_id`) REFERENCES `trainer` (`trainer_id`),
  CONSTRAINT `training_program_type_id_fk` FOREIGN KEY (`training_program_type_id`) REFERENCES `training_program_type` (`training_program_type_id`),
  CONSTRAINT `workshop_type_id_fk` FOREIGN KEY (`workshop_type_id`) REFERENCES `workshop_type` (`workshop_type_id`)
) ENGINE=InnoDB AUTO_INCREMENT=12 DEFAULT CHARSET=utf8mb4 COLLATE=utf8mb4_0900_ai_ci;
/*!40101 SET character_set_client = @saved_cs_client */;

--
-- Dumping data for table `workshop`
--

LOCK TABLES `workshop` WRITE;
/*!40000 ALTER TABLE `workshop` DISABLE KEYS */;
INSERT INTO `workshop` VALUES (3,1,3,'2019-11-25',NULL,1),(4,1,3,'2015-02-02',NULL,2),(5,1,3,'2015-04-02',NULL,1),(6,2,5,'2020-10-14',NULL,2),(7,2,6,'2020-10-14',NULL,1),(8,1,4,'2020-01-01',NULL,2),(9,2,56,'2019-09-11',NULL,1),(10,2,5,'2019-09-14',NULL,2),(11,2,56,'2019-09-14',NULL,1);
/*!40000 ALTER TABLE `workshop` ENABLE KEYS */;
UNLOCK TABLES;

--
-- Table structure for table `workshop_enrolment`
--

DROP TABLE IF EXISTS `workshop_enrolment`;
/*!40101 SET @saved_cs_client     = @@character_set_client */;
 SET character_set_client = utf8mb4 ;
CREATE TABLE `workshop_enrolment` (
  `workshop_enrolment_id` int(11) NOT NULL AUTO_INCREMENT,
  `student_id` int(11) DEFAULT NULL,
  `workshop_id` int(11) DEFAULT NULL,
  `payment_id` int(11) DEFAULT NULL,
  PRIMARY KEY (`workshop_enrolment_id`),
  KEY `student_id_idx` (`student_id`),
  KEY `workshop_id_fk_idx` (`workshop_id`),
  KEY `payment_id_idx` (`payment_id`),
  CONSTRAINT `payment_id_fk` FOREIGN KEY (`payment_id`) REFERENCES `payment` (`payment_id`),
  CONSTRAINT `student_id_fk` FOREIGN KEY (`student_id`) REFERENCES `student` (`student_id`),
  CONSTRAINT `workshop_id_fk` FOREIGN KEY (`workshop_id`) REFERENCES `workshop` (`workshop_id`)
) ENGINE=InnoDB AUTO_INCREMENT=67 DEFAULT CHARSET=utf8mb4 COLLATE=utf8mb4_0900_ai_ci;
/*!40101 SET character_set_client = @saved_cs_client */;

--
-- Dumping data for table `workshop_enrolment`
--

LOCK TABLES `workshop_enrolment` WRITE;
/*!40000 ALTER TABLE `workshop_enrolment` DISABLE KEYS */;
INSERT INTO `workshop_enrolment` VALUES (3,1,3,NULL),(4,1,4,NULL),(9,78,3,NULL),(20,78,6,NULL),(21,78,7,NULL),(64,5,3,NULL),(65,5,6,NULL),(66,5,7,NULL);
/*!40000 ALTER TABLE `workshop_enrolment` ENABLE KEYS */;
UNLOCK TABLES;

--
-- Table structure for table `workshop_type`
--

DROP TABLE IF EXISTS `workshop_type`;
/*!40101 SET @saved_cs_client     = @@character_set_client */;
 SET character_set_client = utf8mb4 ;
CREATE TABLE `workshop_type` (
  `workshop_type_id` int(11) NOT NULL AUTO_INCREMENT,
  `mode_of_training` varchar(50) DEFAULT NULL,
  `no_of_workshops` int(5) DEFAULT NULL,
  `total_days` int(5) DEFAULT NULL,
  `total_hours` int(5) DEFAULT NULL,
  `hours_per_day` int(5) DEFAULT NULL,
  `package` varchar(10) DEFAULT NULL,
  `cost` double(10,2) DEFAULT NULL,
  PRIMARY KEY (`workshop_type_id`)
) ENGINE=InnoDB AUTO_INCREMENT=3 DEFAULT CHARSET=utf8mb4 COLLATE=utf8mb4_0900_ai_ci;
/*!40101 SET character_set_client = @saved_cs_client */;

--
-- Dumping data for table `workshop_type`
--

LOCK TABLES `workshop_type` WRITE;
/*!40000 ALTER TABLE `workshop_type` DISABLE KEYS */;
INSERT INTO `workshop_type` VALUES (1,'Class Room',30,2,10,5,'overview',2500.00),(2,'Class Room',30,3,15,5,'overview',3500.00);
/*!40000 ALTER TABLE `workshop_type` ENABLE KEYS */;
UNLOCK TABLES;
/*!40103 SET TIME_ZONE=@OLD_TIME_ZONE */;

/*!40101 SET SQL_MODE=@OLD_SQL_MODE */;
/*!40014 SET FOREIGN_KEY_CHECKS=@OLD_FOREIGN_KEY_CHECKS */;
/*!40014 SET UNIQUE_CHECKS=@OLD_UNIQUE_CHECKS */;
/*!40101 SET CHARACTER_SET_CLIENT=@OLD_CHARACTER_SET_CLIENT */;
/*!40101 SET CHARACTER_SET_RESULTS=@OLD_CHARACTER_SET_RESULTS */;
/*!40101 SET COLLATION_CONNECTION=@OLD_COLLATION_CONNECTION */;
/*!40111 SET SQL_NOTES=@OLD_SQL_NOTES */;

-- Dump completed on 2019-09-14 20:49:43
